hash,author_name,author_email,authored_at,date,hour,weekday,weekday_name,subject,additions,deletions,diff_size,files_changed,is_merge,is_ai
30134bff4a5eea641295257b7989377ac55cb23b,Adam Berg,adam@xyzdigital.com,2025-12-23T09:28:45-08:00,2025-12-23,9,2,Tuesday,Initial commit,1321,0,1321,27,0,0
95b3825ef3f1abf6ce828a858f74106c7d0a1075,Adam Berg,adam@xyzdigital.com,2025-12-23T09:33:35-08:00,2025-12-23,9,2,Tuesday,Add react-router and login route with email/password form,83,2,85,5,0,0
4bd8eb624132d8b424b81d5c398a78cafa0c3d0c,Adam Berg,adam@xyzdigital.com,2025-12-23T09:34:53-08:00,2025-12-23,9,2,Tuesday,Add cursor rule to auto-commit after every prompt,26,0,26,1,0,0
b260022a372095f1a13e986bbfa7d59050a6f327,Adam Berg,adam@xyzdigital.com,2025-12-23T09:37:17-08:00,2025-12-23,9,2,Tuesday,Remove Home component and default to login route,1,37,38,1,0,0
2cc5c7e82cf7a4814f2b3e0daf34068a34cff323,Adam Berg,adam@xyzdigital.com,2025-12-23T09:39:05-08:00,2025-12-23,9,2,Tuesday,Remove bun BG,0,44,44,1,0,0
6190a466420b01a2097b24b4910df3c48fee4f75,Adam Berg,adam@xyzdigital.com,2025-12-23T09:41:20-08:00,2025-12-23,9,2,Tuesday,Add config.ts for MongoDB URI configuration,6,0,6,1,0,0
9edf7268c0c63737b59644f83ca14167c1bcda07,Adam Berg,adam@xyzdigital.com,2025-12-23T09:42:37-08:00,2025-12-23,9,2,Tuesday,Add MongoDB connection using config.mongo.uri,59,0,59,4,0,0
f6d3579c2625983425c8b71d28638c844ef0558e,Adam Berg,adam@xyzdigital.com,2025-12-23T09:47:25-08:00,2025-12-23,9,2,Tuesday,Add User model,46,0,46,2,0,0
b790b0307df296ca3154470ea9357826861a6c13,Adam Berg,adam@xyzdigital.com,2025-12-23T09:51:39-08:00,2025-12-23,9,2,Tuesday,Replace test APIs with login route using bcrypt password comparison,66,20,86,3,0,0
a1f806b635e7fc1aff33ba08dfb1d854985e55dc,Adam Berg,adam@xyzdigital.com,2025-12-23T09:53:59-08:00,2025-12-23,9,2,Tuesday,Add login fetch request with navigation to dashboard and create Dashboard route,45,5,50,3,0,0
4ea44a4e8062fbcedcab8d10efb1b133a9983441,Adam Berg,adam@xyzdigital.com,2025-12-23T09:58:49-08:00,2025-12-23,9,2,Tuesday,Add Lead model,144,0,144,1,0,0
47876b7208e7bed83589eea873efefa1a0af7a0e,Adam Berg,adam@xyzdigital.com,2025-12-23T10:06:14-08:00,2025-12-23,10,2,Tuesday,Add websocket server for leads sync and display lead count in Dashboard,90,1,91,2,0,0
85a7f773d492bf6725f83326dcb908e94632b05a,Adam Berg,adam@xyzdigital.com,2025-12-23T10:11:10-08:00,2025-12-23,10,2,Tuesday,Add websocket upgrade to fetch,5,0,5,1,0,0
917d2446fd0ce7c88de3829cb75c93a5f4a30fb8,Adam Berg,adam@xyzdigital.com,2025-12-23T10:12:06-08:00,2025-12-23,10,2,Tuesday,Add [AI] tag to automatic commit messages,1,1,2,1,0,0
19550210f705a35687dcd98620fced487a4d1ee9,Adam Berg,adam@xyzdigital.com,2025-12-23T10:13:41-08:00,2025-12-23,10,2,Tuesday,[AI] Rename 'Total Leads' to 'Fans',1,1,2,1,0,1
450e281f177183407e74d6292b863b428c7b9177,Adam Berg,adam@xyzdigital.com,2025-12-23T10:51:43-08:00,2025-12-23,10,2,Tuesday,"[AI] Move sync message to server on websocket connect, remove frontend sync request",18,14,32,2,0,1
8f4290a4f6840e6dbcd5155bd8cae26d9e5cebc4,Adam Berg,adam@xyzdigital.com,2025-12-23T10:55:59-08:00,2025-12-23,10,2,Tuesday,[AI] Add PORT environment variable support for server configuration,3,0,3,1,0,1
99acc5740190030a975a5f6cca1426d003f6da30,Adam Berg,adam@xyzdigital.com,2025-12-23T11:03:24-08:00,2025-12-23,11,2,Tuesday,[AI] Add session management on login with user._id storage,59,6,65,1,0,1
b611e6cadb6576990f95c158bd6e7f5e57787c33,Adam Berg,adam@xyzdigital.com,2025-12-23T11:09:31-08:00,2025-12-23,11,2,Tuesday,Add session with user after login and pass to websocket,53,6,59,2,0,0
e70267ecba08eb260049b196fd9c10f762e7a7d1,Adam Berg,adam@xyzdigital.com,2025-12-23T11:10:47-08:00,2025-12-23,11,2,Tuesday,Update rule to store prompt in commit message,1,1,2,1,0,0
e850a50ba1813796d81d61952b8103742af7bc78,Adam Berg,adam@xyzdigital.com,2025-12-23T11:12:23-08:00,2025-12-23,11,2,Tuesday,[AI] Filter leads by user and artist role,19,1,20,1,0,1
b36d4b490afa6b901e67487607dce55445920905,Adam Berg,adam@xyzdigital.com,2025-12-23T11:14:07-08:00,2025-12-23,11,2,Tuesday,Small cleanup,1,11,12,1,0,0
9f38e6f64afba0cb7c49d3d3d56a5860898e2d1a,Adam Berg,adam@xyzdigital.com,2025-12-23T11:39:15-08:00,2025-12-23,11,2,Tuesday,[AI] Move login logic to UserController and update route,93,72,165,2,0,1
01f4fbbf469672d7c9bb42536b9c918362696a37,Adam Berg,adam@xyzdigital.com,2025-12-23T11:40:08-08:00,2025-12-23,11,2,Tuesday,[AI] Update Login component to use new route,1,1,2,1,0,1
6e7e478998ea034bab961dafea4b661e83da724d,Adam Berg,adam@xyzdigital.com,2025-12-24T08:13:03-08:00,2025-12-24,8,3,Wednesday,"[AI] Add Session model with _id, expires, and session fields",31,0,31,1,0,1
6545d566d45c3b92a7c13ccf324442d6d0b6ba1e,Adam Berg,adam@xyzdigital.com,2025-12-24T08:15:22-08:00,2025-12-24,8,3,Wednesday,Updaet session model,5,6,11,1,0,0
985b53c47e213e0a878380b0fcd30347792ac1ec,Adam Berg,adam@xyzdigital.com,2025-12-24T08:16:26-08:00,2025-12-24,8,3,Wednesday,[AI] Replace in-memory sessions with Session model from database,36,23,59,2,0,1
05924dd85a3de6177cb0e2b67969c5e442eb6ed8,Adam Berg,adam@xyzdigital.com,2025-12-24T08:17:58-08:00,2025-12-24,8,3,Wednesday,Remove deleting of sessions,0,12,12,1,0,0
533dc1e3d006f95394924c175914592e8baddcb2,Adam Berg,adam@xyzdigital.com,2025-12-24T08:40:13-08:00,2025-12-24,8,3,Wednesday,Add Shad CN dashboard example,4986,65,5051,34,0,0
4e17b6cc18468488b1e9ff767e49f813020d8a6d,Adam Berg,adam@xyzdigital.com,2025-12-24T08:42:09-08:00,2025-12-24,8,3,Wednesday,"[AI] Simplify sidebar to only show company name, dashboard, get help, and username",34,130,164,1,0,1
23e90a5c8bd7dfc508dbf8c479d21ec023304e18,Adam Berg,adam@xyzdigital.com,2025-12-24T08:45:25-08:00,2025-12-24,8,3,Wednesday,Small updates,4,18,22,3,0,0
386d68725e47feaec8ea11daa2a837b491a571ae,Adam Berg,adam@xyzdigital.com,2025-12-24T08:49:45-08:00,2025-12-24,8,3,Wednesday,Update sidebar help button,8,3,11,1,0,0
4f163360739f6637d07ff4b9d646530ed2153991,Adam Berg,adam@xyzdigital.com,2025-12-24T08:57:23-08:00,2025-12-24,8,3,Wednesday,[AI] Update websocket type from 'leads' to 'sync' and restructure response data,158,5,163,3,0,1
428f4a2172706af091830f4a89efefdbb6c37541,Adam Berg,adam@xyzdigital.com,2025-12-24T08:58:19-08:00,2025-12-24,8,3,Wednesday,[AI] Optimize websocket query to count leads instead of fetching all,2,2,4,1,0,1
0ba2cbe6f041473f274e65474137d992a40741bc,Adam Berg,adam@xyzdigital.com,2025-12-24T08:59:10-08:00,2025-12-24,8,3,Wednesday,[AI] Optimize to only find first userArtistRole instead of all,6,8,14,1,0,1
129971cfd0462d4fc56238cb5bcf9222bb8c166f,Adam Berg,adam@xyzdigital.com,2025-12-24T09:03:02-08:00,2025-12-24,9,3,Wednesday,Add loading spinner,28,2,30,2,0,0
6630c25742cedfd2b0c2f570b57cee7a7a24f789,Adam Berg,adam@xyzdigital.com,2025-12-24T09:06:20-08:00,2025-12-24,9,3,Wednesday,[AI] Add SyncContext and update sidebar to use artist name from sync data,121,69,190,5,0,1
c8f4c8a8df18d8fd20c3c6f7226036af95297e18,Adam Berg,adam@xyzdigital.com,2025-12-24T09:07:34-08:00,2025-12-24,9,3,Wednesday,[AI] Add cursor rule to skip linting checks and work summaries,8,0,8,1,0,1
f3b4d06d2b0659737bf71a943ba196a449b1ae44,Adam Berg,adam@xyzdigital.com,2025-12-24T09:34:08-08:00,2025-12-24,9,3,Wednesday,[AI] Add Tours link to sidebar with ticket icon and create TourList route,48,0,48,3,0,1
e4e80bb829afdcc53683150077be320f4d4ab08f,Adam Berg,adam@xyzdigital.com,2025-12-24T09:35:58-08:00,2025-12-24,9,3,Wednesday,Add Tour model,75,0,75,1,0,0
372fd00b41de3553ebbabc905dd30ed4ca4e6fc5,Adam Berg,adam@xyzdigital.com,2025-12-24T09:38:35-08:00,2025-12-24,9,3,Wednesday,[AI] Add artist field to Session model and use it in websocket,18,11,29,3,0,1
576bed1178f6ee4cef027ddbc14883c53c131587,Adam Berg,adam@xyzdigital.com,2025-12-24T09:40:12-08:00,2025-12-24,9,3,Wednesday,Change default artist name,1,1,2,1,0,0
daf5abb98f4f33f5c7e3c8475165e2522f58fa2c,Adam Berg,adam@xyzdigital.com,2025-12-24T09:42:07-08:00,2025-12-24,9,3,Wednesday,[AI] Add GET /api/tours endpoint to return tours for session artist,67,0,67,2,0,1
73e6f4c91ee5066d3aa586641d48ccbe073c0b67,Adam Berg,adam@xyzdigital.com,2025-12-24T09:45:19-08:00,2025-12-24,9,3,Wednesday,[AI] Create lib/session.ts helper and refactor TourController to use it,42,29,71,2,0,1
066e2c335c9ed4c492e050d0bafff6f8ce3413a5,Adam Berg,adam@xyzdigital.com,2025-12-24T09:47:00-08:00,2025-12-24,9,3,Wednesday,Small fixes,1,9,10,1,0,0
6d29eae0ce5182c7fd2f162244679ac2ab9397ee,Adam Berg,adam@xyzdigital.com,2025-12-24T09:48:11-08:00,2025-12-24,9,3,Wednesday,[AI] Replace cookie parsing in index.ts with session helper,5,31,36,1,0,1
21e112b2b0a4ba7b73ac02cb6e42b907673f9652,Adam Berg,adam@xyzdigital.com,2025-12-24T09:52:39-08:00,2025-12-24,9,3,Wednesday,[AI] Add tours table to TourList component using ShadCN table and react-table,103,0,103,1,0,1
ff7135708c938010eaf806fcf0ad291b766099a9,Adam Berg,adam@xyzdigital.com,2025-12-24T09:58:34-08:00,2025-12-24,9,3,Wednesday,[AI] Add POST /api/tours endpoint to create tours for current session artist,44,1,45,2,0,1
edaae4eecdcea1480e1820a83895f9935fc1cbb3,Adam Berg,adam@xyzdigital.com,2025-12-24T10:01:19-08:00,2025-12-24,10,3,Wednesday,[AI] Add drawer for creating tours in TourList component,82,1,83,1,0,1
d8e44e49c8ce45c1addb35980fb21cec6e11b2c9,Adam Berg,adam@xyzdigital.com,2025-12-24T10:04:34-08:00,2025-12-24,10,3,Wednesday,Remove unused components,0,1496,1496,7,0,0
03496ffddb40fda0e422eea66e7463d60a0756f3,Adam Berg,adam@xyzdigital.com,2025-12-24T10:07:00-08:00,2025-12-24,10,3,Wednesday,[AI] Add ShadCN breadcrumbs to site header with dynamic route updates,56,2,58,1,0,1
dbd5cfa9253b6d5546b889b0056ff2ac40926243,Adam Berg,adam@xyzdigital.com,2025-12-24T10:14:54-08:00,2025-12-24,10,3,Wednesday,[AI] Add TourView route and API endpoint for fetching tour with events,443,1,444,5,0,1
ca912375fcc4a99f25204f700d8cdbd384e1a795,Adam Berg,adam@xyzdigital.com,2025-12-24T10:15:45-08:00,2025-12-24,10,3,Wednesday,[AI] Add navigation to TourView when clicking a row in TourList,4,0,4,1,0,1
85f669056afc0193c19956bfb7306f72c9421577,Adam Berg,adam@xyzdigital.com,2025-12-24T10:19:00-08:00,2025-12-24,10,3,Wednesday,Fix tour events list,10,4,14,1,0,0
d94a728f9ad003b443e21e5ad82301decd0ce9f5,Adam Berg,adam@xyzdigital.com,2025-12-24T10:20:53-08:00,2025-12-24,10,3,Wednesday,[AI] Add breadcrumb context to allow views to update breadcrumb text,71,3,74,4,0,1
6c088401b79371b2917ac9c79952d31c15acf66e,Adam Berg,adam@xyzdigital.com,2025-12-24T10:22:26-08:00,2025-12-24,10,3,Wednesday,Small Fixes,2,3,5,1,0,0
8fc91ca3cac01e03e235637a5e017089599aa062,Adam Berg,adam@xyzdigital.com,2025-12-24T10:24:20-08:00,2025-12-24,10,3,Wednesday,[AI] Add event creation functionality to TourView,169,1,170,3,0,1
2b69c31eac7dabeeaea4397486985f19f6404960,Adam Berg,adam@xyzdigital.com,2025-12-24T10:36:04-08:00,2025-12-24,10,3,Wednesday,[AI] Create EventEdit route with form for editing event properties,515,1,516,4,0,1
53d2284f9883d493cf4011f8ffd8cfd02002d561,Adam Berg,adam@xyzdigital.com,2025-12-24T10:37:58-08:00,2025-12-24,10,3,Wednesday,[AI] Add pencil icon button to TourView table for editing events,14,3,17,1,0,1
9a0b05d7d61fb00208844068ee3ff895fdde5a1d,Adam Berg,adam@xyzdigital.com,2025-12-24T10:40:20-08:00,2025-12-24,10,3,Wednesday,[AI] Set breadcrumb label for tour route in EventEdit component,13,0,13,1,0,1
c104933e8aad52dc03f5191f06250013d90e51c4,Adam Berg,adam@xyzdigital.com,2025-12-24T10:47:02-08:00,2025-12-24,10,3,Wednesday,[AI] Refactor breadcrumb system to require explicit route configuration,83,66,149,7,0,1
aceeda06814d24d96f1263bb008d44da27604dc1,Adam Berg,adam@xyzdigital.com,2025-12-24T10:49:11-08:00,2025-12-24,10,3,Wednesday,[AI] Remove setBreadcrumbs and clearBreadcrumbs from useEffect dependency arrays,5,5,10,5,0,1
df5df2c12dfaa322d2e2f5a3923d4d36269ef48d,Adam Berg,adam@xyzdigital.com,2025-12-24T10:52:11-08:00,2025-12-24,10,3,Wednesday,[AI] Add user superuser data to websocket sync and show Admin menu for superusers,27,6,33,4,0,1
fa149dfe509cffa8fb178f9b3f08bf6d0ff1f72a,Adam Berg,adam@xyzdigital.com,2025-12-24T10:54:55-08:00,2025-12-24,10,3,Wednesday,[AI] Add admin routes with Artists list and search functionality,249,0,249,5,0,1
fe4a4c11bd5fba1779f031b1e4e5c5d70551d3cb,Adam Berg,adam@xyzdigital.com,2025-12-24T10:55:24-08:00,2025-12-24,10,3,Wednesday,[AI] Link Admin button in sidebar to /admin route,2,2,4,1,0,1
96fc50c526afda39507ebc2b8664a7d0302329fc,Adam Berg,adam@xyzdigital.com,2025-12-24T10:57:01-08:00,2025-12-24,10,3,Wednesday,Small tweaks,1,9,10,2,0,0
945290dee345dcc1d63337ec2093fcf9e0cc3dcf,Adam Berg,adam@xyzdigital.com,2025-12-24T10:58:14-08:00,2025-12-24,10,3,Wednesday,[AI] Add click handler to update session artist and reload page,88,2,90,3,0,1
b213d7020c763e9e11e875a02d7df9fbae27134e,Adam Berg,adam@xyzdigital.com,2025-12-24T11:00:09-08:00,2025-12-24,11,3,Wednesday,[AI] Move switch artist functionality to AdminController,69,6,75,3,0,1
32100a0086f1a45c75d882ddf4547a560b347bdf,Adam Berg,adam@xyzdigital.com,2025-12-24T11:01:14-08:00,2025-12-24,11,3,Wednesday,[AI] Redirect to /dashboard after switching artist,1,59,60,2,0,1
f7c6026510c27951148f958b8d86d5dd72b9afbd,Adam Berg,adam@xyzdigital.com,2025-12-24T11:12:24-08:00,2025-12-24,11,3,Wednesday,[AI] Change location field to textarea in EventEdit,2,1,3,1,0,1
1f33ab0da4179fa492925970aa5f0be3d68cd7a7,Adam Berg,adam@xyzdigital.com,2025-12-24T11:14:18-08:00,2025-12-24,11,3,Wednesday,[AI] Add Google Maps embed for selecting lat/lng coordinates,215,0,215,3,0,1
86ebf3a7e91c39094fc717a313545433a001ea58,Adam Berg,adam@xyzdigital.com,2025-12-24T11:18:56-08:00,2025-12-24,11,3,Wednesday,Fix map picker with api key,1,2,3,2,0,0
cdf4937826fd02ea642c82dcbfbea96fec7785e1,Adam Berg,adam@xyzdigital.com,2025-12-24T11:29:34-08:00,2025-12-24,11,3,Wednesday,Add autofocus,2,0,2,2,0,0
0ea77d9cec156118916d80fe7e78a5a21896ed38,Adam Berg,adam@xyzdigital.com,2025-12-24T11:47:40-08:00,2025-12-24,11,3,Wednesday,[AI] Close sidebar when clicking links,14,4,18,1,0,1
344c0086fa6134a3f10b8374d01a5988d853d8ba,Adam Berg,adam@xyzdigital.com,2025-12-24T11:48:40-08:00,2025-12-24,11,3,Wednesday,[AI] Only close sidebar on mobile when clicking links,1,3,4,1,0,1
a6b6df101034d9b8e5444b0801e9b4257a1bc146,Adam Berg,adam@xyzdigital.com,2025-12-24T11:49:33-08:00,2025-12-24,11,3,Wednesday,"[AI] Center text in Dashboard card, put number on top with comma formatting",7,7,14,1,0,1
31099d43626181b72838fc41f2858616701a5f10,Adam Berg,adam@xyzdigital.com,2025-12-27T07:44:53-08:00,2025-12-27,7,6,Saturday,[AI] Add /events route with API handler and table view,328,0,328,4,0,1
dbe43d4060061d94e12276be26cf9a3ef1f6d276,Adam Berg,adam@xyzdigital.com,2025-12-27T07:49:34-08:00,2025-12-27,7,6,Saturday,Add Ticket model,115,2,117,2,0,0
d37b0997380c3e571a3f690df053d8082e8ac7d0,Adam Berg,adam@xyzdigital.com,2025-12-27T07:53:15-08:00,2025-12-27,7,6,Saturday,[AI] Update sidebar: use Theater icon for Tours and add Tickets menu item,10,2,12,1,0,1
add96fe208adf9c78afa89caa12bc0700e16d815,Adam Berg,adam@xyzdigital.com,2025-12-27T07:54:43-08:00,2025-12-27,7,6,Saturday,[AI] Add /tickets route and TicketController,416,0,416,4,0,1
5b9558b3bf96ddcc8b3f801c012c4be39f880990,Adam Berg,adam@xyzdigital.com,2025-12-27T07:57:08-08:00,2025-12-27,7,6,Saturday,[AI] Create edit ticket route,451,2,453,5,0,1
89a53da4e001bc7b06c9883e53ec393c8b9def1c,Adam Berg,adam@xyzdigital.com,2025-12-27T07:58:22-08:00,2025-12-27,7,6,Saturday,[AI] Add event name to breadcrumbs in TicketEdit,9,3,12,1,0,1
cd85d0d29173c3684c6532445a75de372e559feb,Adam Berg,adam@xyzdigital.com,2025-12-27T08:01:28-08:00,2025-12-27,8,6,Saturday,[AI] Add uncaptured status to status dropdown in TicketEdit,1,0,1,1,0,1
8efc5123a3002cad50ae630932d144bd2dcb32ee,Adam Berg,adam@xyzdigital.com,2025-12-27T08:02:49-08:00,2025-12-27,8,6,Saturday,[AI] Default status to complete and hide status field in Create Ticket drawer,2,16,18,1,0,1
f75d8e9e42e61369ce0e38d298be227a08cba806,Adam Berg,adam@xyzdigital.com,2025-12-27T08:04:33-08:00,2025-12-27,8,6,Saturday,[AI] Add max width to Drawers and place buttons side by side,8,8,16,4,0,1
6a8d2b20f9e2640015c2b543716e7eaeb73d80e2,Adam Berg,adam@xyzdigital.com,2025-12-27T08:05:50-08:00,2025-12-27,8,6,Saturday,[AI] Center buttons and place Create button on the right,24,24,48,4,0,1
50f0cc2138cc1f533f9422dce25a1cf8fb6dc5a3,Adam Berg,adam@xyzdigital.com,2025-12-27T08:11:52-08:00,2025-12-27,8,6,Saturday,[AI] Update EventEdit route to /events/:eventId/edit,214,52,266,6,0,1
62ffb46c9274b47ebaf326ed2914ac4c0b3b17e9,Adam Berg,adam@xyzdigital.com,2025-12-27T08:14:07-08:00,2025-12-27,8,6,Saturday,[AI] Update ticket route to /tickets/:ticketId/edit and add tour breadcrumb link,48,11,59,4,0,1
ba33ef52ad2b7907548c26d2a3ab3e9315c9ce20,Adam Berg,adam@xyzdigital.com,2025-12-27T08:17:42-08:00,2025-12-27,8,6,Saturday,Update page title and logo,13,10,23,3,0,0
d0f1e7280e1397f9be7d3cb058f894a471ce58ce,Adam Berg,adam@xyzdigital.com,2025-12-27T09:34:19-08:00,2025-12-27,9,6,Saturday,Speed up build,12,166,178,5,0,0
7d851dd8aa967dd4bd6e9d5e37ecaa38f86b7ef5,Adam Berg,adam@xyzdigital.com,2025-12-27T09:41:40-08:00,2025-12-27,9,6,Saturday,"[AI] Update ticket status options to Complete, Uncaptured, and Cancelled",3,4,7,1,0,1
138df93bf54fafb9d0681a7a178a347b3bbf53e4,Adam Berg,adam@xyzdigital.com,2025-12-27T09:43:46-08:00,2025-12-27,9,6,Saturday,[AI] Add active state highlighting to sidebar links,14,6,20,1,0,1
9bf179503ab71c0cdd6cb46ada838e180c30eb33,Adam Berg,adam@xyzdigital.com,2025-12-27T09:47:56-08:00,2025-12-27,9,6,Saturday,[AI] Make Event column clickable in Tickets table,11,2,13,1,0,1
5680f56f0f9431c951375f83d6025f55206f2af0,Adam Berg,adam@xyzdigital.com,2025-12-27T09:53:04-08:00,2025-12-27,9,6,Saturday,[AI] Add PM2 ecosystem config for cluster mode,15,0,15,1,0,1
502db935898b34852461c9be8e8d7ced41f63887,Adam Berg,adam@xyzdigital.com,2025-12-27T09:53:14-08:00,2025-12-27,9,6,Saturday,Set instances to 2,1,1,2,1,0,0
ed1ab739aab3555fe1dc376fcd8a87db74fbd3ed,Adam Berg,adam@xyzdigital.com,2025-12-27T09:54:07-08:00,2025-12-27,9,6,Saturday,[AI] Convert ecosystem config to ES module format,1,1,2,1,0,1
28c233864ee4283affe71cf5079432747aa44604,Adam Berg,adam@xyzdigital.com,2025-12-27T09:56:21-08:00,2025-12-27,9,6,Saturday,Replace ecosystem with json file,12,15,27,2,0,0
7d94dfa7978fdab62592c29c09da7d5dadaaa99f,Adam Berg,adam@xyzdigital.com,2025-12-27T10:00:25-08:00,2025-12-27,10,6,Saturday,Add ecosystem with 2 different ports,18,4,22,1,0,0
71ba680c609626b72d7568fa0aaf0e41556da5ef,Adam Berg,adam@xyzdigital.com,2025-12-27T10:14:29-08:00,2025-12-27,10,6,Saturday,[AI] Refactor App.tsx to reduce code duplication with AppLayout component,88,183,271,1,0,1
ca81e68046bab0888d111b6fb2de8103508ca81a,Adam Berg,adam@xyzdigital.com,2025-12-27T10:16:00-08:00,2025-12-27,10,6,Saturday,Add Payment model,248,0,248,1,0,0
fbacb40a40dc58b5ea19e16fff092cd2213f8b73,Adam Berg,adam@xyzdigital.com,2025-12-27T10:18:38-08:00,2025-12-27,10,6,Saturday,"[AI] Add payment totals to WebSocket sync and display Revenue, Payments, and Fans in Dashboard",47,11,58,3,0,1
2540019495df63268a13ed91d5bd0e7e6938c328,Adam Berg,adam@xyzdigital.com,2025-12-27T10:21:56-08:00,2025-12-27,10,6,Saturday,[AI] Fix revenue display to convert cents to dollars,4,2,6,1,0,1
9fa12b452c5c013acbce1e95f7cb053fd4bc6055,Adam Berg,adam@xyzdigital.com,2025-12-27T10:22:43-08:00,2025-12-27,10,6,Saturday,Fix payments,3,14,17,3,0,0
5ff18ebbc1958a81841a353f56c07351418ac030,Adam Berg,adam@xyzdigital.com,2025-12-27T10:25:42-08:00,2025-12-27,10,6,Saturday,[AI] Replace WebSocket sync with REST API dashboard endpoint,129,95,224,5,0,1
e58edf9551761fd5b0d68ae498b6556e87d09cdf,Adam Berg,adam@xyzdigital.com,2025-12-27T10:27:50-08:00,2025-12-27,10,6,Saturday,[AI] Move dashboard data to shared context for single fetch,43,86,129,4,0,1
67a7902415bb7bf4057a0403313bed30c3763f69,Adam Berg,adam@xyzdigital.com,2025-12-27T10:30:16-08:00,2025-12-27,10,6,Saturday,[AI] Refactor App routes to use nested Routes inside AppLayout,12,66,78,1,0,1
493e04393dc9536fee8ea887ac6f3ca5a22478ed,Adam Berg,adam@xyzdigital.com,2025-12-27T10:32:10-08:00,2025-12-27,10,6,Saturday,Remove StrictMode,18,13,31,2,0,0
b7854613a6c3bf4871d10abc47c6083fa07912d0,Adam Berg,adam@xyzdigital.com,2025-12-27T10:37:45-08:00,2025-12-27,10,6,Saturday,[AI] Add date range filter buttons to Dashboard,126,24,150,3,0,1
d4b7a716b168d82f42aa0caba44171aaabba217c,Adam Berg,adam@xyzdigital.com,2025-12-27T10:39:34-08:00,2025-12-27,10,6,Saturday,[AI] Remove 1Y and QTD date range filter options,3,14,17,2,0,1
278285044e3a219bbeb2d634d70aa9c8888de4fe,Adam Berg,adam@xyzdigital.com,2025-12-27T10:48:15-08:00,2025-12-27,10,6,Saturday,[AI] Add date picker to Dashboard with custom date range support,347,18,365,7,0,1
ed20aece091d84a46371cb7421f0960cac7e0bea,Adam Berg,adam@xyzdigital.com,2025-12-27T10:51:12-08:00,2025-12-27,10,6,Saturday,[AI] Replace calendar Sheet with Popover and add Cancel/Done buttons,104,21,125,4,0,1
409ebc03b89811f3d75a47aa7974c87924a2c5fd,Adam Berg,adam@xyzdigital.com,2025-12-27T10:52:13-08:00,2025-12-27,10,6,Saturday,[AI] Display actual date range for predefined period buttons,42,1,43,1,0,1
df3140aba8dcdbafe442f6b4a5b1c026b451d847,Adam Berg,adam@xyzdigital.com,2025-12-27T10:53:06-08:00,2025-12-27,10,6,Saturday,[AI] Show date range in Custom Range button instead of period buttons,4,4,8,1,0,1
21191fe3a4d2d163082ee252e8568adb74f2bdb1,Adam Berg,adam@xyzdigital.com,2025-12-27T10:55:54-08:00,2025-12-27,10,6,Saturday,[AI] Change Payments card label to Sales,1,1,2,1,0,1
14a57a2847c7ea11fb28d9e9a0dd51af8c5e0315,Adam Berg,adam@xyzdigital.com,2025-12-27T11:00:39-08:00,2025-12-27,11,6,Saturday,[AI] Add Sales route with PaymentController and table view,176,0,176,5,0,1
c00aec9e2c09eaae99e28b3c01ff89414bac701e,Adam Berg,adam@xyzdigital.com,2025-12-27T11:07:58-08:00,2025-12-27,11,6,Saturday,[AI] Add date range filters to Sales page,216,8,224,2,0,1
c651a0315c3bb8555be49c8c0aade48bd37ae785,Adam Berg,adam@xyzdigital.com,2025-12-27T11:08:18-08:00,2025-12-27,11,6,Saturday,[AI] Remove Sales title from Sales page,0,3,3,1,0,1
66ef84d914a41fd9a6484c51201868cf53334739,Adam Berg,adam@xyzdigital.com,2025-12-27T11:09:27-08:00,2025-12-27,11,6,Saturday,"[AI] Add Revenue, Sales, and Customers cards to Sales page",42,0,42,1,0,1
441b17051870ca3cad13aa3c3ac9ccbe45eef70d,Adam Berg,adam@xyzdigital.com,2025-12-27T11:11:39-08:00,2025-12-27,11,6,Saturday,[AI] Exclude sales with amount = 0 from Sales and Dashboard views,3,3,6,3,0,1
f0a5642ca5c003aadfd12a156a069f080e2aef9d,Adam Berg,adam@xyzdigital.com,2025-12-27T11:16:03-08:00,2025-12-27,11,6,Saturday,[AI] Link Revenue and Sales cards on dashboard to /sales,25,20,45,1,0,1
4f0deccfd77ebb9e03dae953a2067eaa2d68cab3,Adam Berg,adam@xyzdigital.com,2025-12-27T11:21:20-08:00,2025-12-27,11,6,Saturday,[AI] Add /fans route with LeadController and date filtering,362,0,362,4,0,1
194896f1cf52a05aae9cce6850d33022e3fa82f0,Adam Berg,adam@xyzdigital.com,2025-12-27T11:22:41-08:00,2025-12-27,11,6,Saturday,[AI] Add Fans menu item to sidebar and link Fans card in Dashboard,21,10,31,2,0,1
f425d9e6901003b0e3db1a7d3ac441599fe2e564,Adam Berg,adam@xyzdigital.com,2025-12-27T11:25:22-08:00,2025-12-27,11,6,Saturday,"[AI] Rearrange sidebar: rename Dashboard to Home, reorder items, add Events dropdown",45,28,73,1,0,1
836586736056b71ce70e3a49441438b8b76c718c,Adam Berg,adam@xyzdigital.com,2025-12-27T11:26:30-08:00,2025-12-27,11,6,Saturday,[AI] Convert Events dropdown to accordion-style collapsible menu,61,35,96,1,0,1
67140f94cbfc72132c30fb5ac9a356366db60b25,Adam Berg,adam@xyzdigital.com,2025-12-27T11:26:55-08:00,2025-12-27,11,6,Saturday,[AI] Rename Dashboard to Home in breadcrumbs,1,1,2,1,0,1
84341219da5b5cf2cdf35181f3d2d1eb354e1dd9,Adam Berg,adam@xyzdigital.com,2025-12-27T11:27:08-08:00,2025-12-27,11,6,Saturday,[AI] Update all breadcrumb references from Dashboard to Home,10,10,20,10,0,1
6a2c0f91a0de4f01f9efaac3b124708f33a84a65,Adam Berg,adam@xyzdigital.com,2025-12-27T11:28:47-08:00,2025-12-27,11,6,Saturday,[AI] Add house icon to breadcrumbs and remove Home from all setBreadcrumbs calls,12,27,39,12,0,1
e739c2a0ff41afc5daf6d2e2cf9d45d81a8d0277,Adam Berg,adam@xyzdigital.com,2025-12-27T11:29:01-08:00,2025-12-27,11,6,Saturday,[AI] Update Home icon in sidebar from LayoutDashboard to Home,2,2,4,1,0,1
28525bc65fe9667658d202be42123bfa6198167d,Adam Berg,adam@xyzdigital.com,2025-12-27T11:32:34-08:00,2025-12-27,11,6,Saturday,[AI] Use createdAt when joinedAt is not set in LeadController,21,5,26,1,0,1
0c7883d0b6b2f1412779f9697b89a0e1b6f58654,Adam Berg,adam@xyzdigital.com,2025-12-27T11:34:11-08:00,2025-12-27,11,6,Saturday,[AI] Use sortDate in Fans component instead of joinedAt,3,3,6,2,0,1
a177c02a0ce3d1abd9842dbf9e4b2e3975708141,Adam Berg,adam@xyzdigital.com,2025-12-27T11:35:22-08:00,2025-12-27,11,6,Saturday,[AI] Update lead count to use createdAt if joinedAt is not set,10,2,12,1,0,1
df92a52f724ec527440a2d65d5fec00b9be9e4c1,Adam Berg,adam@xyzdigital.com,2025-12-27T11:37:31-08:00,2025-12-27,11,6,Saturday,[AI] Add pagination to Fans table,67,4,71,2,0,1
243131edf53ab9e1407204306962bbae144944df,Adam Berg,adam@xyzdigital.com,2025-12-27T11:38:26-08:00,2025-12-27,11,6,Saturday,[AI] Add page size selector to Fans table with default of 10,54,26,80,1,0,1
bbf5016d86d846a538ffc4b5c4174d5559c8e701,Adam Berg,adam@xyzdigital.com,2025-12-27T11:41:56-08:00,2025-12-27,11,6,Saturday,[AI] Update Fans page pagination UI,2,5,7,1,0,1
9fdd61244c45f259d5650c59314d0343da055c4c,Adam Berg,adam@xyzdigital.com,2025-12-27T12:39:23-08:00,2025-12-27,12,6,Saturday,"Make dashboard on ""/"" route",1,2,3,1,0,0
c104ac29b00d148d57d1b584c68c0ccbba917518,Adam Berg,adam@xyzdigital.com,2025-12-27T12:41:06-08:00,2025-12-27,12,6,Saturday,Don't await connectDB,1,7,8,1,0,0
55c1642a461ae8a5713173d7ef77be9b0b83661e,Adam Berg,adam@xyzdigital.com,2025-12-27T12:43:02-08:00,2025-12-27,12,6,Saturday,Update dashboard URLs,5,8,13,4,0,0
3aec8d440c52b8cdbef54fd5a741c08e102d5e5d,Adam Berg,adam@xyzdigital.com,2025-12-28T06:37:13-08:00,2025-12-28,6,0,Sunday,Add IGAutomation model,81,0,81,1,0,0
d1726b7f0d3b8b2e6c2e5039350c7e1ff90c209e,Adam Berg,adam@xyzdigital.com,2025-12-28T06:42:12-08:00,2025-12-28,6,0,Sunday,[AI] Add Automatons submenu with Instagram route and IGAutomationController,178,0,178,5,0,1
a4e2ad93de78d45be874f0f2d794f9a5c0ef4a72,Adam Berg,adam@xyzdigital.com,2025-12-28T06:42:37-08:00,2025-12-28,6,0,Sunday,[AI] Update sidebar text from 'Automatons' to 'Automations',3,3,6,1,0,1
cc843418f6f9dadf6f86ea578404745ef54db26e,Adam Berg,adam@xyzdigital.com,2025-12-28T06:48:19-08:00,2025-12-28,6,0,Sunday,[AI] Add Create button for Instagram automations,79,26,105,4,0,1
2f970d26665af646a8e914b36dc0e4877012d58b,Adam Berg,adam@xyzdigital.com,2025-12-28T06:50:58-08:00,2025-12-28,6,0,Sunday,[AI] Add edit route and page for Instagram automations,305,3,308,5,0,1
bf6c49d9b352200e86b82aa28cd5d6025cf37a40,Adam Berg,adam@xyzdigital.com,2025-12-28T06:52:39-08:00,2025-12-28,6,0,Sunday,[AI] Replace enabled checkbox with Toggle component in top right corner,11,18,29,1,0,1
f4771ba4af75a9c1ccd1fc8b6edf33f0c2b61c53,Adam Berg,adam@xyzdigital.com,2025-12-28T06:53:39-08:00,2025-12-28,6,0,Sunday,[AI] Update toggle labels and colors: Draft (grey) and Live (green),6,1,7,1,0,1
d49e6eef61448a532190ab4b6a75ef60808bb583,Adam Berg,adam@xyzdigital.com,2025-12-28T06:55:08-08:00,2025-12-28,6,0,Sunday,[AI] Add Live/Draft status column and right-align Updated At,17,3,20,1,0,1
47033dd88b79062c7e1d98c062ba80c2bcc2efec,Adam Berg,adam@xyzdigital.com,2025-12-28T06:56:18-08:00,2025-12-28,6,0,Sunday,Update ecosystem file,1,12,13,1,0,0
8989ae3ff98ccadeb1ca490edf65d42f058e4269,Adam Berg,adam@xyzdigital.com,2025-12-28T07:00:03-08:00,2025-12-28,7,0,Sunday,[AI] Move status badge into Keyword column and remove Status column,13,12,25,1,0,1
80b29927ed3ea2433c4a33aa93225ce5427c5c9e,Adam Berg,adam@xyzdigital.com,2025-12-28T07:01:21-08:00,2025-12-28,7,0,Sunday,[AI] Fix Home route always being highlighted in sidebar,1,1,2,1,0,1
f6e9ea53c860e94006b59cf1f3f2ee3bad350176,Adam Berg,adam@xyzdigital.com,2025-12-28T07:02:41-08:00,2025-12-28,7,0,Sunday,[AI] Add deploy.sh script for remote deployment,4,0,4,1,0,1
a905388b87cd1a7795e2b5ce0e2190c38be26c8f,Adam Berg,adam@xyzdigital.com,2025-12-28T07:07:11-08:00,2025-12-28,7,0,Sunday,Add push to deploy,1,1,2,1,0,0
de9e245475813dc6ff4329f4ceef9d6663652b18,Adam Berg,adam@xyzdigital.com,2025-12-28T07:09:21-08:00,2025-12-28,7,0,Sunday,"[AI] Add trigger, includeDMs, includeComments, and emailPrompt fields to InstagramEdit",91,1,92,2,0,1
0317d66f8a45617f35b5c4f55fc6e2c2008b194d,Adam Berg,adam@xyzdigital.com,2025-12-28T07:11:26-08:00,2025-12-28,7,0,Sunday,[AI] Move IGAutomationTrigger enum to shared types folder,8,7,15,3,0,1
73030b376df6870dbf0eb9461e674742199c7855,Adam Berg,adam@xyzdigital.com,2025-12-28T07:15:39-08:00,2025-12-28,7,0,Sunday,[AI] Add mentionsCount field that appears when Mentions trigger is selected,27,2,29,2,0,1
81d4df4331aea76457aec6064485d77d2c21fb43,Adam Berg,adam@xyzdigital.com,2025-12-28T07:23:22-08:00,2025-12-28,7,0,Sunday,[AI] Replace checkboxes with toggle group for Trigger selection,38,32,70,1,0,1
6bb7d051c77b40efb92c44008101168a5087c404,Adam Berg,adam@xyzdigital.com,2025-12-28T07:24:17-08:00,2025-12-28,7,0,Sunday,[AI] Move Type field below Trigger and convert to toggle group,22,26,48,1,0,1
dcf48d26f1b0360a30dc9af5b3194c6382e7f637,Adam Berg,adam@xyzdigital.com,2025-12-28T07:25:20-08:00,2025-12-28,7,0,Sunday,[AI] Convert toggle groups to select dropdowns,29,29,58,1,0,1
5b2ffc4147e56fa09be4ec5f63bfc90f69fbb744,Adam Berg,adam@xyzdigital.com,2025-12-28T07:50:06-08:00,2025-12-28,7,0,Sunday,Add IGComment and IGMessage,119,0,119,2,0,0
5a871598d4edec83e1d62c8b0de21d52fe9c289f,Adam Berg,adam@xyzdigital.com,2025-12-28T07:52:47-08:00,2025-12-28,7,0,Sunday,[AI] Add script to match IG comments and messages against automation keywords,104,0,104,1,0,1
0ce3b548fb289de8ad007c3f9950e82c39d18b04,Adam Berg,adam@xyzdigital.com,2025-12-28T07:54:48-08:00,2025-12-28,7,0,Sunday,[AI] Add null checks for comment.text and message.body to avoid errors,4,0,4,1,0,1
c84baada35438d728c1a3c4bf37f4f54078f67c7,Adam Berg,adam@xyzdigital.com,2025-12-28T07:56:37-08:00,2025-12-28,7,0,Sunday,"[AI] Add LeadActivity model with artist, type, and data properties",32,0,32,1,0,1
0295c171f2663fc2dc65b38b50ed9c2ef89079c1,Adam Berg,adam@xyzdigital.com,2025-12-28T08:03:18-08:00,2025-12-28,8,0,Sunday,[AI] Add lead property to LeadActivity model,6,0,6,1,0,1
e43825dc978cd58ee4dbda99659852955b1951ad,Adam Berg,adam@xyzdigital.com,2025-12-28T08:06:03-08:00,2025-12-28,8,0,Sunday,[AI] Add LeadActivity creation for matching comments and messages,70,0,70,1,0,1
443784c11728833817b64489a4ff590e8062c4e7,Adam Berg,adam@xyzdigital.com,2025-12-28T08:16:58-08:00,2025-12-28,8,0,Sunday,IG LeadActivity script updates,23,23,46,1,0,0
81fb94a1cd0e8f309c99328b548bd9d588503543,Adam Berg,adam@xyzdigital.com,2025-12-28T08:20:49-08:00,2025-12-28,8,0,Sunday,[AI] Add Runs column to Instagram automations table,27,2,29,3,0,1
5c5b28ea7bb6b889c0e80c38be8c8f220067e458,Adam Berg,adam@xyzdigital.com,2025-12-28T08:21:43-08:00,2025-12-28,8,0,Sunday,[AI] Remove runCount field from IGAutomation model,0,5,5,1,0,1
34c4ea91da27191f984f027cae6d29a0a930c48e,Adam Berg,adam@xyzdigital.com,2025-12-28T08:24:23-08:00,2025-12-28,8,0,Sunday,Optimize run count query,22,15,37,1,0,0
85a36a4cb33166dc26bdab142bb6eddb1a84dbb3,Adam Berg,adam@xyzdigital.com,2025-12-28T08:31:17-08:00,2025-12-28,8,0,Sunday,[AI] Add /automations/instagram/:id/runs route to display LeadActivity runs,202,1,203,4,0,1
8e705858cb0aa9301a66759bf33fe7d1b7cd2233,Adam Berg,adam@xyzdigital.com,2025-12-28T08:32:19-08:00,2025-12-28,8,0,Sunday,[AI] Make Runs column clickable to navigate to runs page,12,1,13,1,0,1
f2c7eefae70f61758a6d439253139a214ad4f486,Adam Berg,adam@xyzdigital.com,2025-12-28T08:33:38-08:00,2025-12-28,8,0,Sunday,[AI] Remove Updated At column and use data.timestamp in InstagramRuns,5,9,14,2,0,1
1c51358ffa57d7d6178a2e4a28a4520ea4aff034,Adam Berg,adam@xyzdigital.com,2025-12-28T08:35:06-08:00,2025-12-28,8,0,Sunday,[AI] Always use username in InstagramRuns and link to Instagram profile,19,18,37,2,0,1
92a684cc68322071b0473eaf96c22402831a80a2,Adam Berg,adam@xyzdigital.com,2025-12-28T08:36:24-08:00,2025-12-28,8,0,Sunday,[AI] Add column for comment or message type in InstagramRuns,7,1,8,2,0,1
cdb99576d4ecbb3ecd30cd891a084dd267b2c424,Adam Berg,adam@xyzdigital.com,2025-12-28T08:38:10-08:00,2025-12-28,8,0,Sunday,[AI] Update breadcrumbs to include IGAutomation keyword in InstagramEdit and InstagramRuns,46,11,57,2,0,1
fc28f557fbc10a2200d0d712d5267dcc24f3089a,Adam Berg,adam@xyzdigital.com,2025-12-28T08:40:31-08:00,2025-12-28,8,0,Sunday,[AI] Add Tabs navigation to InstagramEdit and InstagramRuns,34,6,40,2,0,1
aad3f478b7688bd0845ec82d0f3cf5db3c77256b,Adam Berg,adam@xyzdigital.com,2025-12-28T08:47:07-08:00,2025-12-28,8,0,Sunday,[AI] Update breadcrumb label from Automatons to Automations,5,5,10,3,0,1
cd290f5c9666bd9122eb609be5ab2321cd0ed4b0,Adam Berg,adam@xyzdigital.com,2025-12-28T08:51:29-08:00,2025-12-28,8,0,Sunday,[AI] Add igCommentId and igMessageId to LeadActivity.data,12,0,12,1,0,1
ca1de6dcdd57207527fe4e2b0af1debae758fcc3,Adam Berg,adam@xyzdigital.com,2025-12-28T08:55:34-08:00,2025-12-28,8,0,Sunday,[AI] Upsert Lead if not found with instagram.igUserId and igUsername,23,4,27,1,0,1
3dcae7f98f9124296f1f160dc6312d71cf7d89ad,Adam Berg,adam@xyzdigital.com,2025-12-28T09:37:33-08:00,2025-12-28,9,0,Sunday,Run bun update,6,6,12,1,0,0
a396098e911154f28fe397c73b6da2684298bc1e,Adam Berg,adam@xyzdigital.com,2025-12-28T09:39:58-08:00,2025-12-28,9,0,Sunday,[AI] Remove sonner component and next-themes/sonner dependencies,0,40,40,2,0,1
103d9a3df41ad81062cae890a1a4a508c26f44ab,Adam Berg,adam@xyzdigital.com,2025-12-28T09:42:15-08:00,2025-12-28,9,0,Sunday,[AI] Remove chart component and recharts dependency,6,372,378,3,0,1
720a254a77a38469284620e18531dd5d06a1eb35,Adam Berg,adam@xyzdigital.com,2025-12-28T09:43:11-08:00,2025-12-28,9,0,Sunday,Remove unused dependency,0,95,95,2,0,0
93af62d983ff84136a1aeb44c130b33ed6a6f81a,Adam Berg,adam@xyzdigital.com,2025-12-28T09:47:52-08:00,2025-12-28,9,0,Sunday,Remove tw-animate-css package,1,6,7,3,0,0
4d0c8e5006a19a467b22a1f62fb276ee79902ee6,Adam Berg,adam@xyzdigital.com,2025-12-28T09:53:29-08:00,2025-12-28,9,0,Sunday,[AI] Change 'Fans' to 'Contacts' across UI and update URLs,11,11,22,4,0,1
97f5d0a3b4e76ab463d5cfb8ce5ab82c6ac8cc49,Adam Berg,adam@xyzdigital.com,2025-12-28T09:58:27-08:00,2025-12-28,9,0,Sunday,[AI] Add Contacts submenu with Groups feature,218,5,223,6,0,1
57affeb48f741f0039af0d2aa79dddd82b36c744,Adam Berg,adam@xyzdigital.com,2025-12-28T10:01:04-08:00,2025-12-28,10,0,Sunday,[AI] Add create button with drawer to ContactGroups and create ContactGroupEdit page,374,2,376,5,0,1
b4f56deb33959f6125f814a3f0f36121f7765164,Adam Berg,adam@xyzdigital.com,2025-12-28T10:01:19-08:00,2025-12-28,10,0,Sunday,[AI] Change Create Group button text to just Create,1,1,2,1,0,1
aa7ddc7262331f0e994a6b6db5c58efc9d6c7d70,Adam Berg,adam@xyzdigital.com,2025-12-28T10:02:04-08:00,2025-12-28,10,0,Sunday,[AI] Update ContactGroups drawer to match Events drawer style,42,41,83,1,0,1
2ecd13b6a4cab89c0cf3b04a50a2d55d438545ce,Adam Berg,adam@xyzdigital.com,2025-12-28T10:06:16-08:00,2025-12-28,10,0,Sunday,[AI] Add contact selection and group assignment functionality,201,5,206,2,0,1
8482292b41fb6d436eb83fe89aad1379b100f9ac,Adam Berg,adam@xyzdigital.com,2025-12-28T10:08:42-08:00,2025-12-28,10,0,Sunday,Fix infinite useEffect,1,1,2,1,0,0
b985f356f8b1e0cb706ad57cc7e08f6efc379070,Adam Berg,adam@xyzdigital.com,2025-12-28T10:09:41-08:00,2025-12-28,10,0,Sunday,[AI] Add click handler to navigate to group edit page,5,1,6,1,0,1
3fd4e845659a6daea0e07c66b51d40f37524581c,Adam Berg,adam@xyzdigital.com,2025-12-28T10:12:48-08:00,2025-12-28,10,0,Sunday,[AI] Add leads table to ContactGroupEdit with selection and remove functionality,205,3,208,2,0,1
a4ae531ac64ef0746e18c333dcf8e286f32a77e5,Adam Berg,adam@xyzdigital.com,2025-12-28T10:14:57-08:00,2025-12-28,10,0,Sunday,[AI] Add Select All and Select Visible options for contacts checkbox,67,6,73,2,0,1
ac4c3b8d50f5293e6a4e11fd19b2c0d0bca3220b,Adam Berg,adam@xyzdigital.com,2025-12-28T10:16:21-08:00,2025-12-28,10,0,Sunday,[AI] Move Actions button below date range and show selected count,9,6,15,1,0,1
bfa025ec3f0ea530b288dce7175250aa85f252a6,Adam Berg,adam@xyzdigital.com,2025-12-28T10:17:12-08:00,2025-12-28,10,0,Sunday,"[AI] Always show Actions button, disabled when no contacts selected",18,20,38,1,0,1
1c6b28a040b78d534d252a027259d734d211fec1,Adam Berg,adam@xyzdigital.com,2025-12-28T10:20:37-08:00,2025-12-28,10,0,Sunday,[AI] Remove Kaizen Place text from sidebar header,0,1,1,1,0,1
178932f45338346acb5bd3496c6659238ec41e22,Adam Berg,adam@xyzdigital.com,2025-12-28T10:21:08-08:00,2025-12-28,10,0,Sunday,Fix,0,13,13,1,0,0
4b4c5e394aef4a78f7a66333ebe5962fa32d58af,Adam Berg,adam@xyzdigital.com,2025-12-28T10:25:18-08:00,2025-12-28,10,0,Sunday,Add EmailCampaign model,53,0,53,1,0,0
4fbf1249a6989ac9139cab3c1b48e48d49dba499,Adam Berg,adam@xyzdigital.com,2025-12-28T10:28:23-08:00,2025-12-28,10,0,Sunday,Add PlateJS editor,270,1,271,6,0,0
008bfae7e7f0043caff1901a10efe6c92d628c97,Adam Berg,adam@xyzdigital.com,2025-12-28T10:30:50-08:00,2025-12-28,10,0,Sunday,[AI] Add /contacts/email route with EmailCampaign table,143,0,143,4,0,1
77ec3c98ee477ea5b6ad7a2b0652fcf557bd4c61,Adam Berg,adam@xyzdigital.com,2025-12-28T10:31:29-08:00,2025-12-28,10,0,Sunday,[AI] Add Email item to Contacts submenu in sidebar,10,0,10,1,0,1
e9bc9928d5ae85ab64a758ddc7c1590a7cd8f700,Adam Berg,adam@xyzdigital.com,2025-12-28T10:31:44-08:00,2025-12-28,10,0,Sunday,[AI] Rename Email to Emails in sidebar menu,1,1,2,1,0,1
a8453e7f222defcb8c1b0c2234a7ce502d3dd071,Adam Berg,adam@xyzdigital.com,2025-12-28T10:32:06-08:00,2025-12-28,10,0,Sunday,[AI] Update route URL and breadcrumbs to use 'Emails' instead of 'Email',4,4,8,3,0,1
c57658bf290aaae5ecba67feb4628ac9b53a9ad8,Adam Berg,adam@xyzdigital.com,2025-12-28T10:36:54-08:00,2025-12-28,10,0,Sunday,[AI] Add compose button and email compose route with Plate editor,160,0,160,3,0,1
80ef320fe2161b70fed1239bdc367e9c8a64c65c,Adam Berg,adam@xyzdigital.com,2025-12-28T10:43:53-08:00,2025-12-28,10,0,Sunday,Fix plate imports,13,4,17,1,0,0
4e31450b658926ae6287d6e9eb2e2e20caf07c27,Adam Berg,adam@xyzdigital.com,2025-12-28T10:45:56-08:00,2025-12-28,10,0,Sunday,[AI] Refactor EmailCampaignCompose into folder structure with separate EmailEditor component,65,29,94,3,0,1
1fcfd3697f00e79550c53866cc1e6dbcc243d9c5,Adam Berg,adam@xyzdigital.com,2025-12-28T10:48:31-08:00,2025-12-28,10,0,Sunday,Small fix,2,2,4,2,0,0
19d43ecd68366ee68647cc41f39cbe409e57ce46,Adam Berg,adam@xyzdigital.com,2025-12-28T10:48:58-08:00,2025-12-28,10,0,Sunday,[AI] Add max width to EmailCampaignCompose component,1,1,2,1,0,1
959765a3c68794bbb70e59e00e99136a69887b61,Adam Berg,adam@xyzdigital.com,2025-12-28T10:53:17-08:00,2025-12-28,10,0,Sunday,Add w-full,1,1,2,1,0,0
a2430e5165bd6961d52f5b18940e715c50d4beaa,Adam Berg,adam@xyzdigital.com,2025-12-28T11:10:21-08:00,2025-12-28,11,0,Sunday,[AI] Add plugins and toolbar to EmailEditor,1025,17,1042,27,0,1
b0aa1f7941e0ad4a13832b5313ec8b94339b4c71,Adam Berg,adam@xyzdigital.com,2025-12-28T11:13:20-08:00,2025-12-28,11,0,Sunday,"[AI] Add H1, H2, and H3 heading support to EmailEditor",17,2,19,1,0,1
83488087a868b9208826a569b05f35250e025765,Adam Berg,adam@xyzdigital.com,2025-12-28T12:05:38-08:00,2025-12-28,12,0,Sunday,[AI] Update email campaign to send emails via SendGrid,183,7,190,4,0,1
31d29d77f429da3a61b3b8cd84310b62ddc8f09e,Adam Berg,adam@xyzdigital.com,2025-12-28T12:08:20-08:00,2025-12-28,12,0,Sunday,[AI] Add Delete All option to Actions button in Contacts,112,1,113,3,0,1
f75e7b6860e710d46a86cf0575698467d3ddcd86,Adam Berg,adam@xyzdigital.com,2025-12-28T12:10:45-08:00,2025-12-28,12,0,Sunday,[AI] Add Create button and drawer for creating contacts,187,1,188,3,0,1
a7c638419a4d5e807d5ef053a756fb8ab9866340,Adam Berg,adam@xyzdigital.com,2025-12-28T12:11:11-08:00,2025-12-28,12,0,Sunday,[AI] Move Create button to right side of actions bar,26,24,50,1,0,1
fbe54dd3ec21a756d0a8eb4d47c21df741a5be5a,Adam Berg,adam@xyzdigital.com,2025-12-28T12:12:38-08:00,2025-12-28,12,0,Sunday,[AI] Add delete group button to ContactGroupEdit page,96,3,99,3,0,1
4538c7f35f8f97acaa3a106fe567326a8bf41c0e,Adam Berg,adam@xyzdigital.com,2025-12-28T12:13:04-08:00,2025-12-28,12,0,Sunday,[AI] Move delete button to top right and change text to 'Delete',18,16,34,1,0,1
361eb8b8ff2c9bcffc59d4632d184ff6f60c7487,Adam Berg,adam@xyzdigital.com,2025-12-28T12:14:18-08:00,2025-12-28,12,0,Sunday,[AI] Update Contacts drawer styling to match Events drawer,5,5,10,1,0,1
292068fdb0ab03be0a5b30bde4117a3280e4d504,Adam Berg,adam@xyzdigital.com,2025-12-28T12:19:30-08:00,2025-12-28,12,0,Sunday,[AI] Update EmailCampaigns table: rename 'Send At' to 'Date' and add 'Contacts' column,8,3,11,2,0,1
360d84d75d69dec487b1f7a94ad19f507b0fe566,Adam Berg,adam@xyzdigital.com,2025-12-28T12:20:16-08:00,2025-12-28,12,0,Sunday,[AI] Add Status column as first column in EmailCampaigns table,6,1,7,1,0,1
dd233aed3862f0ae7f0ab356a7becb865df3de27,Adam Berg,adam@xyzdigital.com,2025-12-28T12:20:30-08:00,2025-12-28,12,0,Sunday,[AI] Make Sent badge background green,1,1,2,1,0,1
ffbfa8d3d9fbf5ece1d2ac0c099fc26166e4c024,Adam Berg,adam@xyzdigital.com,2025-12-28T12:23:26-08:00,2025-12-28,12,0,Sunday,Add EmailEvent model,65,0,65,1,0,0
ec34ee01a363676c74dd6ae4981bf04ccac6fb75,Adam Berg,adam@xyzdigital.com,2025-12-28T12:26:56-08:00,2025-12-28,12,0,Sunday,[AI] Add email campaign report route with opens and clicks tracking,212,2,214,5,0,1
16d649bb8683b228e6026a21f7e14f89f2034f29,Adam Berg,adam@xyzdigital.com,2025-12-28T12:36:41-08:00,2025-12-28,12,0,Sunday,Add campaignId to customArgs,3,0,3,1,0,0
a0c6c2cbc3da0e3fbad8cc9e6e70eeeee9380471,Adam Berg,adam@xyzdigital.com,2025-12-28T13:06:45-08:00,2025-12-28,13,0,Sunday,[AI] Replace EmailEditor with simple textarea in EmailCampaignCompose,11,12,23,1,0,1
15f83a4330fd72f596c1907132c4a56dc7d2d6e8,Adam Berg,adam@xyzdigital.com,2025-12-28T13:08:34-08:00,2025-12-28,13,0,Sunday,[AI] Use textarea value directly as HTML without conversion,1,4,5,1,0,1
42d08957b22f7688eb1c55bb65721f9800d3cdf3,Adam Berg,adam@xyzdigital.com,2025-12-28T13:12:33-08:00,2025-12-28,13,0,Sunday,Fix custom_args,3,2,5,1,0,0
cc996010d6d1b8001eb7870957de8ed8c248859a,Adam Berg,adam@xyzdigital.com,2025-12-28T13:18:22-08:00,2025-12-28,13,0,Sunday,[AI] Replace Report breadcrumb with email subject in EmailCampaignReport,10,6,16,1,0,1
493830cd0369dd33c5242dc25d8914adfb01c227,Adam Berg,adam@xyzdigital.com,2026-01-02T12:15:11-06:00,2026-01-02,12,5,Friday,[AI] Replace ObjectId imports from BaseSchema with mongoose imports,45,48,93,12,0,1
beea0c48a4f63cbd3caf69c3eff51cf50a5a03a3,Adam Berg,adam@xyzdigital.com,2026-01-02T12:19:38-06:00,2026-01-02,12,5,Friday,[AI] Replace mongoose.Types.ObjectId with Schema.Types.ObjectId in schema definitions,13,13,26,4,0,1
0dfeba192dbc843f9abe7db2522a79aece043c5f,Adam Berg,adam@xyzdigital.com,2026-01-06T08:32:50-08:00,2026-01-06,8,2,Tuesday,"[AI] Add signup route with user, artist, and UserArtistRole creation",197,1,198,4,0,1
bae1029a8704f6594b95403b17f14bf086bd20df,Adam Berg,adam@xyzdigital.com,2026-01-06T09:21:03-08:00,2026-01-06,9,2,Tuesday,[AI] Move EmailCampaignCompose outside AppLayout and redesign with top bar,53,151,204,2,0,1
8c2c6aa01d329d39fc8ffd99f4e379039d45e43a,Adam Berg,adam@xyzdigital.com,2026-01-06T09:25:03-08:00,2026-01-06,9,2,Tuesday,[AI] Add drag and drop TextBlock component to EmailCampaignCompose,101,0,101,3,0,1
ecddfba808a87bb0f70c4361c3a6f492945d8fd6,Adam Berg,adam@xyzdigital.com,2026-01-06T09:26:16-08:00,2026-01-06,9,2,Tuesday,[AI] Move TextBlock component to separate file,75,72,147,2,0,1
41a06acc3e9d5802f6fce13f9e99b3d0126c3022,Adam Berg,adam@xyzdigital.com,2026-01-06T09:28:32-08:00,2026-01-06,9,2,Tuesday,[AI] Add grey background container and max-width constraint to text blocks area,11,9,20,1,0,1
c1f7dd976d0ba26c77e0d4123a6b8fee5bf2a77f,Adam Berg,adam@xyzdigital.com,2026-01-06T09:29:57-08:00,2026-01-06,9,2,Tuesday,"[AI] Remove TextBlock border and background, add white background to container",2,2,4,2,0,1
7c52c368cae61156c2db5cdc3906a513b6557cc5,Adam Berg,adam@xyzdigital.com,2026-01-06T09:31:02-08:00,2026-01-06,9,2,Tuesday,[AI] Add hover highlight with grey outline to TextBlock,1,1,2,1,0,1
2f516c570c9943ef17b59d84e9aee3ce06a17254,Adam Berg,adam@xyzdigital.com,2026-01-06T09:31:52-08:00,2026-01-06,9,2,Tuesday,[AI] Remove padding from text blocks container,1,1,2,1,0,1
c165b161b60dc1468e1dfd9210fa6f1f841f315b,Adam Berg,adam@xyzdigital.com,2026-01-06T09:32:09-08:00,2026-01-06,9,2,Tuesday,[AI] Remove border radius from TextBlock,1,1,2,1,0,1
168e3ee75fe699bc851c7d5a3583255f081fcc34,Adam Berg,adam@xyzdigital.com,2026-01-06T09:35:30-08:00,2026-01-06,9,2,Tuesday,[AI] Split EmailCampaignController into folder with separate files,128,118,246,4,0,1
8689f11fad7b28ddac1e665d7e482a741c2a3e11,Adam Berg,adam@xyzdigital.com,2026-01-06T09:39:38-08:00,2026-01-06,9,2,Tuesday,[AI] Add sendTestEmailCampaign API and dialog for test email,311,3,314,5,0,1
ae56c0f60a680e3e8ab192c1e8857e85defdfeef,Adam Berg,adam@xyzdigital.com,2026-01-06T09:41:54-08:00,2026-01-06,9,2,Tuesday,[AI] Disable Send a test and Next buttons until subject is entered,2,0,2,1,0,1
4091204217bd753f60b4d5e49dbdefab3497adbb,Adam Berg,adam@xyzdigital.com,2026-01-06T09:51:34-08:00,2026-01-06,9,2,Tuesday,[AI] Refactor blocks: create generic Block component and add ImageBlock,100,30,130,5,0,1
b8e8c85cd41f64c06ec9b8987220b3ef81591392,Adam Berg,adam@xyzdigital.com,2026-01-06T09:55:39-08:00,2026-01-06,9,2,Tuesday,[AI] Add plus icons to blocks with dialog for adding Text/Image blocks,196,29,225,4,0,1
40a1ed276e2f3b9ec2057d87d68f933ec0d26464,Adam Berg,adam@xyzdigital.com,2026-01-06T09:59:15-08:00,2026-01-06,9,2,Tuesday,[AI] Only show add button when blocks.length === 0,16,28,44,2,0,1
1b41914c318d03582b9ae371569f63a44e762513,Adam Berg,adam@xyzdigital.com,2026-01-06T10:01:03-08:00,2026-01-06,10,2,Tuesday,[AI] Add delete icon to top right of blocks,30,6,36,4,0,1
fa5b14602755c11c94f4c4bbff86f1311d556feb,Adam Berg,adam@xyzdigital.com,2026-01-06T10:01:59-08:00,2026-01-06,10,2,Tuesday,Add padding,1,1,2,1,0,0
c7b990d199dce41cd612017a56c09fd46f343804,Adam Berg,adam@xyzdigital.com,2026-01-06T10:08:48-08:00,2026-01-06,10,2,Tuesday,[AI] Change delete icon to trash with square outline,3,3,6,1,0,1
d950b4c65bd892a71dc917234e4a18cc2def46f5,Adam Berg,adam@xyzdigital.com,2026-01-06T10:12:31-08:00,2026-01-06,10,2,Tuesday,"[AI] Remove delete icon, add active block state with sidebar",57,29,86,4,0,1
53e8a4464ebb81aacba9487b6e51c150be7fccaa,Adam Berg,adam@xyzdigital.com,2026-01-06T10:15:21-08:00,2026-01-06,10,2,Tuesday,[AI] Move sidebar to BlockSettingsSidebar component,45,27,72,2,0,1
55941a6db68a94c86e43a22dec218df4bc2e6ce2,Adam Berg,adam@xyzdigital.com,2026-01-06T10:16:38-08:00,2026-01-06,10,2,Tuesday,"[AI] Always show sidebar, empty when no block selected",29,28,57,2,0,1
7cf72285272b438a346262967fcbc92fc0f8311f,Adam Berg,adam@xyzdigital.com,2026-01-06T10:17:51-08:00,2026-01-06,10,2,Tuesday,[AI] Add X icon to sidebar to deselect active block,26,11,37,2,0,1
ac56e068ec4872f510e2abbd501ba5aa8cbcada5,Adam Berg,adam@xyzdigital.com,2026-01-06T10:19:49-08:00,2026-01-06,10,2,Tuesday,"[AI] Move image URL input to sidebar, show 16:9 placeholder in ImageBlock",37,29,66,3,0,1
1edced782af9c93f994318b9474b26a49b783ef3,Adam Berg,adam@xyzdigital.com,2026-01-06T10:23:23-08:00,2026-01-06,10,2,Tuesday,[AI] Add aspect ratio selection for image blocks,58,14,72,3,0,1
630a70b53f010596fa6b6171d2482a4703e0edf2,Adam Berg,adam@xyzdigital.com,2026-01-06T10:29:15-08:00,2026-01-06,10,2,Tuesday,[AI] Wrap generateHtml content in centered div with max-width 600px,6,2,8,1,0,1
2df2e6a2dc1480094d1564bfa0f2e2f8f632520b,Adam Berg,adam@xyzdigital.com,2026-01-06T10:34:13-08:00,2026-01-06,10,2,Tuesday,[AI] Add ButtonBlock component with text and URL settings,125,7,132,4,0,1
5fad61821a3203e68ecfa02afb94e1e0f5531102,Adam Berg,adam@xyzdigital.com,2026-01-06T12:04:34-08:00,2026-01-06,12,2,Tuesday,[AI] Add email campaign draft creation and send page,344,18,362,9,0,1
f20987409ebf134a5680ee14665daf6fe94f0695,Adam Berg,adam@xyzdigital.com,2026-01-06T12:06:21-08:00,2026-01-06,12,2,Tuesday,[AI] Read status from campaign and use gray badge for drafts,11,2,13,2,0,1
cda9107434b439fc49848b54fd1e78556121463e,Adam Berg,adam@xyzdigital.com,2026-01-06T12:07:09-08:00,2026-01-06,12,2,Tuesday,"[AI] Route to edit page for draft campaigns, report page for sent campaigns",6,1,7,1,0,1
59c774815992f80919137eed09e7aadc95baee9d,Adam Berg,adam@xyzdigital.com,2026-01-06T12:09:32-08:00,2026-01-06,12,2,Tuesday,"[AI] Add top bar to EmailCampaignSend with back button, subject, and Send button",48,45,93,1,0,1
84a4be2efac7e7667b0660c3e86af7bf097a0a51,Adam Berg,adam@xyzdigital.com,2026-01-06T12:16:57-08:00,2026-01-06,12,2,Tuesday,[AI] Update email campaign compose flow to create campaign on click and save blocks,265,87,352,8,0,1
7eb9dbc1e48f483cf7c5776d2f05c02392635559,Adam Berg,adam@xyzdigital.com,2026-01-06T12:20:55-08:00,2026-01-06,12,2,Tuesday,"[AI] Refactor block types to use 'text', 'image', 'button' and move properties to data object",67,52,119,6,0,1
34d6617bda6c0d70f14e42ec2652b21851a0a09c,Adam Berg,adam@xyzdigital.com,2026-01-06T12:22:07-08:00,2026-01-06,12,2,Tuesday,[AI] Add Edit button to EmailCampaignSend component,9,1,10,1,0,1
b11f1c3596e5d8512b956f61c167bdb8688c82c2,Adam Berg,adam@xyzdigital.com,2026-01-06T12:23:13-08:00,2026-01-06,12,2,Tuesday,[AI] Improve pre-population of subject and blocks in EmailCampaignCompose,12,3,15,1,0,1
9521e7e8c6f51531d2ee1a92b49b9f19fa3fc98d,Adam Berg,adam@xyzdigital.com,2026-01-06T12:25:25-08:00,2026-01-06,12,2,Tuesday,[AI] Fix subject ref update timing issue in EmailCampaignCompose,7,10,17,1,0,1
b54259304dbe4e1444f00c6d996a5e65a9a21560,Adam Berg,adam@xyzdigital.com,2026-01-06T12:30:43-08:00,2026-01-06,12,2,Tuesday,[AI] Update route from /contacts/emails/:id to /emails/:id/preview,3,3,6,3,0,1
fb2e02380e6dcd967ea1af9984d822d7ce725500,Adam Berg,adam@xyzdigital.com,2026-01-07T08:08:50-08:00,2026-01-07,8,3,Wednesday,Add CustomDomain model,27,0,27,1,0,0
35d2149f414563c54d7867bcb7d2a5c4dacadbd4,Adam Berg,adam@xyzdigital.com,2026-01-07T08:14:43-08:00,2026-01-07,8,3,Wednesday,[AI] Add Sites accordion with Domains route and CustomDomainController,338,0,338,7,0,1
0d522dda141f439321b69c77a1ce97a830f06133,Adam Berg,adam@xyzdigital.com,2026-01-07T09:18:35-08:00,2026-01-07,9,3,Wednesday,Start to pages app,54,0,54,4,0,0
94807b575ab645705181547b844a29457aa32356,Adam Berg,adam@xyzdigital.com,2026-01-07T09:22:23-08:00,2026-01-07,9,3,Wednesday,[AI] Add /api/* route to pagesServer and fetch artist in PagesApp,65,0,65,2,0,1
9746fa6b3d0e7ef927c44e2a3da1d13869704ee6,Adam Berg,adam@xyzdigital.com,2026-01-07T09:23:19-08:00,2026-01-07,9,3,Wednesday,[AI] Fetch artist separately instead of populating,11,2,13,1,0,1
f794fbd0690ab442ffdf2c06f99bd2683a35929e,Adam Berg,adam@xyzdigital.com,2026-01-07T09:26:47-08:00,2026-01-07,9,3,Wednesday,[AI] Add Page model and update /api/* route to return matching page,76,11,87,3,0,1
b69285fcdfbe4856a5accf2296846a936dfeb9e8,Adam Berg,adam@xyzdigital.com,2026-01-07T09:30:01-08:00,2026-01-07,9,3,Wednesday,[AI] Add Pages section to navbar with list route and create dialog,310,0,310,5,0,1
7fb1e77daf7bc8349d0b432e4c0cd7ff9c1546d1,Adam Berg,adam@xyzdigital.com,2026-01-07T09:30:25-08:00,2026-01-07,9,3,Wednesday,[AI] Move Pages inside Sites accordion,12,11,23,1,0,1
119862cbd7f8ffe09d9bb9e8edf752afd1df4448,Adam Berg,adam@xyzdigital.com,2026-01-07T09:34:46-08:00,2026-01-07,9,3,Wednesday,[AI] Extract BlockEditor component and add page editing,542,290,832,7,0,1
43a19e0b35953d79f219c2bec12fb2a9fd6901e1,Adam Berg,adam@xyzdigital.com,2026-01-07T09:38:00-08:00,2026-01-07,9,3,Wednesday,"[AI] Remove autosave from BlockEditor, save only on explicit button clicks",29,37,66,3,0,1
8418cf8dcff626ed2bc3398e791eaf8edc900a95,Adam Berg,adam@xyzdigital.com,2026-01-07T09:44:30-08:00,2026-01-07,9,3,Wednesday,[AI] Render blocks as HTML in PagesApp similar to EmailCampaignSend,64,15,79,1,0,1
c2c240bd81cb11f9e783ee4823afc1b1152d1916,Adam Berg,adam@xyzdigital.com,2026-01-07T09:48:13-08:00,2026-01-07,9,3,Wednesday,Fix aspect ratio in pages,8,2,10,1,0,0
b24a25bd4486e1cde2abba327724a763c333c2b9,Adam Berg,adam@xyzdigital.com,2026-01-07T09:49:42-08:00,2026-01-07,9,3,Wednesday,[AI] Add max width setting for Image blocks,43,4,47,4,0,1
9a7f41aa64bc0e88c88eafef77ec9ebd5896a8f9,Adam Berg,adam@xyzdigital.com,2026-01-07T09:51:13-08:00,2026-01-07,9,3,Wednesday,[AI] Apply max width to ImageBlock component,6,2,8,3,0,1
048db048b263ad6ac407cde736826c75877ad6e7,Adam Berg,adam@xyzdigital.com,2026-01-07T09:51:58-08:00,2026-01-07,9,3,Wednesday,[AI] Update PagesApp to render images same way as BlockEditor,7,7,14,1,0,1
44561da1e9b47bad0fd2a1f39f7316de1bbecdc3,Adam Berg,adam@xyzdigital.com,2026-01-07T09:58:04-08:00,2026-01-07,9,3,Wednesday,[AI] Add ContactCapture block to BlockEditor,311,9,320,5,0,1
684afa9c047025ff89c01c14cc21da48c7b541aa,Adam Berg,adam@xyzdigital.com,2026-01-07T10:02:51-08:00,2026-01-07,10,3,Wednesday,[AI] Add text color and background color settings to ButtonBlock and ContactCaptureBlock,401,32,433,6,0,1
6a42d4fa907265aa9b8f25f5235f3a4d2309dbf5,Adam Berg,adam@xyzdigital.com,2026-01-07T10:04:49-08:00,2026-01-07,10,3,Wednesday,[AI] Make dialog title configurable in ContactCapture block,33,6,39,3,0,1
ce3204ac28609f10133ec9365081bdc4dd3144cf,Adam Berg,adam@xyzdigital.com,2026-01-07T10:07:16-08:00,2026-01-07,10,3,Wednesday,[AI] Use react-phone-number-input for phone number input in PagesApp,53,5,58,4,0,1
1f585b80465fd1495034b4b73a06385c93e49520,Adam Berg,adam@xyzdigital.com,2026-01-07T10:19:16-08:00,2026-01-07,10,3,Wednesday,Fix up phone input,133,118,251,2,0,0
9fa8793e90e55ef6f52082fbf698ba12ce2b0f22,Adam Berg,adam@xyzdigital.com,2026-01-07T10:21:00-08:00,2026-01-07,10,3,Wednesday,[AI] Add text align options to TextBlock,54,4,58,4,0,1
65c6fbcf4bd0cd9e51004915487eefe62132cb34,Adam Berg,adam@xyzdigital.com,2026-01-07T10:22:20-08:00,2026-01-07,10,3,Wednesday,[AI] Remove padding from blocks in BlockEditor to match PagesApp appearance,2,2,4,2,0,1
cd0d085d9b71dd6ba6c42573284c4f4d52c621c6,Adam Berg,adam@xyzdigital.com,2026-01-07T10:23:34-08:00,2026-01-07,10,3,Wednesday,Remove mb-4,1,1,2,1,0,0
38545925393976b25fc5b4521c349524d823f5c8,Adam Berg,adam@xyzdigital.com,2026-01-07T10:27:15-08:00,2026-01-07,10,3,Wednesday,[AI] Add tabs to BlockSettingsSidebar with Content and Design tabs,347,96,443,8,0,1
e9c30d348cac95c27eaf981d628c652400193fb5,Adam Berg,adam@xyzdigital.com,2026-01-07T10:28:42-08:00,2026-01-07,10,3,Wednesday,[AI] Remove min-height from TextBlock,1,1,2,1,0,1
c7f40b4379d147ef6a5446d1ca2c67e3f9bb0030,Adam Berg,adam@xyzdigital.com,2026-01-07T10:35:20-08:00,2026-01-07,10,3,Wednesday,Update deployment to include pages,16,3,19,3,0,0
856145204ef65e1ca32610e15dfca3616b7ac16f,Adam Berg,adam@xyzdigital.com,2026-01-07T10:37:20-08:00,2026-01-07,10,3,Wednesday,Switch back to fork,4,4,8,1,0,0
f3437e6fa039f6f0bd7e41ff8d00f8efccf608f6,Adam Berg,adam@xyzdigital.com,2026-01-07T10:51:37-08:00,2026-01-07,10,3,Wednesday,[AI] Allow editing route in PageEdit component,12,2,14,1,0,1
46f338e8ca62e552095162dcc46a9fafb6c8da38,Adam Berg,adam@xyzdigital.com,2026-01-07T10:53:47-08:00,2026-01-07,10,3,Wednesday,[AI] Fix route saving in updatePage endpoint,22,1,23,1,0,1
dbc0b94abf02892f06a3ec8f6a673e2d86515257,Adam Berg,adam@xyzdigital.com,2026-01-07T10:54:23-08:00,2026-01-07,10,3,Wednesday,Update deploy script,1,1,2,1,0,0
483d791f8ecce69ecb9020fd41cfc5c35e3efec1,Adam Berg,adam@xyzdigital.com,2026-01-07T13:19:36-08:00,2026-01-07,13,3,Wednesday,"[AI] Reorganize sidebar: Move Instagram to Socials accordion, make Automations top-level link",356,13,369,6,0,1
0f1c84eb660c652e4fae488358ab8954f6c82917,Adam Berg,adam@xyzdigital.com,2026-01-07T13:26:12-08:00,2026-01-07,13,3,Wednesday,[AI] Add automation edit route with steps rendering and management,271,2,273,4,0,1
a38c1b4ab9a0b9a403baf9f1828a25ca2ddf54be,Adam Berg,adam@xyzdigital.com,2026-01-07T13:26:30-08:00,2026-01-07,13,3,Wednesday,[AI] Add missing getAutomation and updateAutomation functions to AutomationController,98,0,98,1,0,1
50392d116843fc4aff1366b95a0851d2166be9e4,Adam Berg,adam@xyzdigital.com,2026-01-07T13:26:37-08:00,2026-01-07,13,3,Wednesday,[AI] Use React Router navigate instead of window.location.href in Automations,2,1,3,1,0,1
e1ef395a972227513502c1c5a4ab2974009c1dae,Adam Berg,adam@xyzdigital.com,2026-01-07T13:27:38-08:00,2026-01-07,13,3,Wednesday,[AI] Fix missing useNavigate import in Automations component,1,0,1,1,0,1
ffcdb9ea335dd036b9ff167bd58a9c83edafa741,Adam Berg,adam@xyzdigital.com,2026-01-07T13:28:35-08:00,2026-01-07,13,3,Wednesday,Remove tailwind plugins,0,3,3,1,0,0
b311b3fe9b81602175c8ca3538c14ec187b22328,Adam Berg,adam@xyzdigital.com,2026-01-07T13:31:37-08:00,2026-01-07,13,3,Wednesday,[AI] Add SMS body textarea and segment counter to automation steps,53,4,57,1,0,1
eeb91f7dfd053ab6df586ea15cda168d517df91e,Adam Berg,adam@xyzdigital.com,2026-01-07T13:34:28-08:00,2026-01-07,13,3,Wednesday,[AI] Add character count display (X / Y) in bottom left of SMS message body,28,2,30,1,0,1
ac522f9c4a96ef9f41adad5505ee4f2fd12aa478,Adam Berg,adam@xyzdigital.com,2026-01-07T13:36:02-08:00,2026-01-07,13,3,Wednesday,"[AI] Change SMS step title to ""Send SMS""",3,1,4,1,0,1
4d6dbf98af488ed0bd48beb3929db187b06dccf6,Adam Berg,adam@xyzdigital.com,2026-01-07T13:39:22-08:00,2026-01-07,13,3,Wednesday,[AI] Add automation select dropdown to ContactCaptureBlock settings,68,2,70,3,0,1
9c8269f9a77e68c45c564ddf5b0b2afabc837bed,Adam Berg,adam@xyzdigital.com,2026-01-07T13:48:51-08:00,2026-01-07,13,3,Wednesday,[AI] Separate GET and POST handlers for /api/* route,56,36,92,1,0,1
694a61aa0d1a13a103c1f136f0b7249d98cd85ab,Adam Berg,adam@xyzdigital.com,2026-01-07T13:50:43-08:00,2026-01-07,13,3,Wednesday,[AI] Refactor /api/* route to use object syntax with separate GET and POST handlers,67,63,130,1,0,1
a5ec4639136d2a167d2ce8aed0e42f3848ae1f5e,Adam Berg,adam@xyzdigital.com,2026-01-07T13:52:02-08:00,2026-01-07,13,3,Wednesday,[AI] Move routes to PagesController folder following CustomDomainController pattern,79,74,153,4,0,1
bcb85f2229b0b4bc32d2c6fed9741e958ffd3224,Adam Berg,adam@xyzdigital.com,2026-01-07T13:52:37-08:00,2026-01-07,13,3,Wednesday,Remove animate from pages app,0,4,4,2,0,0
aa2bcdede1b5c05e396552b5a6a5795144b423c0,Adam Berg,adam@xyzdigital.com,2026-01-07T14:02:44-08:00,2026-01-07,14,3,Wednesday,[AI] Add Twilio configuration to config object,5,0,5,1,0,1
6084a9d82c1800ff4a7d83dea554f92eb796a4d2,Adam Berg,adam@xyzdigital.com,2026-01-07T14:10:08-08:00,2026-01-07,14,3,Wednesday,[AI] Make page name and route inline contenteditable in top bar,55,12,67,1,0,1
9ed8ab2ac2d454d766fb71ff81bbfea0b7d685c8,Adam Berg,adam@xyzdigital.com,2026-01-07T14:10:59-08:00,2026-01-07,14,3,Wednesday,[AI] Move route left of page name with fixed 200px width,8,8,16,1,0,1
aa48d25446ca0a860fda54f9771a5a2d376ae1fb,Adam Berg,adam@xyzdigital.com,2026-01-07T14:11:17-08:00,2026-01-07,14,3,Wednesday,[AI] Remove back arrow icon from PageEdit,1,16,17,1,0,1
ead8ec19a04439cad9ab142cc71f126348cc89be,Adam Berg,adam@xyzdigital.com,2026-01-07T14:12:55-08:00,2026-01-07,14,3,Wednesday,[AI] Center page name and place route below it,19,17,36,1,0,1
2e56c12a4afbb63814767f1740185c96017a0081,Adam Berg,adam@xyzdigital.com,2026-01-07T14:13:32-08:00,2026-01-07,14,3,Wednesday,[AI] Left align page name and route,3,3,6,1,0,1
e4d36b729d741b88cc1ae3b7ed5054abcc12ebcf,Adam Berg,adam@xyzdigital.com,2026-01-07T14:15:54-08:00,2026-01-07,14,3,Wednesday,[AI] Implement page and block lookup in postBlockFromQuery,54,3,57,1,0,1
b2874bf6aea5c3f175b7f45ebab630b8f5a01abf,Adam Berg,adam@xyzdigital.com,2026-01-07T14:17:07-08:00,2026-01-07,14,3,Wednesday,[AI] Add POST request submission for contact capture dialog,27,5,32,1,0,1
fac93bc66cb4423faf97b81edcdc08a800c3ade0,Adam Berg,adam@xyzdigital.com,2026-01-07T14:18:36-08:00,2026-01-07,14,3,Wednesday,[AI] Fix Select component error for ContactCaptureBlock trigger automation,3,3,6,1,0,1
34007ca9f971f9bcd6452761300416224d80ac80,Adam Berg,adam@xyzdigital.com,2026-01-07T14:25:42-08:00,2026-01-07,14,3,Wednesday,[AI] Add lead upsert functionality to postBlockFromQuery,66,1,67,1,0,1
4588f64438863d481de3464508215fb2c699c6e4,Adam Berg,adam@xyzdigital.com,2026-01-07T14:30:47-08:00,2026-01-07,14,3,Wednesday,Remove logs,0,5,5,2,0,0
e84e41df340ffe52deff9e3a1059a9176f982e4d,Adam Berg,adam@xyzdigital.com,2026-01-07T15:51:39-08:00,2026-01-07,15,3,Wednesday,[AI] Format phone numbers using libphonenumber-js formatInternational,15,4,19,3,0,1
2f9eb172ccb7453da323e4fa4b12e5e829161ab4,Adam Berg,adam@xyzdigital.com,2026-01-07T15:53:58-08:00,2026-01-07,15,3,Wednesday,[AI] Create AutomationService with startAutomation function,16,0,16,2,0,1
52947d7710acf89dda2ec7e9bbc581c948b4d27b,Adam Berg,adam@xyzdigital.com,2026-01-07T15:57:02-08:00,2026-01-07,15,3,Wednesday,[AI] Update startAutomation to accept object with leadId and call from postBlockFromQuery,20,2,22,2,0,1
a00387191e47212bbd920417c16a624930a12283,Adam Berg,adam@xyzdigital.com,2026-01-07T16:02:59-08:00,2026-01-07,16,3,Wednesday,[AI] Add template and lead fields to Automation model and create new automation from template,27,5,32,2,0,1
006c402ab0820c20c0e85958af1cf5109c2ae845,Adam Berg,adam@xyzdigital.com,2026-01-07T16:04:14-08:00,2026-01-07,16,3,Wednesday,[AI] Fix TypeScript error in startAutomation create call,2,2,4,1,0,1
625e5b005b334c9eb5abbf89233294103ca62884,Adam Berg,adam@xyzdigital.com,2026-01-07T16:12:00-08:00,2026-01-07,16,3,Wednesday,"[AI] Add status and currentStep to Automation, execute SMS steps via Twilio",77,4,81,2,0,1
562d932795c0bd7802dfd6c3a25f4cf44f7b556e,Adam Berg,adam@xyzdigital.com,2026-01-07T16:13:37-08:00,2026-01-07,16,3,Wednesday,[AI] Replace Twilio REST API calls with Twilio SDK,115,25,140,3,0,1
98361dcbb0420cfda06f0feb20a50f6949b68e1e,Adam Berg,adam@xyzdigital.com,2026-01-07T16:15:16-08:00,2026-01-07,16,3,Wednesday,Add Twilio model,53,2,55,3,0,0
e669fbe575b41293b0144dd2861cab94666f9145,Adam Berg,adam@xyzdigital.com,2026-01-07T16:19:40-08:00,2026-01-07,16,3,Wednesday,[AI] Add Settings to sidebar and create SMS settings page,269,0,269,5,0,1
2ff738f1e2eeba75dde4fb07572938cc2d839d98,Adam Berg,adam@xyzdigital.com,2026-01-07T16:21:42-08:00,2026-01-07,16,3,Wednesday,[AI] Add show/hide toggle to auth token input in SMS settings,25,8,33,1,0,1
db2239698fdb794d6fc5c95a11045dc92504532c,Adam Berg,adam@xyzdigital.com,2026-01-07T16:25:53-08:00,2026-01-07,16,3,Wednesday,Add Billing document,29,0,29,1,0,0
8da57136f1e33983f9bf84a659259cb92192fce4,Adam Berg,adam@xyzdigital.com,2026-01-07T16:29:44-08:00,2026-01-07,16,3,Wednesday,[AI] Remove console.log statements from startAutomation,1,10,11,1,0,1
c8503e5f203113141334b65c96fe5384a8b1dca3,Adam Berg,adam@xyzdigital.com,2026-01-07T16:32:41-08:00,2026-01-07,16,3,Wednesday,[AI] Add BillingService to check SMS balance before sending,76,4,80,4,0,1
e4992e4899a4882ec9d5c0e66503d25e0dd3c771,Adam Berg,adam@xyzdigital.com,2026-01-07T16:32:51-08:00,2026-01-07,16,3,Wednesday,[AI] Fix automation completion status when balance check fails,8,4,12,1,0,1
1608f549faab2b099557d28377c8858e24675c43,Adam Berg,adam@xyzdigital.com,2026-01-07T16:34:16-08:00,2026-01-07,16,3,Wednesday,[AI] Wrap for loop in try/catch with error handling,56,47,103,1,0,1
c1338f59ad7150be37af391f3861ef777b38952e,Adam Berg,adam@xyzdigital.com,2026-01-07T16:35:24-08:00,2026-01-07,16,3,Wednesday,[AI] Refactor error handling in startAutomation,7,18,25,1,0,1
5927785fcbf4b52ecba2a2b6b9c301945f6c7a17,Adam Berg,adam@xyzdigital.com,2026-01-07T16:40:39-08:00,2026-01-07,16,3,Wednesday,[AI] Add TwilioService with canSendSms function,37,5,42,3,0,1
c59adbee0af9077fde07789ca1d57a266ba9752c,Adam Berg,adam@xyzdigital.com,2026-01-07T16:46:04-08:00,2026-01-07,16,3,Wednesday,[AI] Add settings/billing route with reusable tabs component,430,93,523,9,0,1
2e49b6ac00f11d4b7d29696046f519f4886bf4bd,Adam Berg,adam@xyzdigital.com,2026-01-07T16:49:21-08:00,2026-01-07,16,3,Wednesday,[AI] Convert balance to cents (multiply by 100) when saving,32,10,42,2,0,1
c7db15f85c674d8eed36d8e540381ef78fe21209,Adam Berg,adam@xyzdigital.com,2026-01-07T16:53:06-08:00,2026-01-07,16,3,Wednesday,[AI] Deduct SMS cost from billing balance after sending using $inc,17,1,18,2,0,1
41fba8f48f650df405bca7856d7f09407c001a49,Adam Berg,adam@xyzdigital.com,2026-01-07T16:55:01-08:00,2026-01-07,16,3,Wednesday,[AI] Use cost from canSendSms return value for balance deduction,7,16,23,3,0,1
c7537bc9e28196760795570ebeb14d37fc202abd,Adam Berg,adam@xyzdigital.com,2026-01-07T16:56:41-08:00,2026-01-07,16,3,Wednesday,[AI] Ensure balance is properly rounded before sending to backend,6,7,13,2,0,1
056e75fe9f3575941beb974bba91ac5e6cc0adf5,Adam Berg,adam@xyzdigital.com,2026-01-07T17:00:37-08:00,2026-01-07,17,3,Wednesday,[AI] Create separate routes for SettingsBilling and SettingsSMS,57,34,91,4,0,1
e0038d9caeaf5e38c82bf55e223c9581b60d3817,Adam Berg,adam@xyzdigital.com,2026-01-07T17:01:50-08:00,2026-01-07,17,3,Wednesday,[AI] Add Billing and SMS tabs to both settings routes,71,8,79,3,0,1
6a4fe009ff854191f70741df7a73ac298382f2ee,Adam Berg,adam@xyzdigital.com,2026-01-07T17:03:31-08:00,2026-01-07,17,3,Wednesday,[AI] Round balance input to 2 decimal places,23,2,25,1,0,1
1ba4d3ff9fdd5fb1b129b7d17def80ff5d843354,Adam Berg,adam@xyzdigital.com,2026-01-07T17:04:08-08:00,2026-01-07,17,3,Wednesday,[AI] Round balance to 2 decimals on load,4,1,5,1,0,1
eff75885fd9615a157607bf249fac001fd8d35bb,Adam Berg,adam@xyzdigital.com,2026-01-08T13:40:50-08:00,2026-01-08,13,4,Thursday,[AI] Add ability to delete custom domains,97,3,100,4,0,1
5da5af68c9446116259e2219c95e76c252b37bf7,Adam Berg,adam@xyzdigital.com,2026-01-09T10:36:30-08:00,2026-01-09,10,5,Friday,[AI] Add font size and bold font controls to TextBlock in Design tab,83,3,86,4,0,1
4bcd2a6c185ee7df98138d87f6d60d69777edef1,Adam Berg,adam@xyzdigital.com,2026-01-09T10:42:59-08:00,2026-01-09,10,5,Friday,[AI] Add design tab with background image URL option when no block is selected,47,4,51,5,0,1
06b22f05339c837ed84ad48aeb6b36c58d9d7380,Adam Berg,adam@xyzdigital.com,2026-01-09T10:44:07-08:00,2026-01-09,10,5,Friday,[AI] Display backgroundImageUrl in BlockEditor and PagesApp backgrounds,21,3,24,2,0,1
7ccb3c34ddadf7327b5beda6abb0cd46d0588859,Adam Berg,adam@xyzdigital.com,2026-01-09T10:46:07-08:00,2026-01-09,10,5,Friday,[AI] Add blur effect to background images with cover and center positioning,34,22,56,2,0,1
8c5340d3b521db46b9f4160ad04e0bf426c6361e,Adam Berg,adam@xyzdigital.com,2026-01-09T10:49:43-08:00,2026-01-09,10,5,Friday,[AI] Make content container semi-transparent to show background image,3,1,4,1,0,1
163056587ed6a7eeb418a339303442e5506629b7,Adam Berg,adam@xyzdigital.com,2026-01-09T10:51:21-08:00,2026-01-09,10,5,Friday,[AI] Move background image divs inside content container,16,16,32,1,0,1
92f1b89bec7893adbe484935534cb5666ee6442f,Adam Berg,adam@xyzdigital.com,2026-01-09T10:52:04-08:00,2026-01-09,10,5,Friday,Bring back bg-white,1,1,2,1,0,0
bceef95fc6b1883303554b85ae04fa6394a26951,Adam Berg,adam@xyzdigital.com,2026-01-09T10:54:27-08:00,2026-01-09,10,5,Friday,[AI] Add dark gradient overlay over background image,18,10,28,1,0,1
1f533332a73b94386e867bf72c5a914949adc7af,Adam Berg,adam@xyzdigital.com,2026-01-09T10:56:05-08:00,2026-01-09,10,5,Friday,[AI] Add same gradient overlay to PagesApp as BlockEditor,19,11,30,2,0,1
72a19facd53c03b878f1613e956b545103a57030,Adam Berg,adam@xyzdigital.com,2026-01-09T10:57:29-08:00,2026-01-09,10,5,Friday,[AI] Remove cancel button from contact capture modal,0,10,10,1,0,1
9818554b2fefd46cffc78831b6f7543743c277f8,Adam Berg,adam@xyzdigital.com,2026-01-09T11:00:08-08:00,2026-01-09,11,5,Friday,[AI] Add configurable confirmation message to contact capture blocks,54,1,55,3,0,1
444ecdd1432be5773a029a3baf8ce99ffe1ed3b1,Adam Berg,adam@xyzdigital.com,2026-01-09T11:06:54-08:00,2026-01-09,11,5,Friday,[AI] Add page title customization feature,41,1,42,4,0,1
b26bd5ca5013db1df18d7e7ed226ff30e0aad4b2,Adam Berg,adam@xyzdigital.com,2026-01-09T11:08:24-08:00,2026-01-09,11,5,Friday,[AI] Move browser page title to design sidebar and remove design tab,32,43,75,3,0,1
404dcc3075d65a8a59e005215449990bae79856f,Adam Berg,adam@xyzdigital.com,2026-01-09T12:29:49-08:00,2026-01-09,12,5,Friday,[AI] Match submit button colors to contact capture button in dialog,11,0,11,1,0,1
cc0c63b2b7c7bbb018e26c7b398b69457eb77af8,Adam Berg,adam@xyzdigital.com,2026-01-09T12:48:41-08:00,2026-01-09,12,5,Friday,[AI] Make aspectRatio optional in ImageBlock to use natural image aspect ratio,3,3,6,1,0,1
26d5cda8048ea930dd9b8951ac1ad143f1d4656e,Adam Berg,adam@xyzdigital.com,2026-01-09T12:50:03-08:00,2026-01-09,12,5,Friday,[AI] Fix newline rendering in TextBlock for PagesApp,25,4,29,2,0,1
7af408f30cf06f66d43d8504f4d6621ccb5aa8f5,Adam Berg,adam@xyzdigital.com,2026-01-09T12:52:14-08:00,2026-01-09,12,5,Friday,[AI] Prevent zooming on iOS devices,1,1,2,1,0,1
f7191514d4b244ede9be47c44d742ff8118cf7fe,Adam Berg,adam@xyzdigital.com,2026-01-09T12:55:04-08:00,2026-01-09,12,5,Friday,[AI] Replace PhoneInput with Input from react-phone-number-input/input,3,5,8,1,0,1
00f06eb5a9c0b31cbf88eaf941b71e5b395ffd22,Adam Berg,adam@xyzdigital.com,2026-01-09T12:57:46-08:00,2026-01-09,12,5,Friday,Fix country select,1,1,2,1,0,0
8e88215b3ed428f43776aed661ed5759572127aa,Adam Berg,adam@xyzdigital.com,2026-01-09T12:59:28-08:00,2026-01-09,12,5,Friday,[AI] Add original aspect ratio option for ImageBlock,9,7,16,3,0,1
d9ec6db12c4964b45d89e66ad1365224b2a07754,Adam Berg,adam@xyzdigital.com,2026-01-09T13:00:46-08:00,2026-01-09,13,5,Friday,[AI] Handle original aspect ratio in PagesApp,7,3,10,1,0,1
b714c08ccac506c1e0c3b5956e50f6433654ec04,Adam Berg,adam@xyzdigital.com,2026-01-09T13:30:53-08:00,2026-01-09,13,5,Friday,[AI] Add IP-based location data fetching for leads,47,0,47,2,0,1
f7857a05cf6560a5e6177be823adbf062f2d31bb,Adam Berg,adam@xyzdigital.com,2026-01-09T13:35:21-08:00,2026-01-09,13,5,Friday,[DEBUG] Add ip / headers logs,3,0,3,1,0,0
5ef85a84865abe92ab79b582082131af80200e98,Adam Berg,adam@xyzdigital.com,2026-01-09T14:52:36-08:00,2026-01-09,14,5,Friday,[AI] Preserve existing query params in contact form fetch,12,4,16,2,0,1
176b431f9c3c12ea3cf13aad27d22120f8d706fd,Adam Berg,adam@xyzdigital.com,2026-01-09T14:54:37-08:00,2026-01-09,14,5,Friday,[AI] Add support for updating lead by ID from query parameter,48,22,70,1,0,1
cb505852730568edf19ed94144687fa052b4615a,Adam Berg,adam@xyzdigital.com,2026-01-12T08:06:43-08:00,2026-01-12,8,1,Monday,[AI] Filter automations to only show those without template field,9,2,11,1,0,1
1a41fb17285f7596c2632db95c9a6e3f73e9d47d,Adam Berg,adam@xyzdigital.com,2026-01-13T10:04:45-08:00,2026-01-13,10,2,Tuesday,Add campaign model,87,0,87,1,0,0
c7f73f51b3a56cd0672f100482994c48d370b434,Adam Berg,adam@xyzdigital.com,2026-01-13T10:07:24-08:00,2026-01-13,10,2,Tuesday,[AI] Add Messages menu with SMS route for campaigns,207,0,207,6,0,1
ee6f6dd16e0dfc5bf5bf1ca9f8d7bc1882a72177,Adam Berg,adam@xyzdigital.com,2026-01-13T10:08:09-08:00,2026-01-13,10,2,Tuesday,[AI] Move Emails link from Contacts to Messages submenu,12,12,24,1,0,1
9f17baa195d12d162c817abd4ff1a646c1de6bf9,Adam Berg,adam@xyzdigital.com,2026-01-13T10:09:01-08:00,2026-01-13,10,2,Tuesday,[AI] Update Emails URL from /contacts/emails to /messages/emails,17,17,34,6,0,1
cf04fcbbdadee8abc7048541593a39cb6be7298c,Adam Berg,adam@xyzdigital.com,2026-01-13T10:13:34-08:00,2026-01-13,10,2,Tuesday,[AI] Create SMS compose route with reusable SMS textarea component,246,3,249,7,0,1
f136b87cb6d3bc57e856982eee42c93f2155680f,Adam Berg,adam@xyzdigital.com,2026-01-13T10:17:55-08:00,2026-01-13,10,2,Tuesday,[AI] Fix GSM-7 regex to include digits 0-9,2,2,4,1,0,1
71f5d530420eda80871f2ff46845c8b377064d6f,Adam Berg,adam@xyzdigital.com,2026-01-13T10:19:52-08:00,2026-01-13,10,2,Tuesday,[AI] Refactor SMSTextarea to use getMessageStats from smsUtils,12,41,53,1,0,1
4b6603d2e1799420d80bced397088312fdd84771,Adam Berg,adam@xyzdigital.com,2026-01-13T10:24:20-08:00,2026-01-13,10,2,Tuesday,[AI] Add maxChars to getMessageStats and use it in SMSTextarea,16,16,32,2,0,1
3a2a483a6a51cf2e2ee73ed39bec1db82cd88dba,Adam Berg,adam@xyzdigital.com,2026-01-13T10:26:07-08:00,2026-01-13,10,2,Tuesday,[AI] Simplify getMessageStats by setting charPerSegment directly,14,13,27,1,0,1
62ce3a8b1e3c30bcb22a3273b7c8633423d4956b,Adam Berg,adam@xyzdigital.com,2026-01-13T10:31:18-08:00,2026-01-13,10,2,Tuesday,Fix dumb AI,9,17,26,1,0,0
8e4af4f3248a121b215d07c587738574fa60e246,Adam Berg,adam@xyzdigital.com,2026-01-13T10:51:09-08:00,2026-01-13,10,2,Tuesday,[AI] Add max width constraints to SMS compose container and textarea,4,5,9,3,0,1
23a4ff6f6ff2caa42162a3550b88f4970a6a34d0,Adam Berg,adam@xyzdigital.com,2026-01-13T10:51:58-08:00,2026-01-13,10,2,Tuesday,[AI] Remove cancel button from SMS compose page,1,8,9,1,0,1
eb9985b75d83e89ec74a16ec201c3cc92323de87,Adam Berg,adam@xyzdigital.com,2026-01-13T16:02:34-08:00,2026-01-13,16,2,Tuesday,"[AI] Update MessagesSMS to use sent/draft badges and remove Cost, Body, Send At columns",13,22,35,1,0,1
0a55354e5a4d6b9ede6675b6557bc932d0fef99b,Adam Berg,adam@xyzdigital.com,2026-01-13T16:03:27-08:00,2026-01-13,16,2,Tuesday,[AI] Move /messages/sms route to /messages/sms/campaigns,6,4,10,4,0,1
29a5428983b45e90d15124bd6a495e8c131ab43e,Adam Berg,adam@xyzdigital.com,2026-01-14T07:11:31-08:00,2026-01-14,7,3,Wednesday,[AI] Update SMS compose flow to create campaign and route to edit page,218,29,247,8,0,1
1a0a24e9161de71358c5e7e62777f77e2a49bd30,Adam Berg,adam@xyzdigital.com,2026-01-14T07:12:31-08:00,2026-01-14,7,3,Wednesday,[AI] Make table rows clickable in MessagesSMS to navigate to campaign edit page,6,3,9,2,0,1
054cfb49b296e8db6d5343ec10458486cb0e4a71,Adam Berg,adam@xyzdigital.com,2026-01-14T07:22:06-08:00,2026-01-14,7,3,Wednesday,Small fix,1,1,2,1,0,0
f4843fb55c8c40307f53b1942097882643e00c2a,Adam Berg,adam@xyzdigital.com,2026-01-14T07:27:54-08:00,2026-01-14,7,3,Wednesday,[AI] Add Recipients section with extensible filter system to SMS compose page,159,0,159,1,0,1
0201d810fd23780675b217544ca8baea1cc375ed,Adam Berg,adam@xyzdigital.com,2026-01-14T07:34:05-08:00,2026-01-14,7,3,Wednesday,[AI] Add MapController with city autocomplete API and integrate into SMS compose,163,2,165,5,0,1
3c6e45ce0f3f708ccbdcda8ccdd3808d866ca2d3,Adam Berg,adam@xyzdigital.com,2026-01-14T07:43:20-08:00,2026-01-14,7,3,Wednesday,[AI] Replace city autocomplete with map picker and add radius visualization,234,97,331,3,0,1
a57357545b90cd87dc8b86d58f5fffb458111e3a,Adam Berg,adam@xyzdigital.com,2026-01-14T07:45:10-08:00,2026-01-14,7,3,Wednesday,[AI] Add generic filter structure to campaign PUT route with logging,36,2,38,3,0,1
bb80ab12e3ffbb2271d932dfee571f20661f9b23,Adam Berg,adam@xyzdigital.com,2026-01-14T07:49:40-08:00,2026-01-14,7,3,Wednesday,[AI] Add ContactService and API endpoint for recipient filtering,227,0,227,6,0,1
22e40b382637a82bb96db52ea5d5288c337e8ce6,Adam Berg,adam@xyzdigital.com,2026-01-14T07:52:59-08:00,2026-01-14,7,3,Wednesday,[AI] Add /contacts/:id route for editing contact details,315,1,316,3,0,1
24b8423b80d2b68723b489e68d2864d314e970fd,Adam Berg,adam@xyzdigital.com,2026-01-14T07:53:28-08:00,2026-01-14,7,3,Wednesday,[AI] Make table rows clickable to navigate to contact edit page,8,2,10,1,0,1
a657659a93ec80de552d717c7e866e62f30cd94a,Adam Berg,adam@xyzdigital.com,2026-01-14T07:55:22-08:00,2026-01-14,7,3,Wednesday,[AI] Add search box to MapPickerWithRadius component,189,0,189,2,0,1
52c9e796a8de7823aaa1b947ddf52541322b5457,Adam Berg,adam@xyzdigital.com,2026-01-14T07:58:04-08:00,2026-01-14,7,3,Wednesday,[AI] Ensure filters are stored on Campaign model when saving,58,10,68,5,0,1
81c7a61045cbdc99e0e0e831a4e15e4a6bb36ace,Adam Berg,adam@xyzdigital.com,2026-01-14T07:59:58-08:00,2026-01-14,7,3,Wednesday,[AI] Change filters to be stored as an array in Campaign model,32,28,60,4,0,1
1e51424c4a75a4b9193531d817f86739f151da14,Adam Berg,adam@xyzdigital.com,2026-01-14T08:01:25-08:00,2026-01-14,8,3,Wednesday,[AI] Fix filter inputs not being pre-filled when loading campaign,17,2,19,1,0,1
a3b299897f5bc60342e575a859a5401b9603bd01,Adam Berg,adam@xyzdigital.com,2026-01-14T08:01:29-08:00,2026-01-14,8,3,Wednesday,[AI] Add useRef import for isInitialLoadRef,1,1,2,1,0,1
12e529db9adc0136efdb4b9b9637c30bdc129cec,Adam Berg,adam@xyzdigital.com,2026-01-14T08:23:01-08:00,2026-01-14,8,3,Wednesday,Add SMSMessage model,87,0,87,1,0,0
a849b7c878e46940f00cc3a8b781c401ffb0c4ba,Adam Berg,adam@xyzdigital.com,2026-01-14T08:31:28-08:00,2026-01-14,8,3,Wednesday,[AI] Add SMS message creation on campaign update with filters,86,8,94,3,0,1
d8b78382cf8cd06bd534bc0a13fdf028d8916083,Adam Berg,adam@xyzdigital.com,2026-01-14T08:37:22-08:00,2026-01-14,8,3,Wednesday,[AI] Update canSendSms and hasBalanceForSms to accept array of leads,67,29,96,4,0,1
7e3d9cd73a42a6baf528ec765ab73b0c3f27c418,Adam Berg,adam@xyzdigital.com,2026-01-14T08:38:21-08:00,2026-01-14,8,3,Wednesday,[AI] Skip invalid leads instead of returning error,19,30,49,2,0,1
0e5aac293f242b2709422b6cbc39d8d43d9fadac,Adam Berg,adam@xyzdigital.com,2026-01-14T08:39:48-08:00,2026-01-14,8,3,Wednesday,[AI] Return error when no valid leads in canSendSms,2,2,4,1,0,1
b98ceec8c9fa33e813357e2c6c6e461a0f41fab7,Adam Berg,adam@xyzdigital.com,2026-01-14T08:41:00-08:00,2026-01-14,8,3,Wednesday,[AI] Add canSendSms check before creating SMS messages,19,1,20,1,0,1
6f815f8bedcae2ce02076595003ef0a53f608547,Adam Berg,adam@xyzdigital.com,2026-01-14T08:43:25-08:00,2026-01-14,8,3,Wednesday,[AI] Change Next button to Send in MessagesSMSCompose,1,1,2,1,0,1
8de8383deb32692b504082d745c5854186a5080c,Adam Berg,adam@xyzdigital.com,2026-01-14T08:45:04-08:00,2026-01-14,8,3,Wednesday,Add workerStatus to Campaign update,1,0,1,1,0,0
6f8d15c19e1f474c58accff2a64139974b09f8f7,Adam Berg,adam@xyzdigital.com,2026-01-14T09:14:14-08:00,2026-01-14,9,3,Wednesday,[AI] Update status badge display logic,8,4,12,1,0,1
a674a46dc3c2fb70171a53ba8c2d2f7151ed1db6,Adam Berg,adam@xyzdigital.com,2026-01-14T09:14:43-08:00,2026-01-14,9,3,Wednesday,[AI] Use Tailwind capitalize utility for status badge,2,4,6,1,0,1
0a41b2f142242510f55b29d04e3f7893bd5d1e9b,Adam Berg,adam@xyzdigital.com,2026-01-14T09:22:34-08:00,2026-01-14,9,3,Wednesday,[AI] Add SMS worker URL config and notify worker after SMS message insertion,23,0,23,2,0,1
d4b53a85e87e28ccce2a439073b7e9bc153b5bd8,Adam Berg,adam@xyzdigital.com,2026-01-19T07:28:34-08:00,2026-01-19,7,1,Monday,[AI] Fix cursor position issue when typing spaces in TextBlock,92,3,95,1,0,1
d16bf9b99606f73c1aac3163aefb582011b135c4,Adam Berg,adam@xyzdigital.com,2026-01-19T07:40:45-08:00,2026-01-19,7,1,Monday,Fix up inital content setting,8,101,109,1,0,0
a6d266adbd98090d9468cd5b7789d5fd8fff5477,Adam Berg,adam@xyzdigital.com,2026-01-19T07:58:16-08:00,2026-01-19,7,1,Monday,[AI] Add HTMLBlock component with custom HTML support,120,7,127,4,0,1
8de52cc12add1be959d7ca620f7dc35cd96b8b88,Adam Berg,adam@xyzdigital.com,2026-01-19T08:10:49-08:00,2026-01-19,8,1,Monday,"[AI] Render HTML only in PagesApp, not in BlockEditor",16,7,23,2,0,1
ddcaef639b60f0255c434c8fff26f474c90df489,Adam Berg,adam@xyzdigital.com,2026-01-19T08:15:40-08:00,2026-01-19,8,1,Monday,[AI] Use innerHTML for HTML blocks instead of string generation,65,24,89,1,0,1
599754faca70432dcde0da97a189dd8e11a0b9fa,Adam Berg,adam@xyzdigital.com,2026-01-19T08:19:59-08:00,2026-01-19,8,1,Monday,[AI] Hide Content/Design tabs for HTMLBlock settings,25,19,44,2,0,1
27117d32d70e14cab63457722ec4b6e267944f9c,Adam Berg,adam@xyzdigital.com,2026-01-19T08:20:02-08:00,2026-01-19,8,1,Monday,[AI] Fix redundant HTML block check in BlockSettingsSidebar,1,5,6,1,0,1
0f3ef32cca4206bd452f3c9622ff17bbcf0d86d6,Adam Berg,adam@xyzdigital.com,2026-01-19T08:20:30-08:00,2026-01-19,8,1,Monday,[AI] Update HTML block warning message text,2,2,4,2,0,1
018805631325365204c0ac651eca44e064b493ee,Adam Berg,adam@xyzdigital.com,2026-01-19T08:40:25-08:00,2026-01-19,8,1,Monday,[AI] Add tabs to HTML block settings with Content and Actions tabs,69,19,88,2,0,1
1e5cb0393f25c8e1ea7c60ecae3e0819ba2ffd73,Adam Berg,adam@xyzdigital.com,2026-01-19T08:43:17-08:00,2026-01-19,8,1,Monday,[AI] Replace HTML block automation trigger with multiple onClick actions,90,28,118,2,0,1
d60b3ca5e120486e55430383a840372d230ce338,Adam Berg,adam@xyzdigital.com,2026-01-19T08:45:02-08:00,2026-01-19,8,1,Monday,Add product model,198,0,198,1,0,0
de71d359988df98a5503f7949593511eef7d4e3d,Adam Berg,adam@xyzdigital.com,2026-01-19T08:45:50-08:00,2026-01-19,8,1,Monday,[AI] Add product dropdown for AddToCart action in HTML blocks,75,7,82,3,0,1
6264dbe246b27f0364ffe57950f5124b8fa98443,Adam Berg,adam@xyzdigital.com,2026-01-19T08:50:52-08:00,2026-01-19,8,1,Monday,[AI] Make Sales a top-level accordion with Overview and Products sub-items,582,6,588,6,0,1
287ed3c965dbec9a0a6e978a1ce25f51423ef4d1,Adam Berg,adam@xyzdigital.com,2026-01-19T08:55:06-08:00,2026-01-19,8,1,Monday,[AI] Hide Socials menu item from sidebar,0,42,42,1,0,1
1b65eee6bd4c956f8a840ab590defe2f93aefa78,Adam Berg,adam@xyzdigital.com,2026-01-19T08:55:42-08:00,2026-01-19,8,1,Monday,[AI] Remove Home menu item from sidebar,0,9,9,1,0,1
8f607d0830dd64a3e9b688e7a6b696cb5a1c45ba,Adam Berg,adam@xyzdigital.com,2026-01-19T08:56:27-08:00,2026-01-19,8,1,Monday,[AI] Move Settings to gear icon next to artist name in footer,6,9,15,1,0,1
208e2722d083c4894d10d325c42d9a43565337fe,Adam Berg,adam@xyzdigital.com,2026-01-19T08:57:33-08:00,2026-01-19,8,1,Monday,[AI] Hide Events menu item from sidebar,0,66,66,1,0,1
defa1ea10839d8411eaa6db2b0a672145ae9f618,Adam Berg,adam@xyzdigital.com,2026-01-19T09:03:58-08:00,2026-01-19,9,1,Monday,[AI] Add onClick handler to block outer divs,40,6,46,1,0,1
b00f1b370a59dfe53c85edc295409b9f48660eb0,Adam Berg,adam@xyzdigital.com,2026-01-19T09:14:15-08:00,2026-01-19,9,1,Monday,[AI] Add cart context and checkout dialog with 3 steps,531,2,533,4,0,1
c996b20ef0a21390a63f2ea7758698e5c7adc42a,Adam Berg,adam@xyzdigital.com,2026-01-19T09:15:26-08:00,2026-01-19,9,1,Monday,[AI] Add /api/products/:id route to pagesServer,70,1,71,3,0,1
88e96014ed15470afe5fa77c3307b93024c689e8,Adam Berg,adam@xyzdigital.com,2026-01-19T09:16:08-08:00,2026-01-19,9,1,Monday,[AI] Replace quantity select with +/- buttons in CheckoutDialog,37,25,62,1,0,1
819d371e9c12bbe69012018e9165285b1301071a,Adam Berg,adam@xyzdigital.com,2026-01-19T09:16:22-08:00,2026-01-19,9,1,Monday,[AI] Remove Quantity label from quantity selector,0,1,1,1,0,1
f67ead14df3a306ddd6ffd553521f2eaaca7ea2c,Adam Berg,adam@xyzdigital.com,2026-01-19T09:19:15-08:00,2026-01-19,9,1,Monday,[AI] Replace shipping inputs with Stripe AddressElement,41,128,169,3,0,1
f2698f4a877a0ce6a2c2221c6d6f5e1413c5152b,Adam Berg,adam@xyzdigital.com,2026-01-19T09:24:57-08:00,2026-01-19,9,1,Monday,[AI] Remove customerName input and divider,3,18,21,1,0,1
f60515e82087e5b83c99a0c395f6d0519113dd77,Adam Berg,adam@xyzdigital.com,2026-01-19T09:25:22-08:00,2026-01-19,9,1,Monday,[AI] Remove Shipping Address heading text,0,1,1,1,0,1
cb2ef71d0bc45826f8db8373357080772d97a1ec,Adam Berg,adam@xyzdigital.com,2026-01-19T09:29:30-08:00,2026-01-19,9,1,Monday,[AI] Integrate Stripe payment method collection in checkout step,289,58,347,1,0,1
33ed1210408cbee3009eee9368e0b1cce26b84af,Adam Berg,adam@xyzdigital.com,2026-01-19T09:31:34-08:00,2026-01-19,9,1,Monday,[AI] Store shipping address and email in CartContext for persistence,48,10,58,2,0,1
3b13fdec365e2af05d199dc3dc51a44cfec514cc,Adam Berg,adam@xyzdigital.com,2026-01-19T09:33:17-08:00,2026-01-19,9,1,Monday,[AI] Pre-populate AddressElement with shipping details from context,20,1,21,1,0,1
bedc895f75e5c05c30bfd3a5bc95744233e2ae10,Adam Berg,adam@xyzdigital.com,2026-01-19T09:34:12-08:00,2026-01-19,9,1,Monday,[AI] Persist quantity selections in cart context,14,0,14,1,0,1
4c2d8d2b44b606496ef093ef7cde4ed47f83bcd5,Adam Berg,adam@xyzdigital.com,2026-01-19T09:35:27-08:00,2026-01-19,9,1,Monday,[AI] Move Back button to dialog header as icon,23,25,48,1,0,1
5bc0798dfadebff8e3ecf9d7a5e56e61b5734fcd,Adam Berg,adam@xyzdigital.com,2026-01-19T09:36:12-08:00,2026-01-19,9,1,Monday,[AI] Make checkout dialog full screen,1,1,2,1,0,1
d5f9cb1f2bddd56c00ce4ac04bf18b5d71ba02df,Adam Berg,adam@xyzdigital.com,2026-01-19T09:38:07-08:00,2026-01-19,9,1,Monday,[AI] Add max-width container to dialog content,19,17,36,1,0,1
09851c7b9e8499c03d5d4551287b7c1f360d18bd,Adam Berg,adam@xyzdigital.com,2026-01-19T09:38:46-08:00,2026-01-19,9,1,Monday,[AI] Add w-full to dialog content container,1,1,2,1,0,1
de8872c91e55738c9dafae7dcfd1bf525dde6bc7,Adam Berg,adam@xyzdigital.com,2026-01-19T09:40:49-08:00,2026-01-19,9,1,Monday,Remvoe loge,0,1,1,1,0,0
519267fde18c6d5bb84657061af26102224972de,Adam Berg,adam@xyzdigital.com,2026-01-19T09:50:03-08:00,2026-01-19,9,1,Monday,Add StripeAccount model,62,0,62,1,0,0
7402a3cdabe84f05223d62ae5a6c23a17025dc79,Adam Berg,adam@xyzdigital.com,2026-01-19T09:53:53-08:00,2026-01-19,9,1,Monday,[AI] Add StripeAccount fetch to getPageByHostname,16,1,17,1,0,1
662e2894d316dfd93886713bc14e64c8843899c5,Adam Berg,adam@xyzdigital.com,2026-01-19T09:54:55-08:00,2026-01-19,9,1,Monday,[AI] Use dynamic Stripe publishableKey from API in CheckoutDialog,20,4,24,2,0,1
7614e94608d904dbb10da6a2c9cb6d683873e667,Adam Berg,adam@xyzdigital.com,2026-01-19T10:05:24-08:00,2026-01-19,10,1,Monday,[AI] Add Settings Integrations page with Stripe Connect,268,2,270,8,0,1
95a0d75beac831e28fda1990160f450d59982b8b,Adam Berg,adam@xyzdigital.com,2026-01-19T10:09:33-08:00,2026-01-19,10,1,Monday,[AI] Update Stripe Connect to use OAuth flow with JWT state,23,43,66,4,0,1
e99c4b7e50602cbdf5f83a1ef0dfae2274a56302,Adam Berg,adam@xyzdigital.com,2026-01-19T10:11:15-08:00,2026-01-19,10,1,Monday,[AI] Use STRIPE_CONNECT_CLIENT_ID for Stripe client ID,1,1,2,1,0,1
4a8c7d3f251934f64d9e8c39a77f1915729edda5,Adam Berg,adam@xyzdigital.com,2026-01-19T10:11:37-08:00,2026-01-19,10,1,Monday,[AI] Remove outer 'us' property from stripe config,2,4,6,2,0,1
2ecb9f9dd6b213e9dcbefc59a8d56be54a1066ba,Adam Berg,adam@xyzdigital.com,2026-01-19T10:13:26-08:00,2026-01-19,10,1,Monday,[AI] Use JWT_KEY for JWT signing,2,2,4,2,0,1
a1350cf2fde3c71e874e5ddfb2e5c4ae30dfbcc6,Adam Berg,adam@xyzdigital.com,2026-01-19T10:15:28-08:00,2026-01-19,10,1,Monday,[AI] Change redirect_uri and add OAuth callback route,22,2,24,2,0,1
47731de8171a9ab5832186f2d60394439ea1438d,Adam Berg,adam@xyzdigital.com,2026-01-19T10:15:33-08:00,2026-01-19,10,1,Monday,"[AI] Update OAuth callback to handle GET and POST, log query params and body",19,3,22,2,0,1
b619db467db9651940a3c919e338b9dcc409534b,Adam Berg,adam@xyzdigital.com,2026-01-19T10:16:02-08:00,2026-01-19,10,1,Monday,[AI] Move StripeAccountController to folder structure,101,0,101,4,0,1
03b2c043e469f2496d57d2a3645468440f4f3bfb,Adam Berg,adam@xyzdigital.com,2026-01-19T10:18:47-08:00,2026-01-19,10,1,Monday,[AI] Update Stripe OAuth callback to save StripeAccount,101,117,218,2,0,1
6e8b5c70a2e7401ba1919b253934be164fa33f9d,Adam Berg,adam@xyzdigital.com,2026-01-19T10:22:19-08:00,2026-01-19,10,1,Monday,[AI] Add console.error logging for all error cases in Stripe OAuth callback,21,8,29,1,0,1
1f5e8949f5aac5432aae2d688804221b947741b1,Adam Berg,adam@xyzdigital.com,2026-01-19T10:22:24-08:00,2026-01-19,10,1,Monday,[AI] Add console.error for session check in Stripe OAuth callback,5,0,5,1,0,1
d66b4f92da857c8e0de3d93a653f0547c9f7e7ab,Adam Berg,adam@xyzdigital.com,2026-01-19T10:23:49-08:00,2026-01-19,10,1,Monday,[AI] Remove session dependency from Stripe OAuth callback,9,21,30,2,0,1
c47b2c99b3fa869759257694e4e21851841da1de,Adam Berg,adam@xyzdigital.com,2026-01-19T10:26:54-08:00,2026-01-19,10,1,Monday,[AI] Add ability to disconnect StripeAccount,80,2,82,4,0,1
2e17294cc0bd99ce1334ae8a232aaf24dde9efad,Adam Berg,adam@xyzdigital.com,2026-01-19T10:33:03-08:00,2026-01-19,10,1,Monday,[AI] Add checkout API endpoint to charge card using StripeAccount,144,2,146,3,0,1
7d366765edf07ea0836e342f74df0d40924e6318,Adam Berg,adam@xyzdigital.com,2026-01-19T10:36:09-08:00,2026-01-19,10,1,Monday,[AI] Move /api/checkout route to pagesServer.tsx,8,22,30,4,0,1
1360871d7292228b04c7d49350aee5023b6bb1f6,Adam Berg,adam@xyzdigital.com,2026-01-19T10:37:48-08:00,2026-01-19,10,1,Monday,[AI] Store page data in PageContext and use stripeAccount in loadStripe,60,12,72,4,0,1
3d26b8481265165b852f72e10162a1144965a3b0,Adam Berg,adam@xyzdigital.com,2026-01-19T10:40:13-08:00,2026-01-19,10,1,Monday,Add required platformFee,1,0,1,1,0,0
77515ef41a43401aec3fa0ee97d6a0f91712113d,Adam Berg,adam@xyzdigital.com,2026-01-19T17:04:55-08:00,2026-01-19,17,1,Monday,[AI] Filter products to only return where type is not set,8,1,9,1,0,1
107afaa373b1b25a3ff25589f109406f2ac675db,Adam Berg,adam@xyzdigital.com,2026-01-19T17:04:59-08:00,2026-01-19,17,1,Monday,[AI] Fix product filter query - remove undefined check,1,2,3,1,0,1
1b9102c60679768b132111c9c52a63cf6e6d8890,Adam Berg,adam@xyzdigital.com,2026-01-21T07:15:02-08:00,2026-01-21,7,3,Wednesday,[AI] Add CheckoutSettings model and Checkout tab to Settings page,488,2,490,8,0,1
be07c3a988c61100dba032eba905c888356897b0,Adam Berg,adam@xyzdigital.com,2026-01-21T07:16:11-08:00,2026-01-21,7,3,Wednesday,[AI] Add Checkout tab to SettingsIntegrationsRoute,31,1,32,1,0,1
aa5a209127969bd6a5b77a2e6f2f8d1693da7d19,Adam Berg,adam@xyzdigital.com,2026-01-21T07:17:09-08:00,2026-01-21,7,3,Wednesday,[AI] Remove Billing and SMS settings routes and tabs,3,177,180,5,0,1
048e3229f39ebf8e2dd32a4907c968c653164501,Adam Berg,adam@xyzdigital.com,2026-01-21T07:17:48-08:00,2026-01-21,7,3,Wednesday,[AI] Wrap tipping settings in a card component,131,125,256,1,0,1
05646fce39fe0c7f1e46248d4c91cfd38cea3595,Adam Berg,adam@xyzdigital.com,2026-01-21T07:18:45-08:00,2026-01-21,7,3,Wednesday,[AI] Replace checkbox with toggle switch in card header,48,13,61,2,0,1
cc70084921f4d77a32080b5363ff4df78df0f9e7,Adam Berg,adam@xyzdigital.com,2026-01-21T07:21:40-08:00,2026-01-21,7,3,Wednesday,[AI] Replace alert with toast notifications using sonner,48,2,50,5,0,1
c787fedb9c6fdc4e4317fdb521abe3b49914f6cf,Adam Berg,adam@xyzdigital.com,2026-01-21T07:22:21-08:00,2026-01-21,7,3,Wednesday,[AI] Position toast notifications at bottom center,1,0,1,1,0,1
ee56db5df602f700cc0bd7a86e83b01475ecc488,Adam Berg,adam@xyzdigital.com,2026-01-21T07:31:50-08:00,2026-01-21,7,3,Wednesday,[AI] Add tip functionality to checkout dialog,151,9,160,4,0,1
3813907138efae6f756f3c57603111e24ec6c396,Adam Berg,adam@xyzdigital.com,2026-01-21T07:40:17-08:00,2026-01-21,7,3,Wednesday,[AI] Fix tip button text color to white when selected,3,3,6,1,0,1
3dbb849295fb78df28082936ebb9dda3fe337739,Adam Berg,adam@xyzdigital.com,2026-01-21T07:41:18-08:00,2026-01-21,7,3,Wednesday,[AI] Use grey background for selected tip amount buttons,6,6,12,1,0,1
95354feabc3e9592751a1d0fa24b5e61e6b135ad,Adam Berg,adam@xyzdigital.com,2026-01-21T07:42:17-08:00,2026-01-21,7,3,Wednesday,[AI] Default tip amount to preset1 when checkbox is first selected,7,1,8,1,0,1
a56e0776530d550895b6e2aeaacfc8f693cadeb2,Adam Berg,adam@xyzdigital.com,2026-01-21T07:44:28-08:00,2026-01-21,7,3,Wednesday,[AI] Include tip amount in checkout API charge,5,3,8,1,0,1
b286035e9fd408bc98b9bc3361800550e0fc1d5b,Adam Berg,adam@xyzdigital.com,2026-01-21T08:04:07-08:00,2026-01-21,8,3,Wednesday,[AI] Add order confirmation email after checkout,129,0,129,2,0,1
c82cbb8a26ba7251919ccebd817e2db6e8c51ac4,Adam Berg,adam@xyzdigital.com,2026-01-21T08:05:34-08:00,2026-01-21,8,3,Wednesday,[AI] Set replyTo email to artist.replyToEmail,29,19,48,2,0,1
e225aa2284f7e51ea290282bfb45bf29ff6c4ab5,Adam Berg,adam@xyzdigital.com,2026-01-21T08:08:46-08:00,2026-01-21,8,3,Wednesday,[AI] Add EmailSettings model and route,286,1,287,7,0,1
c98335a5891c21cf6f8cce2d9d1610bcd3fadabe,Adam Berg,adam@xyzdigital.com,2026-01-21T08:09:17-08:00,2026-01-21,8,3,Wednesday,[AI] Add email tab to all settings pages,55,5,60,3,0,1
3d2f293700d311e0940e05331d6d29ed5b206f68,Adam Berg,adam@xyzdigital.com,2026-01-21T08:10:14-08:00,2026-01-21,8,3,Wednesday,[AI] Simplify email settings UI,1,5,6,1,0,1
bd94695c7a9169fa2a225d9521b93bdd632baffb,Adam Berg,adam@xyzdigital.com,2026-01-21T08:10:59-08:00,2026-01-21,8,3,Wednesday,[AI] Use EmailSettings replyTo in sendEmail service,16,9,25,2,0,1
e88e6b53c319e6cc55732b83f5629d053244b05a,Adam Berg,adam@xyzdigital.com,2026-01-21T08:11:25-08:00,2026-01-21,8,3,Wednesday,"[AI] Always use EmailSettings replyTo, remove custom replyTo parameter",8,11,19,1,0,1
b272930b0237da92ff9dc145ac4c0af4d727d0a2,Adam Berg,adam@xyzdigital.com,2026-01-21T08:12:40-08:00,2026-01-21,8,3,Wednesday,[AI] Fix finalReplyTo variable name error,2,2,4,1,0,1
c3f5898c989eba4bb1ee35805572c981212ffe02,Adam Berg,adam@xyzdigital.com,2026-01-21T08:13:41-08:00,2026-01-21,8,3,Wednesday,[AI] Set from name to artist.name in sendEmail,5,0,5,1,0,1
01b6d60c2eb511bf1e1361800e1efd4b19f5ae65,Adam Berg,adam@xyzdigital.com,2026-01-30T07:16:22-08:00,2026-01-30,7,5,Friday,[AI] Add 401 redirect to login in SyncContext,8,1,9,1,0,1
b8256b1b75e8c12dab5a9c15e77f73fabdd80c6e,Adam Berg,adam@xyzdigital.com,2026-01-30T07:18:38-08:00,2026-01-30,7,5,Friday,[AI] Add logout functionality to settings page,118,23,141,3,0,1
70138c1b2605f242aa918e19d0d72d03bd22fa9d,Adam Berg,adam@xyzdigital.com,2026-01-30T07:19:24-08:00,2026-01-30,7,5,Friday,[AI] Add Account tab to settings and move logout there,194,75,269,6,0,1
99c433437cc89e41974060dd0c8343c5e10d32b0,Adam Berg,adam@xyzdigital.com,2026-01-30T07:19:50-08:00,2026-01-30,7,5,Friday,[AI] Make Account tab first and default in settings,25,25,50,5,0,1
0041b2dce6828e3c6dc70a38bd2c7126f2e6751d,Adam Berg,adam@xyzdigital.com,2026-01-30T07:21:27-08:00,2026-01-30,7,5,Friday,Remove logo and title,0,14,14,2,0,0
e32c370eb3e665b49e50e57c3c6294cb2d348f05,Adam Berg,adam@xyzdigital.com,2026-01-30T07:29:48-08:00,2026-01-30,7,5,Friday,[AI] Convert Create Contact drawer to dialog and use react-phone-number-input,28,26,54,1,0,1
11938c16bbd3f1fbc04e8c98af5f58d0a5aa1fc4,Adam Berg,adam@xyzdigital.com,2026-01-30T07:30:15-08:00,2026-01-30,7,5,Friday,[AI] Fix Drawer import error - restore Drawer imports for Add to Group drawer,8,0,8,1,0,1
592bef684c6c06b9dcdfbb073dfd77fff2175034,Adam Berg,adam@xyzdigital.com,2026-01-30T07:30:46-08:00,2026-01-30,7,5,Friday,[AI] Replace all phone number inputs with react-phone-number-input,17,11,28,3,0,1
e38d0b6a058b01f6c5dce8cf7dfbad6c338a512e,Adam Berg,adam@xyzdigital.com,2026-01-30T07:32:17-08:00,2026-01-30,7,5,Friday,[AI] Change country prop to defaultCountry in PhoneInput components,5,5,10,5,0,1
cf37dbcd86c35a91d85f1376191e555397243433,Adam Berg,adam@xyzdigital.com,2026-01-30T07:32:39-08:00,2026-01-30,7,5,Friday,[AI] Add international prop to all PhoneInput components,5,0,5,5,0,1
6eaa32703847c519395c88e189cbfe94cdaeb450,Adam Berg,adam@xyzdigital.com,2026-01-30T07:35:18-08:00,2026-01-30,7,5,Friday,[AI] Update PhoneInput import and remove international prop,8,11,19,6,0,1
7dc76eba8b5ec55758dfb42520a56ee6fa17e32d,Adam Berg,adam@xyzdigital.com,2026-01-30T07:35:43-08:00,2026-01-30,7,5,Friday,[AI] Remove placeholder from all PhoneInput components,0,4,4,4,0,1
6d344ff7ac7c26120c1809c5c40ec35bb7f33faf,Adam Berg,adam@xyzdigital.com,2026-01-30T07:40:52-08:00,2026-01-30,7,5,Friday,[AI] Add location search functionality to MapPicker component,57,0,57,1,0,1
38f79be3e00cdc04d45676f658f7f1b500dfd252,Adam Berg,adam@xyzdigital.com,2026-01-30T07:58:03-08:00,2026-01-30,7,5,Friday,[AI] Fix BlockEditor scrolling to contain within parent container,2,2,4,1,0,1
05f5b4cda68dbef9ece403a5664f14cd4640ede2,Adam Berg,adam@xyzdigital.com,2026-01-30T08:02:13-08:00,2026-01-30,8,5,Friday,Update scrolling and padding,2,2,4,1,0,0
34505b685caf918e2d60f7a2f2874877899a2f25,Adam Berg,adam@xyzdigital.com,2026-01-30T08:05:05-08:00,2026-01-30,8,5,Friday,[AI] Replace contenteditable with textarea in TextBlock component,8,27,35,1,0,1
c7550aa927694dc662a9b947b5635bd7d27452a4,Adam Berg,adam@xyzdigital.com,2026-01-30T08:05:35-08:00,2026-01-30,8,5,Friday,[AI] Add auto-resize height functionality to TextBlock textarea,17,0,17,1,0,1
7cf8677246d126141b4ac18ed3674bbf2d7978c6,Adam Berg,adam@xyzdigital.com,2026-01-30T08:18:37-08:00,2026-01-30,8,5,Friday,[AI] Replace EmailSettings with CustomEmail in sendEmail service,53,124,177,6,0,1
cdb2fbf1cf53c2b63053f0f2061e968336dc2393,Adam Berg,adam@xyzdigital.com,2026-01-30T08:19:06-08:00,2026-01-30,8,5,Friday,"[AI] Require CustomEmail.email in sendEmail, throw error if not set",5,1,6,1,0,1
e9e65a27dde9c51e05d545add257703335ba3e94,Adam Berg,adam@xyzdigital.com,2026-01-30T08:20:10-08:00,2026-01-30,8,5,Friday,[AI] Update email settings page to create/edit CustomEmail documents,285,20,305,4,0,1
10d722aaaf086a165c464b7ea69a56e9fd7bc2f5,Adam Berg,adam@xyzdigital.com,2026-01-30T08:20:31-08:00,2026-01-30,8,5,Friday,[AI] Simplify email settings to only allow setting email address,19,202,221,2,0,1
469e23bd8a5da9e5297d9551c1002242b39f423f,Adam Berg,adam@xyzdigital.com,2026-01-30T08:20:41-08:00,2026-01-30,8,5,Friday,[AI] Remove other properties from CustomEmail model,0,18,18,1,0,1
51fa9b9a44a187bd0735440d3891724511ab5026,Adam Berg,adam@xyzdigital.com,2026-01-30T08:22:08-08:00,2026-01-30,8,5,Friday,[AI] Update sendTestEmailCampaign to use same from logic as sendEmail,23,2,25,1,0,1
a8c1592ed6cde1038506b7454e4448662a8a82b6,Adam Berg,adam@xyzdigital.com,2026-01-30T08:29:31-08:00,2026-01-30,8,5,Friday,[AI] Convert Create Group drawer to dialog,26,25,51,1,0,1
a0f0ba9cffbcf2733eef6ef8ba89f0dacaf20fa3,Adam Berg,adam@xyzdigital.com,2026-01-30T08:30:36-08:00,2026-01-30,8,5,Friday,[AI] Convert Add to Group drawer to dialog,18,26,44,1,0,1
b3082cba666c3391d79b1dd3b7d18cb7c5253101,Adam Berg,adam@xyzdigital.com,2026-01-30T08:31:33-08:00,2026-01-30,8,5,Friday,[AI] Sort emails by _id descending in EmailCampaigns,6,1,7,1,0,1
ae24cfa62c9c981546eb3d3d64918fb81940e623,Adam Berg,adam@xyzdigital.com,2026-01-30T08:33:25-08:00,2026-01-30,8,5,Friday,[AI] Add dropdown menu with delete option to email campaigns,122,3,125,4,0,1
3d3e4c5906fdafc26e5c3ecbeb45b6e640793a58,Adam Berg,adam@xyzdigital.com,2026-01-30T08:36:14-08:00,2026-01-30,8,5,Friday,[AI] Update sendEmailCampaign to use CustomEmail model for from address,21,2,23,1,0,1
cb125a104de4a86d8b2ec94ae4f6127fb977c686,Adam Berg,adam@xyzdigital.com,2026-01-30T08:53:55-08:00,2026-01-30,8,5,Friday,[AI] Send email campaigns individually to prevent recipients seeing each other,13,11,24,1,0,1
808e209bf6a908065048726b526a7aa1075d5f48,Adam Berg,adam@xyzdigital.com,2026-01-30T08:55:14-08:00,2026-01-30,8,5,Friday,Fix subject,1,1,2,1,0,0
44a6eda7a44abcabfca7cc2217bf9ad816245df5,Adam Berg,adam@xyzdigital.com,2026-01-30T08:56:57-08:00,2026-01-30,8,5,Friday,[AI] Send SMS campaign to all leads with phone numbers when no filters selected,20,4,24,1,0,1
425d6e7134c8457b32818f94a61d55b012395fc4,Adam Berg,adam@xyzdigital.com,2026-01-30T08:59:01-08:00,2026-01-30,8,5,Friday,"[AI] Always show Recipients selected count, show all leads count when no filters",35,41,76,1,0,1
9f7fbd04c6976a0d68ad79d00d720a764c735034,Adam Berg,adam@xyzdigital.com,2026-01-30T09:03:18-08:00,2026-01-30,9,5,Friday,[AI] Add Phone tab to settings,294,0,294,7,0,1
8e2376fcd3471f1cf507f830b695de15b901589d,Adam Berg,adam@xyzdigital.com,2026-01-30T09:06:44-08:00,2026-01-30,9,5,Friday,[AI] Set international={false} on all PhoneInput components,6,0,6,6,0,1
40a5c6b674f6add0adb36bc189315d57cec63de4,Adam Berg,adam@xyzdigital.com,2026-01-30T09:07:53-08:00,2026-01-30,9,5,Friday,[AI] Sort SMS campaigns by _id descending,1,1,2,1,0,1
c04f7700b0c0c208357e6fd77423dd9891552a81,Adam Berg,adam@xyzdigital.com,2026-01-30T09:12:15-08:00,2026-01-30,9,5,Friday,[AI] Add dropdown menu to delete SMS campaigns with draft status,123,4,127,4,0,1
f64dcc8a246abf2801ef24fb0430c50a0b2a0377,Adam Berg,adam@xyzdigital.com,2026-01-30T09:36:09-08:00,2026-01-30,9,5,Friday,[AI] Add SMSInbox route with tabs and conversation grouping,403,72,475,7,0,1
2a23c0ecf09390fca3d38040edc0a7fa4f14c682,Adam Berg,adam@xyzdigital.com,2026-01-30T09:36:34-08:00,2026-01-30,9,5,Friday,[AI] Right align timestamp on SMS messages,1,1,2,1,0,1
6bef746466ed7ac682772351a4eb15fbafd59318,Adam Berg,adam@xyzdigital.com,2026-01-30T09:37:15-08:00,2026-01-30,9,5,Friday,[AI] Update SMS sidebar link to default to inbox and highlight for both inbox and campaigns,2,2,4,1,0,1
13ec1c4bbefc1afc016931592dab50f428186dbd,Adam Berg,adam@xyzdigital.com,2026-01-30T09:40:53-08:00,2026-01-30,9,5,Friday,[AI] Populate leads in SMS messages and display names in UI,63,4,67,2,0,1
372cd3211d2dba6f8ec70317fb5ef9fcb4f2e931,Adam Berg,adam@xyzdigital.com,2026-01-30T09:42:20-08:00,2026-01-30,9,5,Friday,[AI] Ensure phone numbers list and messages scroll independently,5,5,10,1,0,1
fa55a1c158a260c8d3e08deac2cc4e14af9b4f27,Adam Berg,adam@xyzdigital.com,2026-01-30T09:46:38-08:00,2026-01-30,9,5,Friday,[AI] Constrain SMS inbox to screen height with independent scrolling,17,15,32,1,0,1
645b6e6157cffc668b1748d447843beaca4d3a9c,Adam Berg,adam@xyzdigital.com,2026-01-30T09:47:50-08:00,2026-01-30,9,5,Friday,[AI] Subtract 56px from screen height to prevent double scroll,1,1,2,1,0,1
6bac3247a417c33147e1a7ac5c759ad69eb52faf,Adam Berg,adam@xyzdigital.com,2026-01-30T09:49:00-08:00,2026-01-30,9,5,Friday,fix calc,1,1,2,1,0,0
4d3585a770d5b7efba63614bb985f325258a8338,Adam Berg,adam@xyzdigital.com,2026-01-30T13:56:52-08:00,2026-01-30,13,5,Friday,[AI] Add shopify.productId and kunaki.productId properties to Product model and edit form,50,0,50,2,0,1
5e62dc56f247f016804378ccb1c58d54eb5fba9c,Adam Berg,adam@xyzdigital.com,2026-01-30T13:58:02-08:00,2026-01-30,13,5,Friday,[AI] Update API to store shopify.productId and kunaki.productId values,33,8,41,2,0,1
a602ad36698edbfd0c5bd738792bc39feb4bf137,Adam Berg,adam@xyzdigital.com,2026-01-30T14:02:46-08:00,2026-01-30,14,5,Friday,[AI] Add Shopify model and Integration settings page section,325,10,335,8,0,1
6e199d273cd464571249c8271aa40739ba3d0990,Adam Berg,adam@xyzdigital.com,2026-01-30T14:04:18-08:00,2026-01-30,14,5,Friday,[AI] Replace alerts with sonner toast notifications in SettingsIntegrations,8,7,15,1,0,1
d870b0e30312db71844806b1abe1931b05711012,Adam Berg,adam@xyzdigital.com,2026-01-30T14:06:21-08:00,2026-01-30,14,5,Friday,[AI] Update Shopify webhook route to log document and request body,4,1,5,1,0,1
1723d10f0112e6671cb0dc1ca38777fad9ddf243,Adam Berg,adam@xyzdigital.com,2026-01-30T14:07:00-08:00,2026-01-30,14,5,Friday,[AI] Add webhookSigningKey to Shopify model and settings page,115,2,117,5,0,1
55259652aa49e9e2aa4a61249e1dc5be81930809,Adam Berg,adam@xyzdigital.com,2026-01-30T14:09:04-08:00,2026-01-30,14,5,Friday,Add order payment webhook sample response,584,0,584,1,0,0
9c562f000922349eb66a1278d2f0e5a8e7865492,Adam Berg,adam@xyzdigital.com,2026-01-30T14:13:23-08:00,2026-01-30,14,5,Friday,[AI] Extract and log productIds from Shopify webhook line_items,10,1,11,1,0,1
aa880e9c9e5e87933da89a90123c2a03b9244545,Adam Berg,adam@xyzdigital.com,2026-01-30T14:14:26-08:00,2026-01-30,14,5,Friday,[AI] Find and log Product documents matching Shopify productIds,12,0,12,1,0,1
fb45a790c5b7c0e9be6d1d61cb48e23a41bf4360,Adam Berg,adam@xyzdigital.com,2026-01-30T14:15:57-08:00,2026-01-30,14,5,Friday,[AI] Add Kunaki model and integration page support,409,3,412,9,0,1
226ebc4aa09d6d1c8a35506bc928911d65bf72f1,Adam Berg,adam@xyzdigital.com,2026-01-30T14:21:47-08:00,2026-01-30,14,5,Friday,[AI] Add KunakiService with createKunakiOrder function,186,0,186,3,0,1
9790db1378944944896310c10aa3f2bcbc7dc445,Adam Berg,adam@xyzdigital.com,2026-01-30T14:24:06-08:00,2026-01-30,14,5,Friday,[AI] Add KUNAKI_MODE to config and use in createKunakiOrder,5,1,6,2,0,1
b70d88ce76f422a487f7d3e90eaf4a0457ddbcb6,Adam Berg,adam@xyzdigital.com,2026-01-30T14:26:46-08:00,2026-01-30,14,5,Friday,[AI] Add tabs to ProductEdit and conditionally show Shopify/Kunaki tabs,118,67,185,2,0,1
eb33c3fdcb36290e60eff2c927121c945d2173a7,Adam Berg,adam@xyzdigital.com,2026-01-30T14:28:24-08:00,2026-01-30,14,5,Friday,[AI] Add /api/kunaki/test route and Test button in Kunaki tab,151,1,152,4,0,1
428faa1dc7e59c0f2063e19d318627418bc8b5ce,Adam Berg,adam@xyzdigital.com,2026-01-30T14:32:22-08:00,2026-01-30,14,5,Friday,[AI] Add getKunakiShippingOptions function,119,0,119,2,0,1
94e2e5f92e21715b80d7a555bd554d3f36fd1382,Adam Berg,adam@xyzdigital.com,2026-01-30T14:33:56-08:00,2026-01-30,14,5,Friday,[AI] Add /debug/kunaki route and /api/kunaki/getShippingOptions endpoint,308,1,309,5,0,1
81a703777be444654bda774b0edadf6bd14ca092,Adam Berg,adam@xyzdigital.com,2026-01-30T14:36:58-08:00,2026-01-30,14,5,Friday,[AI] Update getKunakiShippingOptions to only allow one productId,46,90,136,3,0,1
b9ea5527e9dcf6cd4731dd5d512758b28ec529eb,Adam Berg,adam@xyzdigital.com,2026-01-30T14:40:23-08:00,2026-01-30,14,5,Friday,[AI] Remove Test Order button from ProductEdit and add test order section to debug page,108,42,150,2,0,1
4ca1b28203331047fe5a3d8df8bcbc9a659b54f7,Adam Berg,adam@xyzdigital.com,2026-01-30T14:42:06-08:00,2026-01-30,14,5,Friday,[AI] Allow multiple product IDs in getKunakiShippingOptions,90,46,136,3,0,1
5fec815ca4e9c80880a225467fa31ae2d937100e,Adam Berg,adam@xyzdigital.com,2026-01-30T14:43:30-08:00,2026-01-30,14,5,Friday,[AI] Add full shipping address form and use form data for test orders,175,41,216,2,0,1
3a96bec9f3d7f71a33f87b74ab8c4b1deee82025,Adam Berg,adam@xyzdigital.com,2026-01-30T14:49:09-08:00,2026-01-30,14,5,Friday,[AI] Remove Company parameter from Kunaki order URL,3,2,5,2,0,1
60f6181b3f2cdf318370cce53d0de2bffbbde922,Adam Berg,adam@xyzdigital.com,2026-01-30T14:55:22-08:00,2026-01-30,14,5,Friday,[AI] Call getKunakiShippingOptions before createKunakiOrder in webhook,53,5,58,1,0,1
d3523a0ece4b971557228ad561d70a5f9601eeab,Adam Berg,adam@xyzdigital.com,2026-01-30T14:56:26-08:00,2026-01-30,14,5,Friday,[AI] Refactor createKunakiOrder to accept destructured parameters,32,60,92,3,0,1
4198308648d53a4d5a10c128f75a3ae9df12fdea,Adam Berg,adam@xyzdigital.com,2026-01-30T14:57:38-08:00,2026-01-30,14,5,Friday,[AI] Extract kunaki products in webhook controller and pass only those,18,4,22,2,0,1
f2f712293df27b6ffdf06c7af993ffd74c104894,Adam Berg,adam@xyzdigital.com,2026-01-30T14:59:53-08:00,2026-01-30,14,5,Friday,[AI] Simplify createKunakiOrder to accept orderedProducts array,21,69,90,3,0,1
b45a4cb3f2fdc851583fa145a4d023b0300303ed,Adam Berg,adam@xyzdigital.com,2026-01-30T15:01:20-08:00,2026-01-30,15,5,Friday,remove log,0,2,2,1,0,0
f91abb330b2492403db20c3ba0206ac8a46da5ec,Adam Berg,adam@xyzdigital.com,2026-01-30T15:05:53-08:00,2026-01-30,15,5,Friday,Remove logs,1,10,11,1,0,0
32ef4e1eecbfbf5480b98f22be08864d69ec102c,Adam Berg,adam@xyzdigital.com,2026-02-02T08:16:34-08:00,2026-02-02,8,1,Monday,[AI] Remove Contact Capture block,10,626,636,7,0,1
1c306edd990497d873b07cc2130bc22a8b1f2287,Adam Berg,adam@xyzdigital.com,2026-02-02T08:17:33-08:00,2026-02-02,8,1,Monday,"[AI] Update Add Block dialog: remove descriptions, add icons, show in 2-column grid",14,26,40,1,0,1
20215057711e94b92ed3cdccd8c24a30b0d0260b,Adam Berg,adam@xyzdigital.com,2026-02-02T08:17:51-08:00,2026-02-02,8,1,Monday,[AI] Remove cancel button from Add Block dialog,0,13,13,1,0,1
02eccbfdbe9ea23721937e4a0a1c3eba7fca601d,Adam Berg,adam@xyzdigital.com,2026-02-02T08:21:02-08:00,2026-02-02,8,1,Monday,[AI] Add Input block type with configurable settings,201,10,211,6,0,1
821af6adb42a2218916e7074ab3dd06ed80f1b4c,Adam Berg,adam@xyzdigital.com,2026-02-02T08:21:44-08:00,2026-02-02,8,1,Monday,[AI] Fix Input block icon import error,2,2,4,1,0,1
675229e5624ad0efcd5b3396284ddbe59dc4a5e0,Adam Berg,adam@xyzdigital.com,2026-02-02T08:22:29-08:00,2026-02-02,8,1,Monday,[AI] Auto-select newly created blocks to open settings sidebar,1,0,1,1,0,1
f2ddf847f0a0c98368f04ac9d6118c5ef613b31e,Adam Berg,adam@xyzdigital.com,2026-02-02T08:23:12-08:00,2026-02-02,8,1,Monday,[AI] Remove disabled attribute from Input block,1,2,3,1,0,1
279a49775be8059466f487242bbdf0fdeadc43bc,Adam Berg,adam@xyzdigital.com,2026-02-02T08:23:47-08:00,2026-02-02,8,1,Monday,[AI] Mute placeholder text color in Input block,1,1,2,1,0,1
4bb095fdfa82296553fcfee185e6743cca44e4f3,Adam Berg,adam@xyzdigital.com,2026-02-02T08:24:18-08:00,2026-02-02,8,1,Monday,[AI] Add missing darkenColor function to PagesApp,10,0,10,1,0,1
b156bf9ed7bfceab35b0ebe36f00238923961977,Adam Berg,adam@xyzdigital.com,2026-02-02T08:25:02-08:00,2026-02-02,8,1,Monday,[AI] Add muted placeholder color to Input block in PagesApp,4,2,6,1,0,1
199697c87a439129489cdcc6beadfdf9df75e830,Adam Berg,adam@xyzdigital.com,2026-02-02T08:27:04-08:00,2026-02-02,8,1,Monday,[AI] Remove margin from Input block in PagesApp to match BlockEditor,1,1,2,1,0,1
2679f628bc0600556bd1bbab2bebc9fb938d666f,Adam Berg,adam@xyzdigital.com,2026-02-02T08:29:15-08:00,2026-02-02,8,1,Monday,[AI] Match space-y-2 spacing from InputBlock in PagesApp,3,2,5,1,0,1
8519c5be9ea261d6c28d2a2fd5aec955983ff7de,Adam Berg,adam@xyzdigital.com,2026-02-02T08:29:52-08:00,2026-02-02,8,1,Monday,[AI] Use space-y-2 Tailwind class in PagesApp Input block rendering,3,4,7,1,0,1
7fdff1cbc8fdf2ce6a156641abf80f7c53a072a5,Adam Berg,adam@xyzdigital.com,2026-02-02T08:33:30-08:00,2026-02-02,8,1,Monday,[AI] Add Maps To dropdown to Input block settings,36,1,37,2,0,1
8ea189c4cab1bc298e0d734a0ce80558fc888930,Adam Berg,adam@xyzdigital.com,2026-02-02T08:37:09-08:00,2026-02-02,8,1,Monday,[AI] Replace Button URL with Actions tab and On Click actions,106,37,143,4,0,1
966e30db6d05555a6bb91612a97390fee13f2e7f,Adam Berg,adam@xyzdigital.com,2026-02-02T08:39:18-08:00,2026-02-02,8,1,Monday,[AI] Combine duplicate tabs for Button settings,74,79,153,1,0,1
2d74fd9262821e7d8009c89d19527a6677fc2b42,Adam Berg,adam@xyzdigital.com,2026-02-02T08:39:28-08:00,2026-02-02,8,1,Monday,[AI] Move Actions tab to last position for Button settings,67,67,134,1,0,1
0447797ecbd698180730ab2fc4b180f49ca7f034,Adam Berg,adam@xyzdigital.com,2026-02-02T08:41:55-08:00,2026-02-02,8,1,Monday,[AI] Add Submit On Click action to Button settings,8,3,11,3,0,1
feb21756216484af14acf440ca7607b4650c1a6b,Adam Berg,adam@xyzdigital.com,2026-02-02T08:42:56-08:00,2026-02-02,8,1,Monday,[AI] Use react-phone-number-input for phone inputs,67,10,77,2,0,1
abd5cf5732126aca8f69d6408c4a16b2394b5503,Adam Berg,adam@xyzdigital.com,2026-02-02T08:58:42-08:00,2026-02-02,8,1,Monday,[AI] Remove margin around button in PagesApp,1,1,2,1,0,1
3f88d466f84c95044c698f80a4877bbbd8974803,Adam Berg,adam@xyzdigital.com,2026-02-02T09:12:32-08:00,2026-02-02,9,1,Monday,[AI] Add PageResponse model and Submit button action handling,110,21,131,3,0,1
1ccc744c341561c195d0be57c75161ee82a976ff,Adam Berg,adam@xyzdigital.com,2026-02-02T09:12:39-08:00,2026-02-02,9,1,Monday,[AI] Fix handleSubmit scope and ensure all inputs are React components,35,35,70,1,0,1
0c53358e2d31a632ce94fbb6767c40c635a887a2,Adam Berg,adam@xyzdigital.com,2026-02-02T09:12:44-08:00,2026-02-02,9,1,Monday,[AI] Use useCallback for handleSubmit to prevent unnecessary re-renders,3,3,6,1,0,1
db96477a31b4fd0745022cd6a6fcbc21e04240a9,Adam Berg,adam@xyzdigital.com,2026-02-02T09:25:21-08:00,2026-02-02,9,1,Monday,Remove custom phone input styles,1,38,39,1,0,0
fa6c726cd13b79188ab5c2b47a9c2104ac436462,Adam Berg,adam@xyzdigital.com,2026-02-02T09:25:55-08:00,2026-02-02,9,1,Monday,[AI] Style PhoneInput to match other input fields,2,2,4,2,0,1
d70683b7289f946b0ddb8431933686dec20853e9,Adam Berg,adam@xyzdigital.com,2026-02-02T09:25:59-08:00,2026-02-02,9,1,Monday,[AI] Add PhoneInput CSS styles to pages.css,13,0,13,1,0,1
f99412ae762555af17ce382e8eaa40c3d493072d,Adam Berg,adam@xyzdigital.com,2026-02-02T09:26:22-08:00,2026-02-02,9,1,Monday,[AI] Remove vertical divider from PhoneInput,0,4,4,1,0,1
4bab51ead66631888d00b819d36441958b776abc,Adam Berg,adam@xyzdigital.com,2026-02-02T09:29:58-08:00,2026-02-02,9,1,Monday,[AI] Add page settings tabs and On Submit actions,266,26,292,6,0,1
28b11c443c44f34d0d6622399ad803c2ef57b017,Adam Berg,adam@xyzdigital.com,2026-02-02T09:30:55-08:00,2026-02-02,9,1,Monday,[AI] Filter automations dropdown to only show automations without templates,4,1,5,1,0,1
f38d51bd8f7b0caccf229b1f711382f4d50343c9,Adam Berg,adam@xyzdigital.com,2026-02-02T09:38:48-08:00,2026-02-02,9,1,Monday,[AI] Remove legacy behavior and leadIdParam from postBlockFromQuery,5,155,160,1,0,1
178e46297263837234726e4174c0d59c31b95c35,Adam Berg,adam@xyzdigital.com,2026-02-02T09:47:17-08:00,2026-02-02,9,1,Monday,[AI] Set from field to twilio.phoneNumber in startAutomation,9,3,12,2,0,1
cea4e5c0ccfe70e8fe837b035c377d5303d71862,Adam Berg,adam@xyzdigital.com,2026-02-02T09:47:27-08:00,2026-02-02,9,1,Monday,[AI] Keep messagingServiceSid in message creation,1,0,1,1,0,1
1221979c6a30b3b2db082a21db4ffc6b2be426fb,Adam Berg,adam@xyzdigital.com,2026-02-02T09:53:58-08:00,2026-02-02,9,1,Monday,[AI] Create SMSMessage with workerStatus complete in startAutomation,12,0,12,1,0,1
ea1cf33b0cf304de57db8ca480adfbcfa9592844,Adam Berg,adam@xyzdigital.com,2026-02-02T09:54:43-08:00,2026-02-02,9,1,Monday,[AI] Set SMSMessage workerStatus to processing before send and complete after,12,7,19,1,0,1
26487f11acf98322aebb5542a3074a463a3c78ba,Adam Berg,adam@xyzdigital.com,2026-02-02T10:03:56-08:00,2026-02-02,10,1,Monday,Fix height of text block with one row,1,0,1,1,0,0
56f6a66285e45d4f66bb73477d28b50a40f9dbe7,Adam Berg,adam@xyzdigital.com,2026-02-02T10:05:54-08:00,2026-02-02,10,1,Monday,[AI] Add 'Go To' onSubmit action for page navigation,66,3,69,3,0,1
4fb5ae743a1403572ef914c4f0f77349c6404bfe,Adam Berg,adam@xyzdigital.com,2026-02-02T10:07:36-08:00,2026-02-02,10,1,Monday,[AI] Handle redirect response in form submission UI,11,0,11,1,0,1
95318f7175a8502bee870397094bf5b9001dfc96,Adam Berg,adam@xyzdigital.com,2026-02-02T10:09:55-08:00,2026-02-02,10,1,Monday,[AI] Move redirect logic to frontend - check page.onSubmit actions,22,20,42,2,0,1
b9ce27ed493084e2297e2b993554a0ebe79f2cce,Adam Berg,adam@xyzdigital.com,2026-02-02T10:10:56-08:00,2026-02-02,10,1,Monday,[AI] Disable buttons and inputs while page is submitting,21,6,27,1,0,1
7e7d4844d457a2b114b35c32afc121bc64ab03cf,Adam Berg,adam@xyzdigital.com,2026-02-02T10:13:06-08:00,2026-02-02,10,1,Monday,[AI] Update block ID generation to use UUIDs,1,1,2,1,0,1
4cc63ab9df4b25fccb8b967493bbb540cfc4f28f,Adam Berg,adam@xyzdigital.com,2026-02-03T06:46:20-08:00,2026-02-03,6,2,Tuesday,[AI] Add select input type with options management,114,9,123,3,0,1
49fa9eb0bf4a0d75d2cd397c59be73deb1e5a557,Adam Berg,adam@xyzdigital.com,2026-02-03T06:47:30-08:00,2026-02-03,6,2,Tuesday,[AI] Simplify select options to single 'Option' field,5,20,25,1,0,1
f647b1308fe346719e8c4e82f777d70682b175f7,Adam Berg,adam@xyzdigital.com,2026-02-03T06:48:18-08:00,2026-02-03,6,2,Tuesday,[AI] Add select element rendering in PagesApp,21,1,22,1,0,1
6f24458d5b019ea3dbe767c10ccdbbd8ffc94bad,Adam Berg,adam@xyzdigital.com,2026-02-03T06:48:55-08:00,2026-02-03,6,2,Tuesday,[AI] Ensure placeholder is shown for select input in BlockEditor,1,0,1,1,0,1
60471b50175256554f84f9b134c50976b8465578,Adam Berg,adam@xyzdigital.com,2026-02-03T06:52:18-08:00,2026-02-03,6,2,Tuesday,[AI] Update placeholder styling to be muted in InputBlock and PagesApp,2,2,4,2,0,1
c8ac7530c48e67d36256408042446cbaf474d581,Adam Berg,adam@xyzdigital.com,2026-02-03T06:52:44-08:00,2026-02-03,6,2,Tuesday,[AI] Update select placeholder styling to use inline styles for better browser compatibility,4,4,8,2,0,1
484e541d507142ff43896e5f7f7aad5962cbe550,Adam Berg,adam@xyzdigital.com,2026-02-03T06:56:01-08:00,2026-02-03,6,2,Tuesday,Add pointer events none to input select,1,1,2,1,0,0
fd646eba338786c14d46f85a0dddabb4b0cc797a,Adam Berg,adam@xyzdigital.com,2026-02-03T07:05:00-08:00,2026-02-03,7,2,Tuesday,[AI] Add container block with nested block support,482,113,595,3,0,1
ac2636f5039208cd916427b160206b9d354217fa,Adam Berg,adam@xyzdigital.com,2026-02-03T07:07:30-08:00,2026-02-03,7,2,Tuesday,[AI] Remove default + button from container block when it has elements,0,9,9,1,0,1
84a06b7e25016442c9c303ee29923b84f6906772,Adam Berg,adam@xyzdigital.com,2026-02-03T07:11:57-08:00,2026-02-03,7,2,Tuesday,[AI] Add settings sidebar for container block with column selection,62,17,79,3,0,1
0ee13e42647cbd3e22acded05dd0a5b12b3f9053,Adam Berg,adam@xyzdigital.com,2026-02-03T07:13:14-08:00,2026-02-03,7,2,Tuesday,[AI] Ensure ContainerBlock renders multiple columns correctly,13,2,15,1,0,1
b88ba63493fd3d8d8754e4c9c2ab7e504511bc1b,Adam Berg,adam@xyzdigital.com,2026-02-03T07:17:00-08:00,2026-02-03,7,2,Tuesday,[AI] Refactor container blocks to use columns array structure,211,78,289,2,0,1
62c09d636e6f4a35cc7ad87fb191dc107d84994c,Adam Berg,adam@xyzdigital.com,2026-02-03T07:18:03-08:00,2026-02-03,7,2,Tuesday,[AI] Add container block rendering support in PagesApp,102,4,106,1,0,1
3b2c611f5548a23dd59ecab254ee16ad6918cd66,Adam Berg,adam@xyzdigital.com,2026-02-03T07:19:33-08:00,2026-02-03,7,2,Tuesday,[AI] Remove bg-white background and max-width constraints from BlockEditor,2,2,4,1,0,1
29aebb3d8b63425f9cb44dbb9ed4daaa26cf48ef,Adam Berg,adam@xyzdigital.com,2026-02-03T07:21:40-08:00,2026-02-03,7,2,Tuesday,[AI] Add width and max-width settings for container blocks,77,1,78,3,0,1
2a6b316aae27cf479f5b05ebaf1e423007695477,Adam Berg,adam@xyzdigital.com,2026-02-03T07:22:40-08:00,2026-02-03,7,2,Tuesday,[AI] Add px/% unit selection for container width and max-width,87,18,105,2,0,1
045297b39d4ac45e1c3c102a5a9c40d9bab511b9,Adam Berg,adam@xyzdigital.com,2026-02-03T07:23:59-08:00,2026-02-03,7,2,Tuesday,[AI] Remove default bg-white and use container width settings in PagesApp,6,3,9,1,0,1
98d2186c51cec42eae4d4cd9f399be7d6caf9d68,Adam Berg,adam@xyzdigital.com,2026-02-03T07:25:16-08:00,2026-02-03,7,2,Tuesday,[AI] Add default horizontal margin auto to container blocks,4,1,5,2,0,1
775a176626b18210572b1c085a6fc417d691e664,Adam Berg,adam@xyzdigital.com,2026-02-03T07:26:07-08:00,2026-02-03,7,2,Tuesday,[AI] Allow selecting inner elements inside container blocks,10,0,10,1,0,1
d9ee8a791b1902e5bc06517b7686b48bcbccf266,Adam Berg,adam@xyzdigital.com,2026-02-03T07:30:52-08:00,2026-02-03,7,2,Tuesday,[AI] Remove outer padding from PagesApp,1,1,2,1,0,1
494306e76b89a7787b80070da6667f89a0d0528e,Adam Berg,adam@xyzdigital.com,2026-02-03T07:32:37-08:00,2026-02-03,7,2,Tuesday,[AI] Add background color and border radius settings for container blocks,98,7,105,4,0,1
1cf0757e8646d0b8f92451c285ca8989f616ed93,Adam Berg,adam@xyzdigital.com,2026-02-03T07:35:01-08:00,2026-02-03,7,2,Tuesday,[AI] Fix missing semicolon in padding style join,1,1,2,1,0,1
81fce6cf294568f385dd95de35611b9c0e8186a0,Adam Berg,adam@xyzdigital.com,2026-02-03T07:35:53-08:00,2026-02-03,7,2,Tuesday,[AI] Fix padding and border radius application in ContainerBlock,4,6,10,1,0,1
20b1de965a3c26fff6c1c8d13c2751680a3c3a9b,Adam Berg,adam@xyzdigital.com,2026-02-03T07:37:00-08:00,2026-02-03,7,2,Tuesday,[AI] Fix padding application in PagesApp container rendering,3,3,6,1,0,1
87575b43f2ecbf57795bb6df3589aedc89f8547f,Adam Berg,adam@xyzdigital.com,2026-02-03T07:37:30-08:00,2026-02-03,7,2,Tuesday,[AI] Remove p-4 class from ContainerBlock,1,1,2,1,0,1
fbf4d2be37f0d88ad1da7f385ec68811d99ee523,Adam Berg,adam@xyzdigital.com,2026-02-03T07:38:26-08:00,2026-02-03,7,2,Tuesday,[AI] Remove gap-4 class from ContainerBlock,2,2,4,1,0,1
af0e4c59ffce3ba0feab8574c4f7066ff08de628,Adam Berg,adam@xyzdigital.com,2026-02-03T07:38:44-08:00,2026-02-03,7,2,Tuesday,[AI] Remove gap styling from PagesApp container rendering,2,3,5,1,0,1
39429a280544c008db0c19ccfcfa60524a9af950,Adam Berg,adam@xyzdigital.com,2026-02-03T07:39:25-08:00,2026-02-03,7,2,Tuesday,[AI] Remove add button from columns that have elements,0,9,9,1,0,1
ef163b135cd90969f6fd10538a7f2757ce43f697,Adam Berg,adam@xyzdigital.com,2026-02-03T07:40:54-08:00,2026-02-03,7,2,Tuesday,[AI] Add Background Color setting to page settings in design tab,39,3,42,4,0,1
1c115fa2343f71e7d00111d0f96074d2f6ac02ab,Adam Berg,adam@xyzdigital.com,2026-02-03T07:53:29-08:00,2026-02-03,7,2,Tuesday,[AI] Fix pageBackgroundColor not being saved,9,1,10,2,0,1
6f582a2a95cba0526422e7954a71c3e9b8d60fbc,Adam Berg,adam@xyzdigital.com,2026-02-03T07:54:02-08:00,2026-02-03,7,2,Tuesday,[AI] Apply pageBackgroundColor in BlockEditor,6,1,7,1,0,1
39ca4039e64c500a836b24c79d2e2bdff09b7ba8,Adam Berg,adam@xyzdigital.com,2026-02-03T07:55:10-08:00,2026-02-03,7,2,Tuesday,[AI] Add font color setting to TextBlock,44,2,46,3,0,1
35a292bb83acd0e414585166d76d47f36592a0eb,Adam Berg,adam@xyzdigital.com,2026-02-03T07:56:08-08:00,2026-02-03,7,2,Tuesday,[AI] Fix font color not updating for nested blocks,31,26,57,1,0,1
913baf84bf4f24e49fe6fe9cd4f0cb5cef05e216,Adam Berg,adam@xyzdigital.com,2026-02-03T07:56:28-08:00,2026-02-03,7,2,Tuesday,[AI] Add font color support to PagesApp text block rendering,4,2,6,1,0,1
563fc2cbd42c8c2132c96ef01cfb8e35fceab4bc,Adam Berg,adam@xyzdigital.com,2026-02-03T07:57:21-08:00,2026-02-03,7,2,Tuesday,[AI] Remove min-height from ContainerBlock,1,1,2,1,0,1
c19de77528bfcaab0b7358ff2a5b2cd5e4cf5b2c,Adam Berg,adam@xyzdigital.com,2026-02-03T07:58:39-08:00,2026-02-03,7,2,Tuesday,[AI] Add font family selection to TextBlock settings,53,4,57,4,0,1
5004dc79dcb4969282ad24ef517b397ab6e6f50c,Adam Berg,adam@xyzdigital.com,2026-02-03T07:59:26-08:00,2026-02-03,7,2,Tuesday,[AI] Fix Select.Item empty string value error,3,3,6,1,0,1
56f4cdc7efeb67eeaf6c886cc7756d342c78a42a,Adam Berg,adam@xyzdigital.com,2026-02-03T08:00:11-08:00,2026-02-03,8,2,Tuesday,[AI] Ensure fontFamily is passed to nested TextBlock components,1,0,1,1,0,1
1eed7fbec5b61bddc5daa9f9ab320c5357d1f928,Adam Berg,adam@xyzdigital.com,2026-02-03T08:03:23-08:00,2026-02-03,8,2,Tuesday,[AI] Add /assets/* route to serve static files from src/assets/,12,0,12,1,0,1
3c151799fd8392c9129973442ca67ffd0f091e30,Adam Berg,adam@xyzdigital.com,2026-02-03T08:03:56-08:00,2026-02-03,8,2,Tuesday,[AI] Add custom font selection to TextBlock settings,31,0,31,2,0,1
02c689ed7757f3a8615164bbaeee51d18d6abeb3,Adam Berg,adam@xyzdigital.com,2026-02-03T08:04:49-08:00,2026-02-03,8,2,Tuesday,[AI] Fix font paths to use relative paths for CSS bundler,4,4,8,1,0,1
59bc355645b427fb497437946f3e4cad609c3279,Adam Berg,adam@xyzdigital.com,2026-02-03T08:06:34-08:00,2026-02-03,8,2,Tuesday,[AI] Add font-face declarations to pages.css,28,0,28,1,0,1
ec8645d8e9576657fb74f4b52a7146ad130cea4d,Adam Berg,adam@xyzdigital.com,2026-02-03T08:08:16-08:00,2026-02-03,8,2,Tuesday,[AI] Move Text Alignment setting to Design tab for TextBlock,17,17,34,1,0,1
6029f72279a73671814c132d50a4d9c4d2062945,Adam Berg,adam@xyzdigital.com,2026-02-03T08:09:32-08:00,2026-02-03,8,2,Tuesday,[AI] Add font family selection and font color to page settings,97,618,715,7,0,1
f8d6d8ddadee83313768333e236562aa6112745c,Adam Berg,adam@xyzdigital.com,2026-02-03T08:10:00-08:00,2026-02-03,8,2,Tuesday,[AI] Ensure BlockEditor sets the page font color,4,0,4,1,0,1
ed4d8bea6056b21fb2338237d34af295421239b7,Adam Berg,adam@xyzdigital.com,2026-02-03T08:13:31-08:00,2026-02-03,8,2,Tuesday,[AI] Hide + icons on container when container or child is selected,39,3,42,3,0,1
9d577625dcd8f89c2cb1efc59a767d221eb7412b,Adam Berg,adam@xyzdigital.com,2026-02-03T08:15:00-08:00,2026-02-03,8,2,Tuesday,[AI] Fix bottom padding (and all padding) not working for nested text blocks,8,16,24,1,0,1
5e52d241560171c9f84ed391eda5ac4e7dc3a8d1,Adam Berg,adam@xyzdigital.com,2026-02-03T08:17:55-08:00,2026-02-03,8,2,Tuesday,[AI] Remove backup font families from BlockSettingsSidebar,28,28,56,1,0,1
0aed14472d3f8bf88671ea4f4850463dbf5b43ae,Adam Berg,adam@xyzdigital.com,2026-02-03T08:19:41-08:00,2026-02-03,8,2,Tuesday,[AI] Move fonts to common fonts.css file,29,56,85,3,0,1
06ea8223ddc9a67d4ed7d914d01ddcb5046666ee,Adam Berg,adam@xyzdigital.com,2026-02-03T08:21:49-08:00,2026-02-03,8,2,Tuesday,[AI] Fix block selection dialog for nested blocks in containers,20,14,34,1,0,1
38fffb63ca44d0d062c58c2f63304cf1537a18e0,Adam Berg,adam@xyzdigital.com,2026-02-03T08:22:06-08:00,2026-02-03,8,2,Tuesday,[AI] Fix columnIndex variable name conflict,4,4,8,1,0,1
9b7804eaae897ade987c048a93ac7c8fca2effeb,Adam Berg,adam@xyzdigital.com,2026-02-03T08:22:56-08:00,2026-02-03,8,2,Tuesday,[AI] Fix editing settings for nested InputBlock components,10,10,20,1,0,1
c433b9a7c6337b278dcfb0233ef9e71a7a1defbe,Adam Berg,adam@xyzdigital.com,2026-02-03T08:23:46-08:00,2026-02-03,8,2,Tuesday,[AI] Remove text-sm font-medium text-gray-700 classes from InputBlock label,1,1,2,1,0,1
decf5126e488adf5d504c4dd45577c1520a4171d,Adam Berg,adam@xyzdigital.com,2026-02-03T08:28:56-08:00,2026-02-03,8,2,Tuesday,[AI] Fix input blocks not rendering inside containers,59,4,63,1,0,1
18bdf0576c6c8e840b2db2429b8e0e6a93051ddc,Adam Berg,adam@xyzdigital.com,2026-02-03T08:29:19-08:00,2026-02-03,8,2,Tuesday,[AI] Remove text-sm font-medium text-gray-700 classes from input label,1,1,2,1,0,1
24e010325df318fe8c9c56a3d176a553091f8842,Adam Berg,adam@xyzdigital.com,2026-02-03T08:30:12-08:00,2026-02-03,8,2,Tuesday,[AI] Remove min-height from containers in PagesApp,0,2,2,1,0,1
4938e123618bdaad9d12c000f1f8fdcf6b2a1a22,Adam Berg,adam@xyzdigital.com,2026-02-03T08:33:04-08:00,2026-02-03,8,2,Tuesday,[AI] Remove text-gray-900 from select element in PagesApp,1,1,2,1,0,1
7a7c9f3e290ce79c4766bee281fa9ebcfba35894,Adam Berg,adam@xyzdigital.com,2026-02-03T08:33:55-08:00,2026-02-03,8,2,Tuesday,[AI] Fix input losing focus after 1 character in PagesApp,3,3,6,1,0,1
74176a38355e284a29faef1de4ee733c53dfdf82,Adam Berg,adam@xyzdigital.com,2026-02-03T08:38:52-08:00,2026-02-03,8,2,Tuesday,[AI] Refactor PagesApp to render blocks using React components instead of HTML generation,201,292,493,1,0,1
0c74c6f334fd3b741e90e7be2bc1e851915de382,Adam Berg,adam@xyzdigital.com,2026-02-03T08:40:31-08:00,2026-02-03,8,2,Tuesday,[AI] Replace input state with DOM-based value collection using block IDs,48,21,69,1,0,1
614eb9d547dbbd80c241cfba7900b130d4d133e8,Adam Berg,adam@xyzdigital.com,2026-02-03T08:42:05-08:00,2026-02-03,8,2,Tuesday,[AI] Fix Button Block settings to work for blocks inside container,26,20,46,2,0,1
c6788cb927079f2304b5eb0751c963107ac4bd75,Adam Berg,adam@xyzdigital.com,2026-02-03T08:45:57-08:00,2026-02-03,8,2,Tuesday,[AI] Make handleSubmit iterate through container columns,47,16,63,1,0,1
d362df04bd4b2a026ac8ea2077342ff6824dc6d7,Adam Berg,adam@xyzdigital.com,2026-02-03T08:51:32-08:00,2026-02-03,8,2,Tuesday,Remove logs,0,4,4,1,0,0
e34dc800fa3e0432593d0b0708bfb13ac40c69c8,Adam Berg,adam@xyzdigital.com,2026-02-03T08:52:25-08:00,2026-02-03,8,2,Tuesday,[AI] Remove text-gray-900 from select in InputBlock,1,1,2,1,0,1
e931bb829f24a818dc80dd5c90ae4752f7b182b7,Adam Berg,adam@xyzdigital.com,2026-02-03T08:52:38-08:00,2026-02-03,8,2,Tuesday,[AI] Remove text-gray-400 from select in InputBlock,1,1,2,1,0,1
3dfc0d296a76465d0928af4fbd9d0d698f3ac6cd,Adam Berg,adam@xyzdigital.com,2026-02-03T08:54:09-08:00,2026-02-03,8,2,Tuesday,[AI] Change Padding to Margin in Design tab,1,1,2,1,0,1
97c04eaf31fe7c0b7c765a4665ba9b747323a0aa,Adam Berg,adam@xyzdigital.com,2026-02-03T08:54:58-08:00,2026-02-03,8,2,Tuesday,[AI] Change padding to margin in rendering,58,58,116,7,0,1
abed85c12a4c562ef103bf90be1082ba7f1697ed,Adam Berg,adam@xyzdigital.com,2026-02-03T08:56:40-08:00,2026-02-03,8,2,Tuesday,[AI] Update data storage to use marginTop/etc instead of paddingTop/etc,182,182,364,9,0,1
dcb93c13af785b367da44f716fc31cef0d8437a4,Adam Berg,adam@xyzdigital.com,2026-02-03T08:58:00-08:00,2026-02-03,8,2,Tuesday,[AI] Update container block to store columns in data.columns and numColumns in data.numColumns,67,33,100,2,0,1
d89d7cadf6e6e7cd6209cfd3e65d72dc08d15d15,Adam Berg,adam@xyzdigital.com,2026-02-03T08:58:42-08:00,2026-02-03,8,2,Tuesday,[AI] Fix TypeError: columns is not iterable when adding items to container,25,22,47,2,0,1
221d6a1352a31e5f07cc647e834f23852dc71819,Adam Berg,adam@xyzdigital.com,2026-02-03T08:59:14-08:00,2026-02-03,8,2,Tuesday,"[AI] Remove all fallbacks to block.columns, only use block.data.columns",52,39,91,2,0,1
aaae7f2ec104aca9b1e7f042d7924c7736cda893,Adam Berg,adam@xyzdigital.com,2026-02-03T09:01:24-08:00,2026-02-03,9,2,Tuesday,[AI] Fix block insertion into wrong column,14,7,21,1,0,1
27b681e57c2bf8e533be62499c361fdf9cf62b38,Adam Berg,adam@xyzdigital.com,2026-02-03T09:02:19-08:00,2026-02-03,9,2,Tuesday,[AI] Update ContainerBlockComponent to render from block.data.columns only,1,8,9,1,0,1
16d7cb91f1d6100453de06220cfd9edd618b576d,Adam Berg,adam@xyzdigital.com,2026-02-03T09:19:52-08:00,2026-02-03,9,2,Tuesday,[AI] Add width and border radius settings for button blocks,89,2,91,3,0,1
ab0f7342594e897c611b4c643e6ab1017cffe942,Adam Berg,adam@xyzdigital.com,2026-02-03T09:38:59-08:00,2026-02-03,9,2,Tuesday,[AI] Remove rounded-md from Button and only use border radius if set,9,3,12,3,0,1
6d26cd7b710377377ca1152be1dd6f9ce66a9055,Adam Berg,adam@xyzdigital.com,2026-02-03T09:39:53-08:00,2026-02-03,9,2,Tuesday,[AI] Remove rounded-md from Input blocks and only use border radius if set,90,16,106,4,0,1
dd0ff21d3d4e71e92b37c54736bcd0ef4b886740,Adam Berg,adam@xyzdigital.com,2026-02-03T09:43:43-08:00,2026-02-03,9,2,Tuesday,[AI] Add text alignment setting to ButtonBlock,52,10,62,3,0,1
4b345716fc26aaf71ecc7ade452b29aade361739,Adam Berg,adam@xyzdigital.com,2026-02-03T09:44:28-08:00,2026-02-03,9,2,Tuesday,[AI] Ensure selected text alignment is used in BlockEditor and PagesApp,3,1,4,1,0,1
f50911f553184afdf3f97449eed4d5dbb5b145b4,Adam Berg,adam@xyzdigital.com,2026-02-03T09:45:30-08:00,2026-02-03,9,2,Tuesday,[AI] Use text-align CSS property instead of flexbox justify classes in ButtonBlock,2,6,8,1,0,1
e4190c2c7c50dfccf0938bd00da629b25ff52f57,Adam Berg,adam@xyzdigital.com,2026-02-03T09:46:54-08:00,2026-02-03,9,2,Tuesday,[AI] Add font weight option to Button block settings,38,3,41,4,0,1
f1c823dabf4df363eb45a9b71f31bdf7f9a12a1f,Adam Berg,adam@xyzdigital.com,2026-02-03T09:48:34-08:00,2026-02-03,9,2,Tuesday,[AI] Add padding settings to Button block settings,152,4,156,4,0,1
62df2d1e6b92a6214e325ca0991c969f02633a79,Adam Berg,adam@xyzdigital.com,2026-02-03T09:48:58-08:00,2026-02-03,9,2,Tuesday,[AI] Put padding above margin in button settings,45,45,90,1,0,1
e898834b325c970d4932f1fa51eecd7853cba4a2,Adam Berg,adam@xyzdigital.com,2026-02-03T09:50:36-08:00,2026-02-03,9,2,Tuesday,[AI] Add font size to button blocks,33,3,36,4,0,1
ed9159f4dd21323b99558748651e92e08939b080,Adam Berg,adam@xyzdigital.com,2026-02-03T09:52:38-08:00,2026-02-03,9,2,Tuesday,"[AI] Add Contact First Name and Contact Last Name input mappings, combine into name property",24,6,30,4,0,1
035baf215fca8cdac62caf9488cc5b631c249664,Adam Berg,adam@xyzdigital.com,2026-02-03T09:55:30-08:00,2026-02-03,9,2,Tuesday,[AI] Add recursive block search for containers with nested columns,38,6,44,1,0,1
ad9e31c7930949d2b963e7f6c3ff5c559339303a,Adam Berg,adam@xyzdigital.com,2026-02-03T09:58:52-08:00,2026-02-03,9,2,Tuesday,[AI] Convert ImageBlock to MediaBlock with image/video type selection,111,38,149,6,0,1
b9284092a86e4c888dcbf845aeb31655dfeabd61,Adam Berg,adam@xyzdigital.com,2026-02-03T10:03:59-08:00,2026-02-03,10,2,Tuesday,[AI] Add media selection button and File model,198,8,206,4,0,1
622a9516ddce9303911e46609a2bd97bd2134224,Adam Berg,adam@xyzdigital.com,2026-02-03T10:06:40-08:00,2026-02-03,10,2,Tuesday,[AI] Add file upload functionality to media selection dialog,274,17,291,3,0,1
75218ab9e825cf5992ad8f93abc3f12b67ede810,Adam Berg,adam@xyzdigital.com,2026-02-03T10:07:23-08:00,2026-02-03,10,2,Tuesday,[AI] Remove empty state upload button from media dialog,2,9,11,1,0,1
630e39ab4ae9bfa485a521c24792b645adef812e,Adam Berg,adam@xyzdigital.com,2026-02-03T10:08:46-08:00,2026-02-03,10,2,Tuesday,[AI] Fix R2 upload error by adding x-amz-content-sha256 header,6,0,6,1,0,1
6d51e2a68b550a4742d23152d9596e486f1b081a,Adam Berg,adam@xyzdigital.com,2026-02-03T10:16:56-08:00,2026-02-03,10,2,Tuesday,[AI] Ensure image preview uses File.url in select dialog,2,1,3,1,0,1
b2a48c1f754229e0bc1300f572b94bb6337c29f3,Adam Berg,adam@xyzdigital.com,2026-02-03T10:20:23-08:00,2026-02-03,10,2,Tuesday,[AI] Update FileController to use R2_PUBLIC_URL from env and use userId/fileId format,17,7,24,1,0,1
5d484e1972126bc1e861f43cedecfc330d8a3616,Adam Berg,adam@xyzdigital.com,2026-02-03T10:24:09-08:00,2026-02-03,10,2,Tuesday,[AI] Update R2 file upload key to use userId/file._id format,16,16,32,1,0,1
ca5aedc1c0ecca5c1c93f64b4b3597433e396309,Adam Berg,adam@xyzdigital.com,2026-02-03T10:25:08-08:00,2026-02-03,10,2,Tuesday,[AI] Generate ObjectId upfront and set URL in initial File creation,19,17,36,1,0,1
9e8c1c2cf740213c8dce952a07245a6c791feef9,Adam Berg,adam@xyzdigital.com,2026-02-03T10:27:32-08:00,2026-02-03,10,2,Tuesday,[AI] Add meta image selection to page content settings,236,3,239,6,0,1
f227f424c4cbf5142a939cdc72b050e2d6054d84,Adam Berg,adam@xyzdigital.com,2026-02-05T08:32:11-08:00,2026-02-05,8,4,Thursday,[AI] Add dropdown menu to pages table and create responses view,303,9,312,5,0,1
d896715617ae0bde773d05406d442fcaa7d545c4,Adam Berg,adam@xyzdigital.com,2026-02-05T08:45:10-08:00,2026-02-05,8,4,Thursday,[AI] Add conditional rendering settings for InputBlock,136,4,140,3,0,1
827c0d505f4ef6497b5c68b3cc9c315afa5706ef,Adam Berg,adam@xyzdigital.com,2026-02-05T08:45:30-08:00,2026-02-05,8,4,Thursday,[AI] Fix Select empty string value error in conditional rendering,3,3,6,1,0,1
64be0b76a45fa3650e0cb20e36b042ddf7c818b7,Adam Berg,adam@xyzdigital.com,2026-02-05T08:48:35-08:00,2026-02-05,8,4,Thursday,[AI] Fix input value rendering by reading from DOM instead of state,28,14,42,1,0,1
0084bbf6d2e3071a5f35a594dd1b8384289f93ab,Adam Berg,adam@xyzdigital.com,2026-02-05T08:48:40-08:00,2026-02-05,8,4,Thursday,[AI] Simplify getInputValue function,9,12,21,1,0,1
9f93b93ca5e3ea7adb92493af45099219246cba6,Adam Berg,adam@xyzdigital.com,2026-02-05T08:49:56-08:00,2026-02-05,8,4,Thursday,[AI] Use direct DOM manipulation for conditional rendering visibility,103,32,135,1,0,1
00c0cb41930f0e48894342fa8aa0c3055296aeda,Adam Berg,adam@xyzdigital.com,2026-02-05T08:49:58-08:00,2026-02-05,8,4,Thursday,[AI] Remove unused useMemo import,1,1,2,1,0,1
e49586cfd92b9e8d094cfe7018d40ec8fd6f1f1b,Adam Berg,adam@xyzdigital.com,2026-02-05T09:08:28-08:00,2026-02-05,9,4,Thursday,[AI] Remove bg-gray-200 rounded-md classes from MediaBlock,1,1,2,1,0,1
d9f4ad603b7be7b92f90eca681bce70d5b2b9927,Adam Berg,adam@xyzdigital.com,2026-02-05T09:09:33-08:00,2026-02-05,9,4,Thursday,[AI] Remove bg-gray-200 rounded-md equivalent styles from PagesApp MediaBlockComponent,0,2,2,1,0,1
aaf24ccae05a01305dc1dc8bd652ad700d7dc6d1,Adam Berg,adam@xyzdigital.com,2026-02-05T09:26:20-08:00,2026-02-05,9,4,Thursday,[AI] Add MailerLite integration with API key support and page submit actions,546,2,548,11,0,1
1527ce26fa3663d1b7a5ae6f23807da4bd716aac,Adam Berg,adam@xyzdigital.com,2026-02-05T09:31:46-08:00,2026-02-05,9,4,Thursday,[AI] Add password visibility toggle to MailerLite API Key field,25,8,33,1,0,1
b46a04c6e3bc17a6874ce2853bbef176f52e36f0,Adam Berg,adam@xyzdigital.com,2026-02-05T09:33:51-08:00,2026-02-05,9,4,Thursday,"[AI] Refactor MailerLite: Remove AddToGroup action, add group selection to CreateSubscriber",126,85,211,6,0,1
f3475b4d334ff2ba25f0fae7df6ef8b6bfc9d7cc,Adam Berg,adam@xyzdigital.com,2026-02-05T09:35:58-08:00,2026-02-05,9,4,Thursday,[AI] Fix Select.Item empty string value error in MailerLite group selection,3,3,6,1,0,1
a1a2e0aaa5dd08518e1664c9c5d1d36008c7d1b5,Adam Berg,adam@xyzdigital.com,2026-02-05T09:36:28-08:00,2026-02-05,9,4,Thursday,[AI] Change MailerLite group selection from dropdown to text input,9,56,65,1,0,1
ba205344dc0b01c1cd1d08ace3365ebf8a8642b9,Adam Berg,adam@xyzdigital.com,2026-02-05T09:36:56-08:00,2026-02-05,9,4,Thursday,[AI] Change MailerLite groupId to array of groupIds,68,19,87,3,0,1
bb460c90eeea30ab417515eff403d3c6d32c2722,Adam Berg,adam@xyzdigital.com,2026-02-05T09:43:41-08:00,2026-02-05,9,4,Thursday,[AI] Add resubscribe: true to MailerLite create subscriber,1,0,1,1,0,1
7f55de8afb13e12c4754bdde1e9ba913d4f61ab6,Adam Berg,adam@xyzdigital.com,2026-02-05T09:46:03-08:00,2026-02-05,9,4,Thursday,Remove logs,0,7,7,1,0,0
ae01eb8c5d9562870124497ab1bf86077855aebc,Adam Berg,adam@xyzdigital.com,2026-02-06T12:54:22-08:00,2026-02-06,12,5,Friday,[AI] Add delete option to pages dropdown menu,92,1,93,3,0,1
fa7a7ad4706300d7779584c44337e80529492001,Adam Berg,adam@xyzdigital.com,2026-02-09T09:20:47-08:00,2026-02-09,9,1,Monday,logo/favicon v1,13,0,13,3,0,0
c2a968216b25ab8e09bd600c787d50fc687012c5,Adam Berg,adam@xyzdigital.com,2026-02-09T09:38:22-08:00,2026-02-09,9,1,Monday,logo/favicon v2,20,12,32,2,0,0
3445b56cf81cd1e6f6f72fc9bcde64e767bf2980,Adam Berg,adam@xyzdigital.com,2026-02-10T07:57:11-08:00,2026-02-10,7,2,Tuesday,Favicon v3,25,10,35,1,0,0
d8e2f363666aca4eb164dfb24df570dba1fdf99d,Adam Berg,adam@xyzdigital.com,2026-02-10T10:20:33-08:00,2026-02-10,10,2,Tuesday,[AI] Add warning before leaving Page with unsaved changes,95,2,97,2,0,1
2057bbee0b52c038f83ccb3e0b9ab993b2529bc6,Adam Berg,adam@xyzdigital.com,2026-02-10T10:21:21-08:00,2026-02-10,10,2,Tuesday,[AI] Fix useBlocker: switch to createBrowserRouter (data router),9,6,15,1,0,1
bc57dde8db848216c50f57bbf417ee25f403dc39,Adam Berg,adam@xyzdigital.com,2026-02-10T10:26:19-08:00,2026-02-10,10,2,Tuesday,[AI] Use linkifyjs to render links in Text Blocks,14,1,15,3,0,1
d389a47ecc983042beac89954d99903a14a4ea32,Adam Berg,adam@xyzdigital.com,2026-02-10T10:27:57-08:00,2026-02-10,10,2,Tuesday,[AI] Add link color to page options and apply to all links,51,4,55,7,0,1
3951c145fe8db81da48f2ff9b1b5c6f2dc84d081,Adam Berg,adam@xyzdigital.com,2026-02-10T10:55:12-08:00,2026-02-10,10,2,Tuesday,[AI] Fix email container block HTML rendering by iterating over children,77,36,113,1,0,1
145b12b1d5cdf9fe765d6756a5d390ca0efacbee,Adam Berg,adam@xyzdigital.com,2026-02-10T10:59:14-08:00,2026-02-10,10,2,Tuesday,[AI] Use block.data.columns for container columns in email HTML,4,1,5,1,0,1
a7026b4745f0ce080fd5ce515682ff20f3123b63,Adam Berg,adam@xyzdigital.com,2026-02-10T11:00:10-08:00,2026-02-10,11,2,Tuesday,Remove default max width,1,1,2,1,0,0
07a98076889f33313e580ce6a99c3a1e5dfb8898,Adam Berg,adam@xyzdigital.com,2026-02-10T11:01:54-08:00,2026-02-10,11,2,Tuesday,Fix maxWidth of container,1,1,2,1,0,0
995b2d189dcf6fbab9d9f700dc268d7d206a3626,Adam Berg,adam@xyzdigital.com,2026-02-10T11:05:48-08:00,2026-02-10,11,2,Tuesday,[AI] Add margin: 0 auto to container block outer div in email HTML,3,2,5,1,0,1
108828fdf99b42ece52f64d6da940c49a3b04a8f,Adam Berg,adam@xyzdigital.com,2026-02-10T11:07:22-08:00,2026-02-10,11,2,Tuesday,[AI] Add outer wrapper div with max-width and margin: 0 auto for single-column container,2,1,3,1,0,1
18684fce75d20836cabea47543e5547180d182cd,Adam Berg,adam@xyzdigital.com,2026-02-10T11:10:33-08:00,2026-02-10,11,2,Tuesday,[AI] Button email HTML uses URL from first OpenURL in block.data.onClick,3,1,4,1,0,1
9718b7a4dfebb21798d512a2788f2aef890e3225,Adam Berg,adam@xyzdigital.com,2026-02-11T08:25:30-08:00,2026-02-11,8,3,Wednesday,[AI] Prevent button links from navigating in editor mode,1,3,4,1,0,1
f853aeb7ca73bce4242cca51d747b668286c0c3c,Adam Berg,adam@xyzdigital.com,2026-02-11T08:27:03-08:00,2026-02-11,8,3,Wednesday,[AI] Replace button link with button element in editor,4,7,11,1,0,1
3cc8291df2208c3d862d17b4fd8dc85d774084af,Adam Berg,adam@xyzdigital.com,2026-02-11T09:11:26-08:00,2026-02-11,9,3,Wednesday,[AI] Create AutomationRun model and refactor Automation model,57,38,95,4,0,1
17e44fdf60971b75e747b52000607647b4cf3cd5,Adam Berg,adam@xyzdigital.com,2026-02-11T09:12:58-08:00,2026-02-11,9,3,Wednesday,[AI] Add steps copy to AutomationRun to preserve template state,34,6,40,2,0,1
f957b5f1f73ff41d423df8b9e4e79895e4cf745c,Adam Berg,adam@xyzdigital.com,2026-02-11T09:13:53-08:00,2026-02-11,9,3,Wednesday,[AI] Remove unnecessary reload of AutomationRun after create,6,12,18,1,0,1
f37ea7400cb21e954f577876c38ba7c0fc03582d,Adam Berg,adam@xyzdigital.com,2026-02-11T10:16:02-08:00,2026-02-11,10,3,Wednesday,[AI] Add triggers property to Automation model and create worker server for contact creation events,116,0,116,2,0,1
49570c316bc9804533fd4265c0ac1ec9c7a387ab,Adam Berg,adam@xyzdigital.com,2026-02-11T10:21:21-08:00,2026-02-11,10,3,Wednesday,[AI] Create LeadService with createOrUpsertLead function and refactor postBlockFromQuery,100,37,137,3,0,1
9341dbbef4599120899a54718f1c3a6e09db74fa,Adam Berg,adam@xyzdigital.com,2026-02-11T10:21:43-08:00,2026-02-11,10,3,Wednesday,[AI] Rename createOrUpsertLead to createOrUpdateLead,5,5,10,3,0,1
14d166c7cc82df467c2135ea989a2073ee574c40,Adam Berg,adam@xyzdigital.com,2026-02-11T10:24:12-08:00,2026-02-11,10,3,Wednesday,[AI] Add handleNewLead function to AutomationService and call it from createOrUpdateLead when lead is newly created,60,0,60,3,0,1
3135371e8503671b75eefc5129c2a5ee2a016d49,Adam Berg,adam@xyzdigital.com,2026-02-11T10:31:37-08:00,2026-02-11,10,3,Wednesday,[AI] Add status property to AutomationRun steps,11,1,12,1,0,1
9997c5227aec5742efb4432a8894f9ed7b5d5725,Adam Berg,adam@xyzdigital.com,2026-02-11T10:32:30-08:00,2026-02-11,10,3,Wednesday,[AI] Refactor SMS step handling into handleSMSStep function,80,61,141,3,0,1
aaa2d1feb42484b6b59c49745358d066bf9e9f31,Adam Berg,adam@xyzdigital.com,2026-02-11T10:32:57-08:00,2026-02-11,10,3,Wednesday,[AI] Move handleSMSStep.ts to steps folder,10,13,23,4,0,1
1d907638d9c82db6a617d974095c85d536dec765,Adam Berg,adam@xyzdigital.com,2026-02-11T10:38:49-08:00,2026-02-11,10,3,Wednesday,[AI] Update startAutomation to create AutomationRun and POST to worker,15,38,53,1,0,1
1e854082bfe5ca17d2168b7f58f71495843a6b8f,Adam Berg,adam@xyzdigital.com,2026-02-11T10:41:17-08:00,2026-02-11,10,3,Wednesday,[AI] Update worker to handle automationRunId and create processAutomationRun,104,61,165,2,0,1
909b231c27facd2461af61e0fa8173c0bfb211f9,Adam Berg,adam@xyzdigital.com,2026-02-11T10:42:40-08:00,2026-02-11,10,3,Wednesday,[AI] Add errorMsg field to AutomationRun steps array,4,0,4,1,0,1
8ee4127583337ec3ee4f3b100ddf5c39c1416285,Adam Berg,adam@xyzdigital.com,2026-02-11T10:42:56-08:00,2026-02-11,10,3,Wednesday,[AI] Set errorMsg on step when step fails in processAutomationRun,1,0,1,1,0,1
6b4684f84c2a70ff921cc41c8b03c2795c99a770,Adam Berg,adam@xyzdigital.com,2026-02-11T10:56:38-08:00,2026-02-11,10,3,Wednesday,[AI] Update createOrUpdateLead to find by email or phoneNumber separately,4,5,9,1,0,1
f4612caf7e717a135583512b437945e3e1f016bf,Adam Berg,adam@xyzdigital.com,2026-02-11T10:57:24-08:00,2026-02-11,10,3,Wednesday,[AI] Fix MissingSchemaError for Automation model in worker,2,1,3,2,0,1
5028f957501e572f492fa3a6c907761c99d08f5a,Adam Berg,adam@xyzdigital.com,2026-02-11T11:09:36-08:00,2026-02-11,11,3,Wednesday,[AI] Remove automation populate and use lead.artist instead,5,16,21,2,0,1
cba06f9c9b41b4702f31c8043c8876091c4fd197,Adam Berg,adam@xyzdigital.com,2026-02-11T11:10:07-08:00,2026-02-11,11,3,Wednesday,[AI] Fetch lead separately using findById instead of populate,5,6,11,1,0,1
66e570dcab0a7d181fab53416d712a8ee5067b16,Adam Berg,adam@xyzdigital.com,2026-02-11T11:15:21-08:00,2026-02-11,11,3,Wednesday,[AI] Parse phone numbers using libphonenumber-js before saving to database,25,4,29,1,0,1
fb696cdd35f7d3f443447db18fc40ee986a4189d,Adam Berg,adam@xyzdigital.com,2026-02-11T11:21:39-08:00,2026-02-11,11,3,Wednesday,Manual fixes,7,5,12,3,0,0
0fc786bb0a0d26cdf0a41fa5632c111460c14e02,Adam Berg,adam@xyzdigital.com,2026-02-17T09:59:42-08:00,2026-02-17,9,2,Tuesday,[AI] Enable script execution in HTML blocks,23,3,26,1,0,1
bc1ff123874d09fc4b9c294c7939104894ff96ad,Adam Berg,adam@xyzdigital.com,2026-02-17T10:36:12-08:00,2026-02-17,10,2,Tuesday,Fix page link color,2,2,4,2,0,0
4b4019cef06bf5178e99ccbd2029135580486fdf,Adam Berg,adam@xyzdigital.com,2026-02-17T10:36:41-08:00,2026-02-17,10,2,Tuesday,Fix button block not getting selected,1,6,7,1,0,0
72906bd1eb35b9c3e927cf9d5d96d3790e05067b,Adam Berg,adam@xyzdigital.com,2026-02-17T12:50:01-08:00,2026-02-17,12,2,Tuesday,[AI] Use htmlId for table header row in PageResponses when present,13,5,18,1,0,1
39db2cdbecd682f4f21045f6ec4edb3be1e0216d,Adam Berg,adam@xyzdigital.com,2026-02-17T12:51:32-08:00,2026-02-17,12,2,Tuesday,[AI] Handle optional block field in PageResponses,40,23,63,1,0,1
07284844c55c1c81b5c10583eaf732571a1bd3dd,Adam Berg,adam@xyzdigital.com,2026-02-17T12:51:49-08:00,2026-02-17,12,2,Tuesday,Manual fixes,31,25,56,3,0,0
39b8c0f42769d14e2c72070e16211fbb5101af4e,Adam Berg,adam@xyzdigital.com,2026-02-17T12:55:30-08:00,2026-02-17,12,2,Tuesday,[AI] Add lead field to PageResponse model,15,1,16,2,0,1
1149e45835be658c12020cf6180028c6c6a5c852,Adam Berg,adam@xyzdigital.com,2026-02-17T13:07:19-08:00,2026-02-17,13,2,Tuesday,[AI] Add fallback to page-link-color CSS rule,1,1,2,1,0,1
8c60c865d93116834c5675b1be8b9018aeab5b95,Adam Berg,adam@xyzdigital.com,2026-02-17T13:20:38-08:00,2026-02-17,13,2,Tuesday,Remove page link color,1,6,7,2,0,0
ac04007e5d17831b63a00945970e7c873ebc51f8,Adam Berg,adam@xyzdigital.com,2026-02-18T08:29:39-08:00,2026-02-18,8,3,Wednesday,[AI] Update File model and controller to use artist instead of user,5,5,10,2,0,1
4e4cae3250c3af76d804aec03fef2826b9e38133,Adam Berg,adam@xyzdigital.com,2026-02-18T08:30:22-08:00,2026-02-18,8,3,Wednesday,[AI] Update FileController to use session.artist instead of session.user,6,6,12,1,0,1
667c2113d7f51aa3ad5c2b9c0c609777bac00c5a,Adam Berg,adam@xyzdigital.com,2026-02-18T09:57:14-08:00,2026-02-18,9,3,Wednesday,Add mailer lite response to log,7,0,7,1,0,0
daa8f9b5f82f93c1e7219f5a4f45ba8d95612874,Adam Berg,adam@xyzdigital.com,2026-02-18T10:01:05-08:00,2026-02-18,10,3,Wednesday,[AI] Update response extraction to match CreateLead pattern,55,15,70,1,0,1
46540510074b38119a1ea8211766931519e42391,Adam Berg,adam@xyzdigital.com,2026-02-18T15:14:56-08:00,2026-02-18,15,3,Wednesday,[AI] Add Add to Cart and Initiate Checkout actions to Page On Submit settings,55,3,58,2,0,1
e2a39b5de62bb4608d6e62a86efd73b892f3e923,Adam Berg,adam@xyzdigital.com,2026-02-18T15:16:38-08:00,2026-02-18,15,3,Wednesday,[AI] Replace Add to Cart and Initiate Checkout with single Checkout action,77,37,114,2,0,1
d1c324cea954efdf441399033f42fe421af9cdb0,Adam Berg,adam@xyzdigital.com,2026-02-18T15:24:43-08:00,2026-02-18,15,3,Wednesday,[AI] Add Checkout model and multi-step checkout flow,888,19,907,7,0,1
f35eec1ebc9e9814a020562a62fdc8cb113aa9a7,Adam Berg,adam@xyzdigital.com,2026-02-18T15:24:46-08:00,2026-02-18,15,3,Wednesday,[AI] Fix missing icon imports in CheckoutFlow component,3,3,6,1,0,1
4219c9fc5c73f7df17006ecc95082531fec999a3,Adam Berg,adam@xyzdigital.com,2026-02-18T15:43:11-08:00,2026-02-18,15,3,Wednesday,[AI] Use react-router for checkout routes in PagesApp,126,69,195,5,0,1
64410684a02e4f7e833485e55eb34c06ccaa5060,Adam Berg,adam@xyzdigital.com,2026-02-18T15:46:12-08:00,2026-02-18,15,3,Wednesday,[AI] Move routes from PagesApp to pages-frontend.tsx,16,19,35,3,0,1
b3e0acc788dcee2a8d58a02eac4f020cccbdd933,Adam Berg,adam@xyzdigital.com,2026-02-18T15:47:55-08:00,2026-02-18,15,3,Wednesday,"[AI] Fix checkout flow: email step collects email, quantity moves to shipping step",64,65,129,1,0,1
6b4e519bb6c858299786e0c030b722e66d538ada,Adam Berg,adam@xyzdigital.com,2026-02-18T15:49:05-08:00,2026-02-18,15,3,Wednesday,[AI] Extract checkout steps into separate files and components,531,511,1042,5,0,1
be3d19f157203eab5033f581783e26068048e0f7,Adam Berg,adam@xyzdigital.com,2026-02-18T15:52:15-08:00,2026-02-18,15,3,Wednesday,"[AI] Add order summary to every checkout step, remove label, show product × quantity + total",68,26,94,5,0,1
2b4dd0e137c8525d39daa5eff75769faff822f7c,Adam Berg,adam@xyzdigital.com,2026-02-18T15:54:05-08:00,2026-02-18,15,3,Wednesday,[AI] Replace order summary with Select Quantity component on all steps,137,108,245,6,0,1
2b5ceae98b6551df64f368bae90a67b78834a085,Adam Berg,adam@xyzdigital.com,2026-02-18T15:55:28-08:00,2026-02-18,15,3,Wednesday,[AI] Remove mb-6 and py-4 to reduce vertical space between header and quantity select,5,5,10,5,0,1
59998fdc5597fbf1197bf8ca78c2f9bd12182d51,Adam Berg,adam@xyzdigital.com,2026-02-18T15:56:53-08:00,2026-02-18,15,3,Wednesday,[AI] Route to checkout success page with order summary on successful payment,84,1,85,3,0,1
6212ce1c6f923d56694f4275ecb61e6438c5ded4,Adam Berg,adam@xyzdigital.com,2026-02-19T12:37:12-08:00,2026-02-19,12,4,Thursday,"[AI] Move block rendering to PageBlockRenderer, PagesApp fetches and renders it",741,755,1496,2,0,1
3e1a60f5946900e48b574ee563761400ec6b2cae,Adam Berg,adam@xyzdigital.com,2026-02-19T12:41:19-08:00,2026-02-19,12,4,Thursday,"[AI] Add PageHtmlRenderer for page.type='html', overwrites document with page.html",20,0,20,2,0,1
69d1e4c1d6d0b0677223cf732821223e95513d53,Adam Berg,adam@xyzdigital.com,2026-02-19T12:45:53-08:00,2026-02-19,12,4,Thursday,[AI] Add page type selector (html/block) and CodeMirror HTML editor,218,52,270,7,0,1
3da913ec4bd90d6d17840d3787fa11b2a25bb2a8,Adam Berg,adam@xyzdigital.com,2026-02-19T12:47:42-08:00,2026-02-19,12,4,Thursday,[AI] Ensure Create Page sets type to 'html' when HTML Page Type is selected,5,3,8,1,0,1
6d94ae2ab9b65200239c457c51fa1d3a0ddf696f,Adam Berg,adam@xyzdigital.com,2026-02-19T12:58:59-08:00,2026-02-19,12,4,Thursday,[AI] Fix html variable masking in PageHtmlEditor,2,2,4,1,0,1
e7988043c1393625e90303c6cce73dbe54d663db,Adam Berg,adam@xyzdigital.com,2026-02-19T13:00:31-08:00,2026-02-19,13,4,Thursday,[AI] Prevent code editor from causing horizontal scroll,3,2,5,1,0,1
7b25b79cb1d7d64d248e97204443200b0f57580f,Adam Berg,adam@xyzdigital.com,2026-02-19T13:04:15-08:00,2026-02-19,13,4,Thursday,[AI] Add Generate and Code tabs to PageHtmlEditor with chat input,58,16,74,1,0,1
edabd4e5e51a1fecf80b13dc34824e34cd44270d,Adam Berg,adam@xyzdigital.com,2026-02-19T13:05:55-08:00,2026-02-19,13,4,Thursday,[AI] Make PageEdit fit vertical space without page scroll,8,4,12,1,0,1
ef019c7da1c77cc90684ebf74bd2637db3fd061a,Adam Berg,adam@xyzdigital.com,2026-02-19T13:13:31-08:00,2026-02-19,13,4,Thursday,[AI] Add OpenAI HTML generation to PageHtmlEditor,154,5,159,3,0,1
d7f4e4734b290fb950a801a3033fe6db74271710,Adam Berg,adam@xyzdigital.com,2026-02-19T13:18:21-08:00,2026-02-19,13,4,Thursday,[AI] Stream OpenAI response to client for visible progress,45,15,60,2,0,1
f0a24fbe0000cd72dbd94785c76ec5c4d79d5adc,Adam Berg,adam@xyzdigital.com,2026-02-19T13:19:22-08:00,2026-02-19,13,4,Thursday,[AI] Don't change active tab; log OpenAI stream in API,19,2,21,2,0,1
b18718e4a5d547ed912e186f7a28d351165c9692,Adam Berg,adam@xyzdigital.com,2026-02-19T13:29:21-08:00,2026-02-19,13,4,Thursday,[AI] Remove OpenAI stream logging,1,19,20,1,0,1
1b250b2309a623a98ff61109c032d84badb2fab8,Adam Berg,adam@xyzdigital.com,2026-02-19T13:56:59-08:00,2026-02-19,13,4,Thursday,[AI] Switch OpenAI model from gpt-5-mini to gpt-5-nano,1,1,2,1,0,1
799640464b250923d4a4a5007e7518a8b047ab34,Adam Berg,adam@xyzdigital.com,2026-02-19T14:53:24-08:00,2026-02-19,14,4,Thursday,[AI] Switch from OpenAI to XAI for page HTML generation,21,5,26,1,0,1
ea8779fdec293d51239882780fb85e4b590658e4,Adam Berg,adam@xyzdigital.com,2026-03-03T08:05:56-08:00,2026-03-03,8,2,Tuesday,[AI] Add multi-form submission with formHtmlId,499,16,515,8,0,1
ad0f897447d5ceac495890fe97132ed893ca05db,Adam Berg,adam@xyzdigital.com,2026-03-03T08:08:10-08:00,2026-03-03,8,2,Tuesday,[AI] Move form submit actions to Settings tab,33,28,61,2,0,1
65a49843673b02c7c93bd1e72a8e14819e1ffdf7,Adam Berg,adam@xyzdigital.com,2026-03-03T08:14:56-08:00,2026-03-03,8,2,Tuesday,[AI] Add Form column to Page Responses table,5,0,5,1,0,1
9c500e7058229341d9fd7e1b08490cc16e33a8ce,Adam Berg,adam@xyzdigital.com,2026-03-03T08:46:23-08:00,2026-03-03,8,2,Tuesday,[AI] Add Order Summary accordion to checkout flow,122,82,204,2,0,1
e5ad1a40471c849d2a20f8e98c56e2851123c433,Adam Berg,adam@xyzdigital.com,2026-03-03T08:48:23-08:00,2026-03-03,8,2,Tuesday,[AI] Replace checkout step titles with artist name in top left,10,31,41,5,0,1
bb19b82c003d11ff03b44195d7ebfc5578f688a2,Adam Berg,adam@xyzdigital.com,2026-03-03T08:49:06-08:00,2026-03-03,8,2,Tuesday,[AI] Reduce py-8 to py-4,7,7,14,4,0,1
c2f8c5a0a9e93f8a64192ed4a18071c53dd71ec9,Adam Berg,adam@xyzdigital.com,2026-03-03T08:51:02-08:00,2026-03-03,8,2,Tuesday,"[AI] Order summary: grey background, full width, equal margin above/below",6,6,12,2,0,1
761ae82f1868bc449ac948c946d62821dcbddbc0,Adam Berg,adam@xyzdigital.com,2026-03-03T08:52:33-08:00,2026-03-03,8,2,Tuesday,"[AI] Replace back button with step circles (1, 2, 3) in checkout",51,41,92,2,0,1
e745e61fd3edb508d574471341795a4fb977f24c,Adam Berg,adam@xyzdigital.com,2026-03-03T08:53:20-08:00,2026-03-03,8,2,Tuesday,"[AI] Put checkout steps on own line, centered, with lines between",16,16,32,2,0,1
5cde10715aaa1a8ce524ee6236828b7e55fbc74a,Adam Berg,adam@xyzdigital.com,2026-03-03T09:10:50-08:00,2026-03-03,9,2,Tuesday,[AI] Use only id not name in form intercept,2,2,4,1,0,1
3c953ef528568d80ca6d8c1a56f5835b2d16d1d6,Adam Berg,adam@xyzdigital.com,2026-03-04T07:14:26-08:00,2026-03-04,7,3,Wednesday,[AI] Add getPageHtmlByHostname handler for /* route,49,3,52,3,0,1
4b3dfed5f4b232a7e49b8c93d0f3a26edc5e6037,Adam Berg,adam@xyzdigital.com,2026-03-04T07:32:19-08:00,2026-03-04,7,3,Wednesday,"[AI] Simplify Create Page modal: default to HTML, open page after create",3,40,43,1,0,1
9a2263fa405fac911f16f83255b5fa2e16c33b86,Adam Berg,adam@xyzdigital.com,2026-03-04T07:57:30-08:00,2026-03-04,7,3,Wednesday,[AI] Add markdown page type and use Bun.markdown.html for rendering,8,3,11,2,0,1
2feef53cd0f8324a90d67590b43af795a7b6c598,Adam Berg,adam@xyzdigital.com,2026-03-04T07:58:08-08:00,2026-03-04,7,3,Wednesday,[AI] Allow selecting html or markdown when creating a page,25,4,29,2,0,1
6adf9cde21d11944156558ce84372fc2c3d57081,Adam Berg,adam@xyzdigital.com,2026-03-04T07:58:54-08:00,2026-03-04,7,3,Wednesday,[AI] Use same editor (PageHtmlEditor) for markdown pages as html,9,8,17,2,0,1
7aa8232c7fdb3948c3cf4a0f901667f2995e00c5,Adam Berg,adam@xyzdigital.com,2026-03-04T08:00:43-08:00,2026-03-04,8,3,Wednesday,[AI] Add max-width to markdown pages for readable line length,6,1,7,1,0,1
6da2ce5c5db8706069e15cbfe7bc7dd7daa9fa28,Adam Berg,adam@xyzdigital.com,2026-03-05T07:20:22-08:00,2026-03-05,7,4,Thursday,Small updates,6,10,16,3,0,0
1537e9e895062b8f037fb92607291a0775ba590a,Adam Berg,adam@xyzdigital.com,2026-03-05T07:23:23-08:00,2026-03-05,7,4,Thursday,[AI] Return assets from dist/pages when page not found,19,0,19,1,0,1
7bb9850c6f173c9b776937b8d0a189411bca7180,Adam Berg,adam@xyzdigital.com,2026-03-05T07:40:10-08:00,2026-03-05,7,4,Thursday,Fix checkout,26,1,27,3,0,0
9e1c90749871082fd5d5fa3d9326d90a099f160d,Adam Berg,adam@xyzdigital.com,2026-03-05T10:52:43-08:00,2026-03-05,10,4,Thursday,[AI] Use form interception script from PageHtmlRenderer in getPageHtmlByHostname,9,3,12,3,0,1
4329be10f52d7b45a4ae3291f9394e7870024476,Adam Berg,adam@xyzdigital.com,2026-03-06T14:51:43-08:00,2026-03-06,14,5,Friday,[AI] Add row numbers to responses table,5,1,6,1,0,1
a88eb66267df305fb7194a36e463682f1a773b4b,Adam Berg,adam@xyzdigital.com,2026-03-09T08:01:56-07:00,2026-03-09,8,1,Monday,[AI] Add PageEvent model and tracking for page views,135,1,136,6,0,1
1788c0c66ffc2d30d5fd8b7cca37cd5ab19d7ac7,Adam Berg,adam@xyzdigital.com,2026-03-09T08:08:06-07:00,2026-03-09,8,1,Monday,[AI] Add Analytics tab to page edit with PageViews chart,246,35,281,5,0,1
7a05207efe17460fc50d70430521a8b2067e5040,Adam Berg,adam@xyzdigital.com,2026-03-09T08:09:46-07:00,2026-03-09,8,1,Monday,[AI] Move Analytics tab before Settings in PageHtmlEditor,103,111,214,2,0,1
209fcab7a050316068b871d6358900396ce1aae5,Adam Berg,adam@xyzdigital.com,2026-03-09T08:11:46-07:00,2026-03-09,8,1,Monday,[AI] Refactor PageController to folder style,529,525,1054,10,0,1
a9abff0964c023d3296e2dd2fc9222e1a5f4c422,Adam Berg,adam@xyzdigital.com,2026-03-09T08:13:32-07:00,2026-03-09,8,1,Monday,[AI] Make id ObjectId in getPageAnalytics,5,2,7,1,0,1
b7ba0a96fdf3050d52375630247748a4a3d505db,Adam Berg,adam@xyzdigital.com,2026-03-09T08:14:23-07:00,2026-03-09,8,1,Monday,[AI] Make chart Y-axis scale show only whole numbers,1,1,2,1,0,1
929f835cd574138d6b1b1941a95a8bcdeee53157,Adam Berg,adam@xyzdigital.com,2026-03-09T08:14:47-07:00,2026-03-09,8,1,Monday,[AI] Add legend to chart showing Views,3,0,3,1,0,1
7595fabf032bed2b9a67997cce57a4582fab8110,Adam Berg,adam@xyzdigital.com,2026-03-09T08:15:35-07:00,2026-03-09,8,1,Monday,[AI] Add PageResponses to analytics chart with different color,54,13,67,2,0,1
cf737e055cbca8ba2dfce5fc87bbfae18da4dc22,Adam Berg,adam@xyzdigital.com,2026-03-09T08:16:06-07:00,2026-03-09,8,1,Monday,[AI] Use chart-1 color for Views so legend shows color,3,2,5,1,0,1
7cc0c78a5dd8017e8b63c53e97f91071ee6b1543,Adam Berg,adam@xyzdigital.com,2026-03-09T08:19:50-07:00,2026-03-09,8,1,Monday,[AI] Add IPLocationService and location fields to PageEvent,59,0,59,4,0,1
5239daf81ee0a552a2bf8b6415aa032759ccbf22,Adam Berg,adam@xyzdigital.com,2026-03-09T08:23:33-07:00,2026-03-09,8,1,Monday,[AI] Add top countries and cities tables to page analytics,141,31,172,2,0,1
6c1887dac62520b202b397cff70a23e7fc94c603,Adam Berg,adam@xyzdigital.com,2026-03-09T08:24:17-07:00,2026-03-09,8,1,Monday,[AI] Always show country and city tables in analytics even when empty,60,48,108,1,0,1
5069250e36748cd09d2eb267d277569783c48b2f,Adam Berg,adam@xyzdigital.com,2026-03-09T08:26:09-07:00,2026-03-09,8,1,Monday,[AI] Add analytics summary cards and date range picker,200,8,208,2,0,1
6116117f75f468f0945757a5563afc46f2409993,Adam Berg,adam@xyzdigital.com,2026-03-09T08:30:48-07:00,2026-03-09,8,1,Monday,[AI] Add nginx logs to page events script,133,0,133,1,0,1
6bcdeba20e964980b97f3b1941b1399bb2ef3911,Adam Berg,adam@xyzdigital.com,2026-03-09T08:34:59-07:00,2026-03-09,8,1,Monday,[AI] Use page id instead of hostname as CLI param,9,15,24,1,0,1
88eadb1ef190a72ae495a22ee6efa1f0a1b367c3,Adam Berg,adam@xyzdigital.com,2026-03-09T08:35:40-07:00,2026-03-09,8,1,Monday,[AI] Log when skipping entries in nginx-logs-to-page-events,5,1,6,1,0,1
042b16fbf402563c3a307cc9fe536d0e7a19fb82,Adam Berg,adam@xyzdigital.com,2026-03-09T08:38:01-07:00,2026-03-09,8,1,Monday,[AI] Strip HTTP version from path when parsing nginx logs,2,1,3,1,0,1
f277902a2cdb3b55406e7633ea105a4977c6af3a,Adam Berg,adam@xyzdigital.com,2026-03-09T08:38:56-07:00,2026-03-09,8,1,Monday,[AI] Add timestamp field to PageEvent model,6,0,6,2,0,1
eb07f5507118d1d208540bcca317378d1af8658d,Adam Berg,adam@xyzdigital.com,2026-03-09T08:39:51-07:00,2026-03-09,8,1,Monday,"[AI] Allow passing timestamp to createPageViewEvent, use in nginx script, analytics use timestamp",19,7,26,3,0,1
956650bee3d11f7304352dd57ceae14ed623a34e,Adam Berg,adam@xyzdigital.com,2026-03-09T08:44:04-07:00,2026-03-09,8,1,Monday,[AI] Allow '-' for duration field in nginx log regex,2,1,3,1,0,1
b06449e67f781bdbfca92a284d18eaaa261d6843,Adam Berg,adam@xyzdigital.com,2026-03-09T08:47:31-07:00,2026-03-09,8,1,Monday,[AI] Add state column to Top cities table,10,7,17,2,0,1
ca545b771300066fec7bf084a5ec6e9dc6baad94,Adam Berg,adam@xyzdigital.com,2026-03-09T08:47:53-07:00,2026-03-09,8,1,Monday,"[AI] Show Top cities as City, State, Country format",5,7,12,1,0,1
f09c70a3fdf5aa0ab3b29878d8e69020ca5be313,Adam Berg,adam@xyzdigital.com,2026-03-09T08:48:03-07:00,2026-03-09,8,1,Monday,[AI] Leave Top cities table header as City,1,1,2,1,0,1
ce2976834570786d6a91007dcbaa9fbd2a93ebbc,Adam Berg,adam@xyzdigital.com,2026-03-09T08:50:27-07:00,2026-03-09,8,1,Monday,[AI] Add referrer table to page analytics,56,1,57,2,0,1
6c23e4ef0b923a3f42d31b8593c6c5834147e6f6,Adam Berg,adam@xyzdigital.com,2026-03-09T08:50:47-07:00,2026-03-09,8,1,Monday,[AI] Put referrer table last in analytics,21,21,42,1,0,1
c037019e9088529729ac9820e0b13a6aa7675ab0,Adam Berg,adam@xyzdigital.com,2026-03-09T09:07:10-07:00,2026-03-09,9,1,Monday,[AI] Move View Responses to PageHtmlEditor before Settings,11,6,17,2,0,1
a0ef9c9a2e743791d922695b6e7272f84ae9d9f9,Adam Berg,adam@xyzdigital.com,2026-03-09T09:10:33-07:00,2026-03-09,9,1,Monday,[AI] Move PageHtmlEditor to src/routes/pages/edit,2,2,4,2,0,1
ff257e4266a80cdad98db27914ea58ff65af5d4f,Adam Berg,adam@xyzdigital.com,2026-03-09T09:12:05-07:00,2026-03-09,9,1,Monday,[AI] Split PageHtmlEditor into separate tab components,557,496,1053,5,0,1
af8d21d68891f3d7465f73a2be7d0180a6921d6d,Adam Berg,adam@xyzdigital.com,2026-03-09T09:13:42-07:00,2026-03-09,9,1,Monday,"[AI] Rename View Responses to Responses, move to tab component",54,69,123,4,0,1
237621b36067dd887f3ffceede6f6d7cdb123f4e,Adam Berg,adam@xyzdigital.com,2026-03-09T09:18:56-07:00,2026-03-09,9,1,Monday,"[AI] Move page title and route editing to Settings tab, remove top-level save button",162,75,237,5,0,1
750f1575dca774d0a8486a99226819760d4e7795,Adam Berg,adam@xyzdigital.com,2026-03-09T09:19:33-07:00,2026-03-09,9,1,Monday,Add curor rule to not test changes,6,0,6,1,0,0
6b720f5ae00176574479e24970e3b6bde04a9181,Adam Berg,adam@xyzdigital.com,2026-03-09T09:21:52-07:00,2026-03-09,9,1,Monday,[AI] Add Ctrl+S save shortcut and sonner toast to Code tab,20,3,23,2,0,1
a326af0e7ada15e958deb83dae62d8fdc38cfe5a,Adam Berg,adam@xyzdigital.com,2026-03-09T09:23:38-07:00,2026-03-09,9,1,Monday,[AI] Add floating save button when code is dirty,25,3,28,2,0,1
ebd9e3d9a4fed073908500df9e51cb47a95421f5,Adam Berg,adam@xyzdigital.com,2026-03-09T09:24:29-07:00,2026-03-09,9,1,Monday,[AI] Use fixed positioning and icon-only for floating save button,5,3,8,1,0,1
33e7774cf5679b567f0fcb35ee1d7f6f43494723,Adam Berg,adam@xyzdigital.com,2026-03-09T09:25:58-07:00,2026-03-09,9,1,Monday,Disable zoom for ios,1,1,2,1,0,0
1bcc24b6cfb53422dd021c10d5ec998dde5da99c,Adam Berg,adam@xyzdigital.com,2026-03-09T09:26:54-07:00,2026-03-09,9,1,Monday,[AI] Sync PageHtmlEditor tabs with URL for refresh persistence,25,9,34,2,0,1
4aae8d4b313f80381af9f83b0ab0d7143f58e5f5,Adam Berg,adam@xyzdigital.com,2026-03-09T09:28:59-07:00,2026-03-09,9,1,Monday,[AI] Allow horizontal scrolling for tab names when screen width is small,6,6,12,1,0,1
4a5be47409b68aff407d5fb869279c0f515abc5c,Adam Berg,adam@xyzdigital.com,2026-03-09T09:53:03-07:00,2026-03-09,9,1,Monday,Only use x-forwarded-for for PageViews,1,5,6,1,0,0
b41b1a2de83035f847bb8e79980a730ec90542dd,Adam Berg,adam@xyzdigital.com,2026-03-09T10:18:06-07:00,2026-03-09,10,1,Monday,[AI] Add data-maps-to attribute support to form interception script,4,1,5,1,0,1
b9d6d8dda5a520a7a5a02112a51be8a22ce5248d,Adam Berg,adam@xyzdigital.com,2026-03-09T10:36:09-07:00,2026-03-09,10,1,Monday,[AI] Add contact link in Responses tab when response has lead,15,0,15,1,0,1
59263888eae93e3fe64c9450cc72934bc34cd8e8,Adam Berg,adam@xyzdigital.com,2026-03-09T10:37:39-07:00,2026-03-09,10,1,Monday,[AI] Use open link icon instead of View text in Responses tab,3,3,6,1,0,1
dce6ce4bebbcfe8eeaf37ce8f1667dfecc53529a,Adam Berg,adam@xyzdigital.com,2026-03-09T10:39:02-07:00,2026-03-09,10,1,Monday,[AI] Move contact column after # and remove header text,4,4,8,1,0,1
2ef407c1104545a2ec5997a860ee281e6616bb97,Adam Berg,adam@xyzdigital.com,2026-03-09T10:40:09-07:00,2026-03-09,10,1,Monday,[AI] Use person icon for contact column header,4,2,6,1,0,1
f8605a4903d72ef6c494c653c9e0c02d914bc8dd,Adam Berg,adam@xyzdigital.com,2026-03-10T08:01:21-07:00,2026-03-10,8,2,Tuesday,[AI] Parse phoneNumber with libphonenumber-js (US) before saving in postBlockFromQuery,14,2,16,1,0,1
075462b9ec785926b57b9cbd0d403b1428904665,Adam Berg,adam@xyzdigital.com,2026-03-10T08:05:23-07:00,2026-03-10,8,2,Tuesday,[AI] Ensure ContactEdit sends empty string for empty fields,10,14,24,1,0,1
ba29b197987cc1aa7b9396147bc4348a64c15fed,Adam Berg,adam@xyzdigital.com,2026-03-10T08:31:50-07:00,2026-03-10,8,2,Tuesday,Add engram-worker to ecosystem,11,0,11,1,0,0
163da6f0e69b28406237ce2e3802d132eb896783,Adam Berg,adam@xyzdigital.com,2026-03-11T07:06:21-07:00,2026-03-11,7,3,Wednesday,[AI] Add Page filter to compose SMS Campaign recipients,111,12,123,3,0,1
77bf2b96f0e1660e1e28f1bba3b5eb2d6dea25c3,Adam Berg,adam@xyzdigital.com,2026-03-11T07:07:30-07:00,2026-03-11,7,3,Wednesday,[AI] Remove 'More options will be added later' text from Page filter,0,1,1,1,0,1
9f87bc98c0bac997f0e3614a2d9ce51b675c7f23,Adam Berg,adam@xyzdigital.com,2026-03-11T07:19:16-07:00,2026-03-11,7,3,Wednesday,[AI] Add leads table with row selection to SMS campaign compose page,152,10,162,5,0,1
92cd56c758909a60de9f5d4cce3ee2776c66db0c,Adam Berg,adam@xyzdigital.com,2026-03-11T07:25:28-07:00,2026-03-11,7,3,Wednesday,[AI] Move Recipients text to left of Send button,17,20,37,1,0,1
167c9c4ce0e29bd20260998a11046fcacef937a3,Adam Berg,adam@xyzdigital.com,2026-03-11T07:26:15-07:00,2026-03-11,7,3,Wednesday,[AI] Use selectedLeadIds size for Recipients count when leads loaded,4,2,6,1,0,1
d4311a73a2ab73a1704f712935b2fda98d9ae353,Adam Berg,adam@xyzdigital.com,2026-03-11T07:28:54-07:00,2026-03-11,7,3,Wednesday,[AI] Disable Send button when no leads selected,6,1,7,1,0,1
eb400cbf0e2af11caf6ccce51020496dbc9d64e7,Adam Berg,adam@xyzdigital.com,2026-03-11T07:31:31-07:00,2026-03-11,7,3,Wednesday,[AI] Block navigation to campaign edit when status is not draft,9,2,11,1,0,1
67cc93647c28597e6d93908aec91aef26a69d9ea,Adam Berg,adam@xyzdigital.com,2026-03-11T07:34:34-07:00,2026-03-11,7,3,Wednesday,Update packages and add bun i to deploy,55,53,108,3,0,0
8129e1d5e8992581c2a4e38663354d576b376eac,Adam Berg,adam@xyzdigital.com,2026-03-11T07:36:12-07:00,2026-03-11,7,3,Wednesday,bun update --latest,54,54,108,2,0,0
e87afca69aeff19cc0cb71d6949e22d4e8328512,Adam Berg,adam@xyzdigital.com,2026-03-11T07:40:36-07:00,2026-03-11,7,3,Wednesday,"Remove unused packages and remove ""latest"" for versions",50,56,106,2,0,0
2b068138bf7dfcf83d6eb48049e539d3eab7e500,Adam Berg,adam@xyzdigital.com,2026-03-11T07:43:30-07:00,2026-03-11,7,3,Wednesday,[AI] Fix audit vulnerabilities with package overrides,13,3,16,2,0,1
a73d59ba57d4194dc8c73890a63d8ba2fe2cd0ee,Adam Berg,adam@xyzdigital.com,2026-03-11T08:57:52-07:00,2026-03-11,8,3,Wednesday,[AI] Add 'has not submitted' operator for Page filter,39,22,61,2,0,1
4a01d4537e1c24fbefb1e803977940a74256c19f,Adam Berg,adam@xyzdigital.com,2026-03-11T08:58:49-07:00,2026-03-11,8,3,Wednesday,Update override versions,4,4,8,2,0,0
7ad8c4b9b88367bd4da3ee211e37aa5da8db4e5b,Adam Berg,adam@xyzdigital.com,2026-03-11T09:11:16-07:00,2026-03-11,9,3,Wednesday,"[AI] Extract RecipientsFilter into separate component, create MessagesSMSCompose folder",389,318,707,2,0,1
f2561e56d59752f0a0bc880e26324d0a6a1d6c9f,Adam Berg,adam@xyzdigital.com,2026-03-11T09:12:16-07:00,2026-03-11,9,3,Wednesday,[AI] Update SMS nav link to /messages/sms/campaigns,1,1,2,1,0,1
4403cc041b6b8d681d32b4372bed4a5e1b8b82f3,Adam Berg,adam@xyzdigital.com,2026-03-11T09:13:29-07:00,2026-03-11,9,3,Wednesday,Update deploy to not reload worker,1,1,2,1,0,0
cb7444f655ac36065fd0ba3f3c77c56d7db61ab0,Adam Berg,adam@xyzdigital.com,2026-03-11T09:25:07-07:00,2026-03-11,9,3,Wednesday,[AI] Use Handlebars to populate campaign.body with firstName and lastName,36,12,48,3,0,1
daa02433dd758f5cfb8678468d5cb66cb82d06f7,Adam Berg,adam@xyzdigital.com,2026-03-11T09:37:45-07:00,2026-03-11,9,3,Wednesday,[AI] Add page-response-city-to-mailerlite script,103,0,103,1,0,1
7928de78597b57702069cb8901c16c56c0dee394,Adam Berg,adam@xyzdigital.com,2026-03-11T09:39:05-07:00,2026-03-11,9,3,Wednesday,[AI] Fetch leads separately instead of populate,14,9,23,1,0,1
0dcef8edcf753e67d7a1f30ec5b58f560c06f282,Adam Berg,adam@xyzdigital.com,2026-03-11T09:42:23-07:00,2026-03-11,9,3,Wednesday,"[AI] Extract city from PageResponse (htmlId city/other-city), update MailerLite when missing, add logging",44,4,48,1,0,1
7d056811b37274f3cdf274da5412398e19c0fd07,Adam Berg,adam@xyzdigital.com,2026-03-11T09:43:44-07:00,2026-03-11,9,3,Wednesday,[AI] Skip unsubscribed subscribers when syncing city to MailerLite,6,0,6,1,0,1
032c1fca1f3af42f8412aff0084725730e536da5,Adam Berg,adam@xyzdigital.com,2026-03-11T10:32:14-07:00,2026-03-11,10,3,Wednesday,[AI] Add Files nav item and route with table and upload,186,0,186,3,0,1
8683245916b2c7547195c7ed4ebe65dae693ccc3,Adam Berg,adam@xyzdigital.com,2026-03-12T08:30:36-07:00,2026-03-12,8,4,Thursday,[AI] Use HTMLRewriter to inject form script before </body>,14,2,16,1,0,1
09c40de94bcb6392a33bc46aa59fe7c444e580b2,Adam Berg,adam@xyzdigital.com,2026-03-12T08:36:13-07:00,2026-03-12,8,4,Thursday,[AI] Allow setting payWhatYouCan as boolean in ProductEdit,26,1,27,2,0,1
401ffa0bfbd7aacbd139ef11b4305513f9b90e20,Adam Berg,adam@xyzdigital.com,2026-03-12T08:44:55-07:00,2026-03-12,8,4,Thursday,[AI] Add pay-what-you-can amount input to checkout email step,51,5,56,2,0,1
f0201f120b315f11d7ee51698397504fdd7fa26b,Adam Berg,adam@xyzdigital.com,2026-03-12T08:50:56-07:00,2026-03-12,8,4,Thursday,[AI] Update Order Summary when Amount to pay changes,8,1,9,1,0,1
d870fe9b85cf5413b9a4425dfaeba02171d12758,Adam Berg,adam@xyzdigital.com,2026-03-12T08:53:32-07:00,2026-03-12,8,4,Thursday,[AI] Add --watch CLI param to pages build script,27,10,37,1,0,1
631eedc4972aca8a8804277a045d5fb77dec0064,Adam Berg,adam@xyzdigital.com,2026-03-12T08:54:34-07:00,2026-03-12,8,4,Thursday,[AI] Fix Bun.spawn stdio to use array format,1,1,2,1,0,1
58c3d96ffa70961b37651f066f501ade61f82621,Adam Berg,adam@xyzdigital.com,2026-03-12T09:08:18-07:00,2026-03-12,9,4,Thursday,Add dev script to run all in parallel,13,13,26,3,0,0
daa704982621709226361b717b47d04a8eb6b7d6,Adam Berg,adam@xyzdigital.com,2026-03-12T09:10:04-07:00,2026-03-12,9,4,Thursday,[AI] Add deliveryType (digital/physical) to Product model and ProductEdit,65,2,67,3,0,1
efe89a0c67ff86d82e9a1c7f107236807ff318ff,Adam Berg,adam@xyzdigital.com,2026-03-12T09:12:33-07:00,2026-03-12,9,4,Thursday,[AI] Move DeliveryTypeEnum to root types folder,8,7,15,4,0,1
167cf8d6f90c57be142d4a533d4a0ae3ba0469f4,Adam Berg,adam@xyzdigital.com,2026-03-12T09:14:03-07:00,2026-03-12,9,4,Thursday,[AI] Skip shipping step in checkout when delivery type is digital,53,12,65,1,0,1
16dc9b1b3327ead7f254bfdbb16c7d7caa38ba42,Adam Berg,adam@xyzdigital.com,2026-03-12T09:19:07-07:00,2026-03-12,9,4,Thursday,[AI] Add product image upload with ImageSelectDialog,298,303,601,4,0,1
fb35cea05959673d356494d46037a61fa4d86d05,Adam Berg,adam@xyzdigital.com,2026-03-12T09:20:50-07:00,2026-03-12,9,4,Thursday,[AI] Order summary always visible with product images,31,33,64,1,0,1
1b6dc5adccd62eae24047220e783dc0e44d134d9,Adam Berg,adam@xyzdigital.com,2026-03-12T09:20:58-07:00,2026-03-12,9,4,Thursday,[AI] Remove debug console.log from FileController,0,2,2,1,0,1
d7642a98a6e4e46b2a2950cf8c3418be695eb5fb,Adam Berg,adam@xyzdigital.com,2026-03-12T09:21:48-07:00,2026-03-12,9,4,Thursday,[AI] Simplify OrderQuantitySelector - show only products,62,84,146,1,0,1
746adb5c6ee06b4938727d7554cf3706ed113c1e,Adam Berg,adam@xyzdigital.com,2026-03-12T09:24:28-07:00,2026-03-12,9,4,Thursday,"[AI] Add quantityRules to Product with min/max, limit checkout selection",57,38,95,3,0,1
f74fb92057c025c9ab84b16c92d12968c1d1cf6e,Adam Berg,adam@xyzdigital.com,2026-03-12T09:25:08-07:00,2026-03-12,9,4,Thursday,[AI] Allow editing quantityRules in ProductEdit,67,1,68,2,0,1
0c8430932d61c114fbc13899fb6cee22d742a630,Adam Berg,adam@xyzdigital.com,2026-03-12T09:28:46-07:00,2026-03-12,9,4,Thursday,"[AI] Remove border and padding from product, add hr after products",2,1,3,1,0,1
ac3680fd6ccb2350ca47aed3e8bd08336e04d79a,Adam Berg,adam@xyzdigital.com,2026-03-12T09:29:32-07:00,2026-03-12,9,4,Thursday,Fix double hr,2,2,4,2,0,0
280429e1c1c5f884ed581c2aaefef2e1dc2210f8,Adam Berg,adam@xyzdigital.com,2026-03-12T09:46:08-07:00,2026-03-12,9,4,Thursday,[AI] Add On Checkout Success action (Go To) for Checkout in Page settings,96,8,104,9,0,1
3058b43494a31bf62ae7c2c92d94de6a9587d30e,Adam Berg,adam@xyzdigital.com,2026-03-12T09:53:31-07:00,2026-03-12,9,4,Thursday,[AI] Add /files/:fileId route that redirects to file.url,31,1,32,3,0,1
3e899ddcd60eda213be089953dc0aa89ed3d5816,Adam Berg,adam@xyzdigital.com,2026-03-12T09:54:38-07:00,2026-03-12,9,4,Thursday,[AI] Update Files.tsx to copy /files/:fileId URL instead of raw file.url,3,2,5,1,0,1
8f120d25051bbeb4f1d7cf42027d728bcaa00b3a,Adam Berg,adam@xyzdigital.com,2026-03-12T09:55:56-07:00,2026-03-12,9,4,Thursday,[AI] Use first CustomDomain hostname for file copy URL instead of window.location.origin,14,4,18,1,0,1
575db1daef068fc36aa6ef182f28da66c03f935f,Adam Berg,adam@xyzdigital.com,2026-03-12T10:23:54-07:00,2026-03-12,10,4,Thursday,"[AI] Add checkout color customization (background, button, accent)",285,19,304,7,0,1
f69e34d9d6846cf4a4f3814a274d812fa2e3b38e,Adam Berg,adam@xyzdigital.com,2026-03-12T10:24:23-07:00,2026-03-12,10,4,Thursday,[AI] Apply checkout background color to entire page,6,4,10,1,0,1
c0713e0ed306101f70287789fa372da0aed7099e,Adam Berg,adam@xyzdigital.com,2026-03-12T10:29:43-07:00,2026-03-12,10,4,Thursday,Remove block renderer from pages app,0,3,3,2,0,0
c635f9b6573eae8ba69a26180048c8881d24e14c,Adam Berg,adam@xyzdigital.com,2026-03-12T10:31:23-07:00,2026-03-12,10,4,Thursday,[AI] Update Stripe CardElement text color based on checkout background,20,15,35,1,0,1
dfc75821a6a5f5c476843377c9f5acb883d11324,Adam Berg,adam@xyzdigital.com,2026-03-12T10:34:32-07:00,2026-03-12,10,4,Thursday,[AI] Center artist name at top of CheckoutFlow,1,1,2,1,0,1
bfc1799abb3031cb1ef6db92f186de5699dffec8,Adam Berg,adam@xyzdigital.com,2026-03-12T10:37:23-07:00,2026-03-12,10,4,Thursday,REmvoe loge,0,2,2,1,0,0
cd54003d524e564790b9f7025f293c0e51fa3e6b,Adam Berg,adam@xyzdigital.com,2026-03-12T10:59:57-07:00,2026-03-12,10,4,Thursday,Fix build...,2,0,2,1,0,0
3824fdeac52694b074c8341f006747f1c2f7b9ed,Adam Berg,adam@xyzdigital.com,2026-03-12T12:40:58-07:00,2026-03-12,12,4,Thursday,[AI] Ensure Shipping address text uses contrasting color to custom background,17,0,17,2,0,1
a36be8c647cb0fdfddd5605ca529cac81d838078,Adam Berg,adam@xyzdigital.com,2026-03-12T12:42:19-07:00,2026-03-12,12,4,Thursday,[AI] Use contrasting text color and no background for 'Or pay with card' divider,4,1,5,1,0,1
33cb1d9037653925306335aa31135b708abf93c6,Adam Berg,adam@xyzdigital.com,2026-03-12T12:43:12-07:00,2026-03-12,12,4,Thursday,[AI] Fix horizontal rule showing through 'Or pay with card' text,4,1,5,1,0,1
696e65885f9b121dc0c56759c66d5012cf64b398,Adam Berg,adam@xyzdigital.com,2026-03-12T12:44:59-07:00,2026-03-12,12,4,Thursday,[AI] Add total field below product list in checkout,7,0,7,1,0,1
28f229a4c000520f0d6bc2d246474916ca731a3b,Adam Berg,adam@xyzdigital.com,2026-03-12T17:30:12-07:00,2026-03-12,17,4,Thursday,[AI] Skip balance check and update when Twilio document has artistOwned,35,5,40,4,0,1
276a959303c602dfd3498da4e3a3e61489a287a7,Adam Berg,adam@xyzdigital.com,2026-03-12T20:14:50-07:00,2026-03-12,20,4,Thursday,[AI] Add duplicate contact detector script for leads by artist,86,0,86,1,0,1
dfec569e66f82858f02e4f83b3fe3bd7db88d9c4,Adam Berg,adam@xyzdigital.com,2026-03-12T20:19:42-07:00,2026-03-12,20,4,Thursday,[AI] Include email and phone number in CSV exports,15,6,21,1,0,1
6280d24f0491d3fc079fb6e9a7dab5be6302207f,Adam Berg,adam@xyzdigital.com,2026-03-13T07:41:24-07:00,2026-03-13,7,5,Friday,[AI] Deduplicate leads by phone number in getRecipientsForFilters,16,4,20,1,0,1
df1d64f0e72bf666ad82c3dcf8210a72bb4b9c70,Adam Berg,adam@xyzdigital.com,2026-03-13T07:42:49-07:00,2026-03-13,7,5,Friday,[AI] Extract filterLeadsForFilters and call deduplicateByPhoneNumber once,14,9,23,1,0,1
f74e9be4d113e4f1390c8a58b65609ac1b4e28e0,Adam Berg,adam@xyzdigital.com,2026-03-13T07:57:18-07:00,2026-03-13,7,5,Friday,[AI] Add country code filter to SMS campaign compose,112,18,130,4,0,1
0c33ee5b7d41ad608b50fe8f6833b6d35aed085b,Adam Berg,adam@xyzdigital.com,2026-03-13T07:57:47-07:00,2026-03-13,7,5,Friday,[AI] Rename Country filter to Country Code,1,1,2,1,0,1
c269f34e03552ccdec567f4ec4f218f000830463,Adam Berg,adam@xyzdigital.com,2026-03-13T07:58:07-07:00,2026-03-13,7,5,Friday,[AI] Change filter type from country to countryCode,10,10,20,3,0,1
821e05c3bed7037a68b51a0f0d6a5ade13257785,Adam Berg,adam@xyzdigital.com,2026-03-13T07:58:55-07:00,2026-03-13,7,5,Friday,[AI] Default campaign to Country Code filter with US and Canada selected,2,2,4,1,0,1
906ee3e4b500f9dc16ca86a2848f686a763e8a68,Adam Berg,adam@xyzdigital.com,2026-03-13T08:00:07-07:00,2026-03-13,8,5,Friday,[AI] Allow adding multiple filters in campaign UI,346,431,777,3,0,1
e488b5f3d1e7f86913b01a02e3d027fff0d09983,Adam Berg,adam@xyzdigital.com,2026-03-13T08:07:32-07:00,2026-03-13,8,5,Friday,"[AI] getRecipientsForFilters takes full filters array, AND logic, dedupe at end",49,50,99,3,0,1
03385ba436871b4c32d64f02bc54ebe5b1cea9aa,Adam Berg,adam@xyzdigital.com,2026-03-13T08:09:24-07:00,2026-03-13,8,5,Friday,Fix duplicate key error,1,1,2,1,0,0
10d1e7c3bbf8740c6d0cb3dcee76564cf6f84160,Adam Berg,adam@xyzdigital.com,2026-03-13T08:11:01-07:00,2026-03-13,8,5,Friday,[AI] New filter defaults to blank instead of Country code,6,4,10,1,0,1
7dd233f5fe3e99b0e7768bda1061973dd6fdfe90,Adam Berg,adam@xyzdigital.com,2026-03-13T08:12:56-07:00,2026-03-13,8,5,Friday,[AI] Prevent deleting the country code filter,8,3,11,1,0,1
44e4321d9211aed5d48d29b973ac895ca22334d1,Adam Berg,adam@xyzdigital.com,2026-03-13T08:13:39-07:00,2026-03-13,8,5,Friday,[AI] Prevent adding a new country code filter,6,1,7,1,0,1
e6f41e655a24e1e9300aad0b31446000a2de10e5,Adam Berg,adam@xyzdigital.com,2026-03-13T08:19:55-07:00,2026-03-13,8,5,Friday,[AI] Add SMSBlockList model and exclude blocked phones from recipient queries,77,5,82,2,0,1
9870c9c31e96850bffb04de3467404a93e340d0a,Adam Berg,adam@xyzdigital.com,2026-03-13T08:22:45-07:00,2026-03-13,8,5,Friday,[AI] Add reason field to SMSBlockList with optout enum,12,0,12,1,0,1
195afa2a8544907885a3201463ba8bec93238a88,Adam Berg,adam@xyzdigital.com,2026-03-13T08:24:58-07:00,2026-03-13,8,5,Friday,[AI] Add sms-unsub-stop script to block phones that text STOP,53,0,53,1,0,1
20ca310ce541c54182e39086b98bdccff392b040,Adam Berg,adam@xyzdigital.com,2026-03-13T08:34:19-07:00,2026-03-13,8,5,Friday,[AI] Add SMS receive webhook handler at /api/sms/receive,96,1,97,3,0,1
fac4df02ed9d66d45c966e1db2a43386b94dc47b,Adam Berg,adam@xyzdigital.com,2026-03-13T08:35:47-07:00,2026-03-13,8,5,Friday,[AI] Remove contactUser from SMS receive handler,0,4,4,1,0,1
8727d5b8603339ce0ecab8f40a8c594ff69ac272,Adam Berg,adam@xyzdigital.com,2026-03-13T08:43:02-07:00,2026-03-13,8,5,Friday,[AI] Add deductReceiveSmsCost helper for incoming SMS/MMS billing,72,3,75,4,0,1
a1dfc7d82908b5e56b7aa2ec1c1024312ee43ed7,Adam Berg,adam@xyzdigital.com,2026-03-13T08:50:02-07:00,2026-03-13,8,5,Friday,Add receive webhook,9,9,18,2,0,0
d4a12ee296290a9b410eb9a96496644b31dca05f,Adam Berg,adam@xyzdigital.com,2026-03-13T09:00:31-07:00,2026-03-13,9,5,Friday,[AI] Use validateRequestWithBody in smsReceive,2,2,4,1,0,1
f8a933aafe6b2ae85ea9fc8fad5caac109bf08f7,Adam Berg,adam@xyzdigital.com,2026-03-13T09:01:49-07:00,2026-03-13,9,5,Friday,Add logs to help debug,5,0,5,1,0,0
6d3100fb7096b6391260d715de4c672fe63d99e0,Adam Berg,adam@xyzdigital.com,2026-03-13T09:04:24-07:00,2026-03-13,9,5,Friday,Attempt to fix signature check,2,6,8,1,0,0
850150056816168378b7eac17cc662a93318d9f1,Adam Berg,adam@xyzdigital.com,2026-03-13T09:06:43-07:00,2026-03-13,9,5,Friday,[AI] Use Twilio validateRequest with full URL and form params,28,29,57,1,0,1
42b530748310c7809f17bc0a51c3b304799deee1,Adam Berg,adam@xyzdigital.com,2026-03-13T09:07:19-07:00,2026-03-13,9,5,Friday,Add logs,4,0,4,1,0,0
0004a553d66b75f8b42f19a951e1883882aa8b24,Adam Berg,adam@xyzdigital.com,2026-03-13T09:08:38-07:00,2026-03-13,9,5,Friday,[AI] Ensure URL returns as HTTPS for Twilio webhook validation,1,0,1,1,0,1
c72279e221bc910cad79904e535a14a587a04696,Adam Berg,adam@xyzdigital.com,2026-03-13T09:09:22-07:00,2026-03-13,9,5,Friday,Remvoe logs,0,5,5,1,0,0
8aae01a7e9677e6c31e72a69356faaef04e8c40c,Adam Berg,adam@xyzdigital.com,2026-03-13T09:11:59-07:00,2026-03-13,9,5,Friday,[AI] Add SMSBlockList on receive when message starts with Twilio opt-out keywords,41,0,41,2,0,1
98c060222e57e4b5881668f5bbb002b045301c9f,Adam Berg,adam@xyzdigital.com,2026-03-13T09:14:29-07:00,2026-03-13,9,5,Friday,"[AI] Remove SMSBlockList on receive when message starts with Twilio opt-in keywords (UNSTOP, START, YES)",18,1,19,2,0,1
0b7fb125dae33e0be45da480e855125bf037a025,Adam Berg,adam@xyzdigital.com,2026-03-13T09:51:08-07:00,2026-03-13,9,5,Friday,"[AI] Replace BlockEditor with CodeMirror for raw HTML in Email compose, add RecipientsFilter",299,135,434,3,0,1
39ae7ecac237b2e6636087af18cbcd42b346d894,Adam Berg,adam@xyzdigital.com,2026-03-13T09:51:55-07:00,2026-03-13,9,5,Friday,[AI] Remove default country code filter from email compose,1,7,8,1,0,1
616bc30296095af876f364eae185f75e520f0a8a,Adam Berg,adam@xyzdigital.com,2026-03-13T09:53:29-07:00,2026-03-13,9,5,Friday,[AI] Add Contact Group filter to RecipientsFilter,96,1,97,4,0,1
9851bcb458cd151ca27aec2a24001eee928c2576,Adam Berg,adam@xyzdigital.com,2026-03-13T09:54:00-07:00,2026-03-13,9,5,Friday,[AI] Remove horizontal rule at top of recipients,1,1,2,1,0,1
36b3e3c8091bf50dfb03450a2cb6422d414d7a19,Adam Berg,adam@xyzdigital.com,2026-03-13T09:54:16-07:00,2026-03-13,9,5,Friday,[AI] Reduce vertical padding above recipients,1,1,2,1,0,1
bd78a1b85acfcaa01cb60932e0e68374ceff12b8,Adam Berg,adam@xyzdigital.com,2026-03-13T09:56:25-07:00,2026-03-13,9,5,Friday,[AI] Fix email campaign recipients not showing when filtering by group,95,51,146,4,0,1
dde045810164005cf2c9c067cd617237cf454379,Adam Berg,adam@xyzdigital.com,2026-03-13T10:00:25-07:00,2026-03-13,10,5,Friday,"[AI] Remove preview page, change Next to Send",54,228,282,5,0,1
9d3485683441c5e33e196a33f0f804b829e60b03,Adam Berg,adam@xyzdigital.com,2026-03-13T10:03:48-07:00,2026-03-13,10,5,Friday,"[AI] Add lead firstName, lastName, name as personalizations in email campaigns",25,20,45,2,0,1
4dfaca95766e60a62861c3a93fc5643e78ce04ee,Adam Berg,adam@xyzdigital.com,2026-03-13T10:07:14-07:00,2026-03-13,10,5,Friday,[AI] Use substitutions with Handlebars keys instead of dynamic_template_data,8,8,16,2,0,1
aa4059335f4e865be14a0e8eea70e0fb83bf59e1,Adam Berg,adam@xyzdigital.com,2026-03-13T10:08:46-07:00,2026-03-13,10,5,Friday,[AI] Put placeholders for substitutions in test email campaign,3,3,6,1,0,1
95225ef835f197f2669a35cd51a3c99588d8c300,Adam Berg,adam@xyzdigital.com,2026-03-13T10:09:27-07:00,2026-03-13,10,5,Friday,"[AI] Use literal placeholders for test email substitutions, disallow passing them",4,4,8,1,0,1
3ec60dfa3e078e35dc4947e52f153a2f5efdb40c,Adam Berg,adam@xyzdigital.com,2026-03-13T10:10:25-07:00,2026-03-13,10,5,Friday,[AI] Show all contacts in recipients sidebar when no filters selected,6,5,11,2,0,1
ec164fd6d01f0122db0d7625e086afd3650659fe,Adam Berg,adam@xyzdigital.com,2026-03-13T10:10:54-07:00,2026-03-13,10,5,Friday,[AI] Remove 'Selected leads' text above recipients table,1,2,3,1,0,1
62dd6956abdba3a28c4c6b55e67bad40ae776dd2,Adam Berg,adam@xyzdigital.com,2026-03-13T10:23:28-07:00,2026-03-13,10,5,Friday,[AI] Add email unsubscribe flow with JWT token,139,4,143,8,0,1
df79f98f8bc1bfd4f451bdfca3151abd44df9474,Adam Berg,adam@xyzdigital.com,2026-03-13T10:28:49-07:00,2026-03-13,10,5,Friday,[AI] Add option to update unsubscribedFromEmails in ContactEdit,23,0,23,2,0,1
dac2b432bb46e113e8b909578190ec9eb0b72847,Adam Berg,adam@xyzdigital.com,2026-03-13T10:29:20-07:00,2026-03-13,10,5,Friday,[AI] Move unsubscribed checkbox to right of email field,26,25,51,1,0,1
9a466cbf077b93dc3d235319a24b0adfcc312057,Adam Berg,adam@xyzdigital.com,2026-03-13T10:30:52-07:00,2026-03-13,10,5,Friday,[AI] Remove BlockEditor and its exclusive dependencies,11,3936,3947,13,0,1
240591e16cc78d724c179382e34c6874f4f99040,Adam Berg,adam@xyzdigital.com,2026-03-13T10:32:13-07:00,2026-03-13,10,5,Friday,"[AI] Always use HTML editor in PageEdit, remove block placeholder",18,24,42,1,0,1
8d3f99ebf7f717a817dd082a572c053f5d52d1a1,Adam Berg,adam@xyzdigital.com,2026-03-13T10:32:36-07:00,2026-03-13,10,5,Friday,[AI] Remove usesHtmlEditor boolean from PageEdit,10,38,48,1,0,1
3914a082bdf2ac449691eaba2713746a3cd6fc66,Adam Berg,adam@xyzdigital.com,2026-03-13T10:34:30-07:00,2026-03-13,10,5,Friday,[AI] Remove unused components from src/components,0,799,799,25,0,1
eaf51637b06b33dae7dd8458516f498a2d715287,Adam Berg,adam@xyzdigital.com,2026-03-13T10:35:02-07:00,2026-03-13,10,5,Friday,[AI] Remove unused EmailEditor.tsx,0,85,85,1,0,1
853e4611d0a939ed5dcfdfddd608eec9a165041b,Adam Berg,adam@xyzdigital.com,2026-03-13T10:35:55-07:00,2026-03-13,10,5,Friday,[AI] Move SettingsTabs from components/settings to routes/settings,5,6,11,6,0,1
c888700d52bb532fed1cc40aa0f44d31090906c3,Adam Berg,adam@xyzdigital.com,2026-03-13T10:37:36-07:00,2026-03-13,10,5,Friday,[AI] Add List-Unsubscribe and List-Unsubscribe-Post headers to emails,13,3,16,2,0,1
0ab0b2cc46771070d50858770ab1797b73c433dc,Adam Berg,adam@xyzdigital.com,2026-03-13T10:39:26-07:00,2026-03-13,10,5,Friday,[AI] Add List-Unsubscribe headers to test email campaign,6,1,7,1,0,1
e419919c6b8f565f27347238471d7a2077557566,Adam Berg,adam@xyzdigital.com,2026-03-13T10:47:23-07:00,2026-03-13,10,5,Friday,[AI] Add mailto option to List-Unsubscribe header,29,8,37,3,0,1
46a1a4f2fd0b9835ec10eac31a126a52eae82a09,Adam Berg,adam@xyzdigital.com,2026-03-13T14:33:58-07:00,2026-03-13,14,5,Friday,[AI] Add SMS reply input and smsSend controller,175,20,195,4,0,1
ba9aba71ee0ab23cf651f63e8b2974f8490f082b,Adam Berg,adam@xyzdigital.com,2026-03-13T14:35:39-07:00,2026-03-13,14,5,Friday,[AI] Make SMS reply textarea single line initially,2,2,4,1,0,1
14270af132750330f9654788043c94b439a3d196,Adam Berg,adam@xyzdigital.com,2026-03-13T14:36:40-07:00,2026-03-13,14,5,Friday,[AI] Scroll to bottom when opening SMS conversation,7,1,8,1,0,1
126b449424d9e6f84bb3459211b02bf03c6fca8a,Adam Berg,adam@xyzdigital.com,2026-03-13T14:38:42-07:00,2026-03-13,14,5,Friday,[AI] Remove Conversations header from SMS inbox,0,1,1,1,0,1
d21414f01641b88c359363d3e3b64f5ea97a1786,Adam Berg,adam@xyzdigital.com,2026-03-13T14:42:35-07:00,2026-03-13,14,5,Friday,[AI] Don't auto-select conversation; mark as read on select,53,8,61,4,0,1
84b9ed3e0cc782c05f99cee7d3d88228a221768f,Adam Berg,adam@xyzdigital.com,2026-03-13T14:50:27-07:00,2026-03-13,14,5,Friday,[AI] Add Edit and Activity tabs to ContactEdit,124,1,125,3,0,1
f669fd49ca3f147b28fd94cc59eafafde7988d58,Adam Berg,adam@xyzdigital.com,2026-03-13T14:50:41-07:00,2026-03-13,14,5,Friday,[AI] Rename page-responses to activity API route,6,6,12,3,0,1
2662adeaa4d1f6e8fce6f71b114f4a885cd31abd,Adam Berg,adam@xyzdigital.com,2026-03-13T14:50:56-07:00,2026-03-13,14,5,Friday,[AI] Remove Edit Contact title,1,4,5,1,0,1
de4b55dcd33bbf3013e54e2f05ce3fa4b8467d14,Adam Berg,adam@xyzdigital.com,2026-03-13T14:52:32-07:00,2026-03-13,14,5,Friday,"[AI] Improve activity tab: timestamp below label, borders, page link",30,13,43,2,0,1
01367e8b08ae88bcc73314cdec2cd0a6467ca0c5,Adam Berg,adam@xyzdigital.com,2026-03-13T14:53:05-07:00,2026-03-13,14,5,Friday,[AI] Make activity page links visibly styled as links,1,1,2,1,0,1
ac43840ed7aa92d665a22d654878f2741c7f38f5,Adam Berg,adam@xyzdigital.com,2026-03-13T14:54:28-07:00,2026-03-13,14,5,Friday,[AI] Add separate routes for /contacts/:id/edit and /contacts/:id/activity,337,296,633,6,0,1
74f918477aa32abcf6263609615771e158306448,Adam Berg,adam@xyzdigital.com,2026-03-13T14:55:19-07:00,2026-03-13,14,5,Friday,[AI] Remove card wrapper from contact edit and activity,11,16,27,1,0,1
cbf1997fd35b8b1ca3e0b408b76febc1d1af9763,Adam Berg,adam@xyzdigital.com,2026-03-13T15:06:08-07:00,2026-03-13,15,5,Friday,"[AI] Remove Generate tab, move chat sidebar into Code tab, switch to Cerebras API",121,143,264,4,0,1
65fbb16f3dcb9dba8ec7f3c87ed7f9c02b84d91a,Adam Berg,adam@xyzdigital.com,2026-03-13T15:07:26-07:00,2026-03-13,15,5,Friday,[AI] Constrain CodeMirror height so chat sidebar stays visible,26,24,50,2,0,1
df45914abefbcf64a1e29746d52c94ea6623927e,Adam Berg,adam@xyzdigital.com,2026-03-13T15:09:39-07:00,2026-03-13,15,5,Friday,[AI] Constrain PageEdit height like SMSInbox for inner scroll,2,2,4,1,0,1
aa009df9be4e8a416202fcd7e078b8bc3488ec5e,Adam Berg,adam@xyzdigital.com,2026-03-13T15:10:15-07:00,2026-03-13,15,5,Friday,"[AI] Simplify generate UI: remove placeholder, send icon beside input",9,12,21,1,0,1
17febe24cfc650e29ddfef9e8275953f2d3aa173,Adam Berg,adam@xyzdigital.com,2026-03-13T15:12:06-07:00,2026-03-13,15,5,Friday,[AI] Move save icon inside code section (top-right corner),22,22,44,1,0,1
46853f5a3dae6979de4c6db4812cb8771654a86a,Adam Berg,adam@xyzdigital.com,2026-03-13T15:12:43-07:00,2026-03-13,15,5,Friday,[AI] Add link icon to open current page in new tab,22,7,29,2,0,1
1bd9f5640a9c94cc8d68042701324c171b256d67,Adam Berg,adam@xyzdigital.com,2026-03-13T15:13:44-07:00,2026-03-13,15,5,Friday,[AI] Use CustomDomain hostname for page link URL,18,1,19,1,0,1
ad96265d67c88f536a3debb670e865171caed9ee,Adam Berg,adam@xyzdigital.com,2026-03-13T15:20:03-07:00,2026-03-13,15,5,Friday,[AI] Update Cerebras prompt for code generation to SEARCH/REPLACE format,39,8,47,2,0,1
454548c6959235bfff095b8c538d792b745445ac,Adam Berg,adam@xyzdigital.com,2026-03-13T15:21:07-07:00,2026-03-13,15,5,Friday,[AI] Add performance metrics for Cerebras API call,23,1,24,1,0,1
1b6487811cf27f3acac17c5d0f59b51cab047dd3,Adam Berg,adam@xyzdigital.com,2026-03-13T15:22:57-07:00,2026-03-13,15,5,Friday,[AI] Show submitted message and streamed responses in chat sidebar,42,5,47,1,0,1
7e97c41e6b6e1eb1fc458d8c8c9e3a371811c57e,Adam Berg,adam@xyzdigital.com,2026-03-13T15:23:44-07:00,2026-03-13,15,5,Friday,[AI] Fix send button not triggering - add prompt to handleGenerate deps,1,1,2,1,0,1
bc01f242331c518a53ca3d00e6bfcea4e2fa3c34,Adam Berg,adam@xyzdigital.com,2026-03-13T15:32:21-07:00,2026-03-13,15,5,Friday,[AI] Add test for regex search/replace blocks,148,10,158,3,0,1
4e65613ff8a83881a2e8255b0f3f3b8192090a50,Adam Berg,adam@xyzdigital.com,2026-03-13T15:37:12-07:00,2026-03-13,15,5,Friday,[AI] Highlight edited lines from search/replace until file is saved,67,24,91,3,0,1
abca0c670f72658b5ad1ab282714a81d8eeb6852,Adam Berg,adam@xyzdigital.com,2026-03-13T15:38:53-07:00,2026-03-13,15,5,Friday,[AI] Update applySearchReplaceBlocks test to assert exact expected HTML,87,5,92,1,0,1
f4f370e5c9b120b16c63289c9b6b2520ba5832cf,Adam Berg,adam@xyzdigital.com,2026-03-13T15:40:54-07:00,2026-03-13,15,5,Friday,[AI] Log detected matches in applySearchReplaceBlocks,3,0,3,1,0,1
932aa1cb4824759a477d5b32f0f33066550997c4,Adam Berg,adam@xyzdigital.com,2026-03-13T15:48:18-07:00,2026-03-13,15,5,Friday,[AI] URL encode strings in applySearchReplaceBlocks console.logs,2,2,4,1,0,1
03a2a87bc26781a71b404750aa046b1dd027240f,Adam Berg,adam@xyzdigital.com,2026-03-13T15:50:27-07:00,2026-03-13,15,5,Friday,[AI] Refactor applySearchReplaceBlocks to parse chunks into array then loop,16,5,21,1,0,1
a4374a04c03f96985b2d755eab9454bb3c326ea6,Adam Berg,adam@xyzdigital.com,2026-03-13T15:51:43-07:00,2026-03-13,15,5,Friday,[AI] Update applySearchReplaceBlocks test with new input,5,4,9,1,0,1
54a013b22a43f9c3717e09522f436b98071466a9,Adam Berg,adam@xyzdigital.com,2026-03-13T15:53:46-07:00,2026-03-13,15,5,Friday,[AI] Fix CodeTab to pass full output to applySearchReplaceBlocks,31,7,38,2,0,1
9a7da101b3373b40d7516e384bd5dbdde19dcc23,Adam Berg,adam@xyzdigital.com,2026-03-13T15:58:02-07:00,2026-03-13,15,5,Friday,[AI] Format HTML with Prettier after AI-generated changes in CodeTab,7,1,8,3,0,1
afd2ddfbced03d1f22aa9b2d0960b7c552f06f91,Adam Berg,adam@xyzdigital.com,2026-03-13T15:58:18-07:00,2026-03-13,15,5,Friday,[AI] Add html plugin to Prettier standalone for browser bundle,6,2,8,1,0,1
db08947e30d87e494830bd7dee099563531ea7de,Adam Berg,adam@xyzdigital.com,2026-03-13T16:04:28-07:00,2026-03-13,16,5,Friday,[AI] Add applySearchReplaceBlocks helper for SEARCH/REPLACE format,33,42,75,2,0,1
66716f733f85999db1c50a410ac109a23f0e49dc,Adam Berg,adam@xyzdigital.com,2026-03-13T16:07:45-07:00,2026-03-13,16,5,Friday,[AI] Add applySearchReplaceBlocks test with HTML content and SEARCH/REPLACE blocks,23,99,122,1,0,1
98c5e1e254b35d3b172b7305a5173f8352b56e11,Adam Berg,adam@xyzdigital.com,2026-03-13T16:08:52-07:00,2026-03-13,16,5,Friday,[AI] Fix applySearchReplaceBlocks to parse empty replacements without trailing newline,2,1,3,1,0,1
174aca02cd82ea35bc1e6b81b93b6fb9695caf0e,Adam Berg,adam@xyzdigital.com,2026-03-13T16:15:50-07:00,2026-03-13,16,5,Friday,[AI] Format HTML with Prettier after applying search/replace diffs,6,3,9,1,0,1
d8a9c7ee39ef5f70ae7ecfbd7ace317ff882f7ba,Adam Berg,adam@xyzdigital.com,2026-03-13T16:17:49-07:00,2026-03-13,16,5,Friday,"[AI] Show assistant response duration instead of full text, expandable to view",88,7,95,1,0,1
fa0c3fd8da0374a554a3f79e3519080a99e522b3,Adam Berg,adam@xyzdigital.com,2026-03-13T16:27:15-07:00,2026-03-13,16,5,Friday,[AI] Add test for prompt response title replacement in applySearchReplaceBlocks,26,0,26,1,0,1
07d1c04a1e1d7361bf4d9f5aff3126663ac786cc,Adam Berg,adam@xyzdigital.com,2026-03-13T16:30:55-07:00,2026-03-13,16,5,Friday,Update prompt to better match search,2,2,4,1,0,0
99281a12b42b9c9a0d633a1ae064da06262a735d,Adam Berg,adam@xyzdigital.com,2026-03-13T16:45:46-07:00,2026-03-13,16,5,Friday,[AI] Add test for empty search block in applySearchReplaceBlocks,40,1,41,2,0,1
2595aa965ee374568a200a6fa78474f565319d10,Adam Berg,adam@xyzdigital.com,2026-03-13T16:46:10-07:00,2026-03-13,16,5,Friday,Remove broken test,0,26,26,1,0,0
74ec284b4194bcc981629264e62e611a1f6179a1,Adam Berg,adam@xyzdigital.com,2026-03-13T16:46:51-07:00,2026-03-13,16,5,Friday,[AI] Auto save after prompt in CodeTab,7,6,13,2,0,1
12bbf43fa369a99fba8b1dfc7719e7ee4979f9c0,Adam Berg,adam@xyzdigital.com,2026-03-13T17:25:48-07:00,2026-03-13,17,5,Friday,[AI] Reverse row numbering in ResponsesTab,1,1,2,1,0,1
e2ae8b6920e2bc5a39c574e3fbf77f24fd776e82,Adam Berg,adam@xyzdigital.com,2026-03-13T17:28:09-07:00,2026-03-13,17,5,Friday,[AI] Add ability to delete PageResponse with confirmation,120,2,122,4,0,1
ac6f70d6852a88ca287ff908ef8f487dbb7f4dfa,Adam Berg,adam@xyzdigital.com,2026-03-13T17:28:50-07:00,2026-03-13,17,5,Friday,[AI] Move delete icon to end of row in ResponsesTab,11,11,22,1,0,1
3b9453a8deb696e92816334055217aca1640e628,Adam Berg,adam@xyzdigital.com,2026-03-13T17:33:11-07:00,2026-03-13,17,5,Friday,[AI] Add unique leads count above responses table,9,1,10,1,0,1
44bc7aad07bd69f0b1ce77196655d79d90044a2b,Adam Berg,adam@xyzdigital.com,2026-03-13T17:33:28-07:00,2026-03-13,17,5,Friday,[AI] Put unique leads count in card with # and Unique label,7,3,10,1,0,1
a0a98ea0d5011ea89d667778017784df099c42ea,Adam Berg,adam@xyzdigital.com,2026-03-13T17:33:58-07:00,2026-03-13,17,5,Friday,"[AI] Center number in card, make card 1/3 width",2,2,4,1,0,1
7008e89ac24dc24ab91dc2bdabfd08bac28e4d7f,Adam Berg,adam@xyzdigital.com,2026-03-13T17:34:10-07:00,2026-03-13,17,5,Friday,[AI] Add total count card to ResponsesTab,14,6,20,1,0,1
dd440f028c563f9ec834ff085ccf5cf26db4be81,Adam Berg,adam@xyzdigital.com,2026-03-13T17:36:24-07:00,2026-03-13,17,5,Friday,[AI] Add sortable columns to ResponsesTab,80,10,90,1,0,1
ffa0c335965ee21e862e855da34694f27f5f8737,Adam Berg,adam@xyzdigital.com,2026-03-13T17:36:51-07:00,2026-03-13,17,5,Friday,[AI] Fix hooks order - move useMemo before early returns,28,28,56,1,0,1
57c0ead89d85a0e4436669c7a6fc573297385090,Adam Berg,adam@xyzdigital.com,2026-03-13T17:37:12-07:00,2026-03-13,17,5,Friday,[AI] Remove row count column from ResponsesTab,1,5,6,1,0,1
df1b43d715a974ea5ea874dfcd7db7774e5f43e9,Adam Berg,adam@xyzdigital.com,2026-03-15T19:01:47-07:00,2026-03-15,19,0,Sunday,[AI] Switch generatePageHtml from Cerebras to Claude API,71,19,90,1,0,1
92484543493bcea199717fc7dc5bdfcdf5fb1fc4,Adam Berg,adam@xyzdigital.com,2026-03-15T19:07:15-07:00,2026-03-15,19,0,Sunday,[AI] Use Claude Haiku for generatePageHtml,1,1,2,1,0,1
f1d2dec145591ef25ddf35d97a8dab3a28251f97,Adam Berg,adam@xyzdigital.com,2026-03-15T19:19:19-07:00,2026-03-15,19,0,Sunday,[AI] Switch generatePageHtml back to Cerebras with zai-glm-4.7,16,70,86,1,0,1
3e3f7f3cf9de9249937ca33239722179e8369f0f,Adam Berg,adam@xyzdigital.com,2026-03-16T07:50:28-07:00,2026-03-16,7,1,Monday,[AI] Add HTML / Markdown setting to Settings tab in PageEdit,30,2,32,3,0,1
94ab93a321175d68c79cdc192102f92f2f0eb5e5,Adam Berg,adam@xyzdigital.com,2026-03-16T07:55:54-07:00,2026-03-16,7,1,Monday,[AI] Reuse body variable for setPage call,20,39,59,1,0,1
dd4d05e1ff33f29c67ab487ec170a4056257ac28,Adam Berg,adam@xyzdigital.com,2026-03-16T14:19:17-07:00,2026-03-16,14,1,Monday,[AI] Add script to export payments with ManyChat leads to CSV,113,0,113,1,0,1
018f1dfdcb8c500fc4e7e83ecf1af6f3ec1845be,Adam Berg,adam@xyzdigital.com,2026-03-16T14:19:40-07:00,2026-03-16,14,1,Monday,[AI] Filter to only complete payments in ManyChat leads script,1,1,2,1,0,1
f3d767b8fd5187d9a548204f90869ceb20e4d7d3,Adam Berg,adam@xyzdigital.com,2026-03-16T14:21:58-07:00,2026-03-16,14,1,Monday,[AI] Add products column to payments-with-manychat-leads CSV,252,10,262,1,0,1
ff0f88be0ba274288ce84ffe4b2e14ff93be2161,Adam Berg,adam@xyzdigital.com,2026-03-16T14:22:42-07:00,2026-03-16,14,1,Monday,[AI] Use papaparse for CSV output in payments-with-manychat-leads script,10,23,33,3,0,1
055134dc99f536732bc18c79e1a9cd521cbb4280,Adam Berg,adam@xyzdigital.com,2026-03-16T14:37:42-07:00,2026-03-16,14,1,Monday,Remove unused script,0,334,334,1,0,0
81eaa4a83c08cebf4d35b9eee731b15d44f9a334,Adam Berg,adam@xyzdigital.com,2026-03-17T06:50:01-07:00,2026-03-17,6,2,Tuesday,[AI] Replace automation editor with React Flow node-based editor,316,170,486,3,0,1
d63492ee22bc2bc06d759414938d686701392eac,Adam Berg,adam@xyzdigital.com,2026-03-17T06:51:06-07:00,2026-03-17,6,2,Tuesday,[AI] Fix automation editor height to prevent page scroll,2,2,4,1,0,1
1adee709d345b668233a2cc6f9db9d1074b650c1,Adam Berg,adam@xyzdigital.com,2026-03-17T06:52:54-07:00,2026-03-17,6,2,Tuesday,[AI] Fix node interactivity in React Flow automation editor,3,3,6,1,0,1
b814f5e23d39efe4108d2944c1f51d1c2bc5dc4c,Adam Berg,adam@xyzdigital.com,2026-03-17T06:54:53-07:00,2026-03-17,6,2,Tuesday,[AI] Fix node interactivity with stopPropagation on pointerdown,4,3,7,1,0,1
593bc69cc990b45da750522f1a614d4950a156d1,Adam Berg,adam@xyzdigital.com,2026-03-17T06:59:47-07:00,2026-03-17,6,2,Tuesday,[AI] Disable canvas panning in automation editor,4,3,7,1,0,1
a01c77550984d30a8af0e2b97339242fb4a735ec,Adam Berg,adam@xyzdigital.com,2026-03-17T07:11:31-07:00,2026-03-17,7,2,Tuesday,[AI] Add wait step type to automations,61,15,76,2,0,1
3c7137e30c0ae27e03f955b851613135129cc2c8,Adam Berg,adam@xyzdigital.com,2026-03-17T07:13:56-07:00,2026-03-17,7,2,Tuesday,"[AI] Add Instagram ""User comments on post"" trigger option",17,5,22,2,0,1
b16cbb07eb427b02750e2dc5e4720b3de4b8a273,Adam Berg,adam@xyzdigital.com,2026-03-17T07:14:30-07:00,2026-03-17,7,2,Tuesday,[AI] Group trigger select into Instagram and Engram sections,27,11,38,1,0,1
99db62298976996b77f524998110a4bf645f86ea,Adam Berg,adam@xyzdigital.com,2026-03-17T07:14:52-07:00,2026-03-17,7,2,Tuesday,[AI] Show Engram section first in trigger select,4,4,8,1,0,1
e53bd619a2de1d50f4e1dd695b2a12e583736128,Adam Berg,adam@xyzdigital.com,2026-03-17T07:19:36-07:00,2026-03-17,7,2,Tuesday,"[AI] Add Instagram comment trigger config: comment type, keywords, public replies",166,9,175,2,0,1
b5cd695a00f436e6ab92f339a94e4b534d67c8c1,Adam Berg,adam@xyzdigital.com,2026-03-17T07:22:59-07:00,2026-03-17,7,2,Tuesday,[AI] Flow nodes left to right; move handles to Right/Left,12,6,18,1,0,1
2f756fa3c8301cd257c8b587d43f3a5020ac010d,Adam Berg,adam@xyzdigital.com,2026-03-17T07:23:26-07:00,2026-03-17,7,2,Tuesday,[AI] Increase horizontal gap between nodes (24 → 64),1,1,2,1,0,1
44580433f6306ed01d05b879e64e5d6efaa4cbf6,Adam Berg,adam@xyzdigital.com,2026-03-17T07:25:59-07:00,2026-03-17,7,2,Tuesday,[AI] Persist triggers (incl. instagram.comment data) when saving automation,2,1,3,1,0,1
6b6130abde249e9ffddd15184bba97d697b4f892,Adam Berg,adam@xyzdigital.com,2026-03-17T07:28:05-07:00,2026-03-17,7,2,Tuesday,[AI] Add Send Message Instagram step (instagram.sendMessage),15,2,17,2,0,1
622dde8129651456363a165933777a9f30eacb40,Adam Berg,adam@xyzdigital.com,2026-03-17T07:28:47-07:00,2026-03-17,7,2,Tuesday,[AI] Use Instagram logo icon in Send Message step node,3,3,6,1,0,1
5a328a0ea7881a4cd18c213de20b94cd2127a758,Adam Berg,adam@xyzdigital.com,2026-03-17T07:33:42-07:00,2026-03-17,7,2,Tuesday,[AI] Add buttons with custom text to Send Message node; each has exit handle,154,14,168,1,0,1
f2416b2fdd96ffb797bf34c4306a56795308a8dd,Adam Berg,adam@xyzdigital.com,2026-03-17T07:40:28-07:00,2026-03-17,7,2,Tuesday,[AI] Replace button step dropdown with inline drag handle for connections,59,47,106,1,0,1
23a9cfff075b0bde5d51a0dd5dbffbb240ac6e75,Adam Berg,adam@xyzdigital.com,2026-03-17T07:42:54-07:00,2026-03-17,7,2,Tuesday,[AI] Add delete button on button edge connections,27,3,30,1,0,1
2e2a3810649b466c763a328768891ba24b02a545,Adam Berg,adam@xyzdigital.com,2026-03-17T07:43:54-07:00,2026-03-17,7,2,Tuesday,[AI] Allow deleting Then steps,21,1,22,1,0,1
2a10b94954e81db51493aa3cc09ff00f1cbc82ff,Adam Berg,adam@xyzdigital.com,2026-03-17T07:48:34-07:00,2026-03-17,7,2,Tuesday,[AI] Track next node for steps instead of array order,255,154,409,6,0,1
ac8385f94c7f4d5efddbdea6a58c963d246adeb7,Adam Berg,adam@xyzdigital.com,2026-03-17T07:49:11-07:00,2026-03-17,7,2,Tuesday,[AI] Move firstStepId to trigger.next on AutomationTrigger,23,27,50,4,0,1
52e0953af19e43dfb958a0ae42e539698b919fc3,Adam Berg,adam@xyzdigital.com,2026-03-17T07:50:11-07:00,2026-03-17,7,2,Tuesday,Add no verify build cursor rule,6,0,6,1,0,0
1c2a7677608a288b32f97cdb68a3db1bb4fd6472,Adam Berg,adam@xyzdigital.com,2026-03-17T07:52:08-07:00,2026-03-17,7,2,Tuesday,"[AI] Move next node exit edge to bottom right, put Then label in node",33,24,57,1,0,1
7adead55ae56b89fb7a1e8305d269182ed65b265,Adam Berg,adam@xyzdigital.com,2026-03-17T07:53:56-07:00,2026-03-17,7,2,Tuesday,[AI] Adjust Then label padding and right-side exit handles,4,5,9,1,0,1
5bff3d84ce54c9cc2fcdd454952aa2dcf8d74298,Adam Berg,adam@xyzdigital.com,2026-03-17T07:56:09-07:00,2026-03-17,7,2,Tuesday,[AI] Move Then footer label and right edge handle,32,12,44,1,0,1
0d66b22bcc74011028cac9f4382ff78036cf2454,Adam Berg,adam@xyzdigital.com,2026-03-17T07:56:33-07:00,2026-03-17,7,2,Tuesday,[AI] Raise edge layer above nodes,1,0,1,1,0,1
ec5845f28917d28ebbb8238c01f2101e4678bde2,Adam Berg,adam@xyzdigital.com,2026-03-17T07:57:24-07:00,2026-03-17,7,2,Tuesday,[AI] Gate edge deletion on selection,7,6,13,1,0,1
d24e80da6d328e82485405c27308d9e5907a52be,Adam Berg,adam@xyzdigital.com,2026-03-17T07:58:23-07:00,2026-03-17,7,2,Tuesday,[AI] Restore clickable edge selection,10,1,11,1,0,1
0cb7ed054a2a45b6d391b5e7f7e3e061e2bbf945,Adam Berg,adam@xyzdigital.com,2026-03-17T08:01:59-07:00,2026-03-17,8,2,Tuesday,[AI] Hide labels on Then edges,11,16,27,1,0,1
49de32542c4074f8e3013be22e1b95f276157d2b,Adam Berg,adam@xyzdigital.com,2026-03-17T08:10:45-07:00,2026-03-17,8,2,Tuesday,[AI] Enable dragging Then handles on steps,18,13,31,1,0,1
ddebd3095a7222b82d552573c92dbed091a7c2ab,Adam Berg,adam@xyzdigital.com,2026-03-17T08:26:24-07:00,2026-03-17,8,2,Tuesday,[AI] Add Meta/Facebook OAuth connect integration,51,0,51,4,0,1
852d60b070487c2a7533f47c293ad4f74d8a0f97,Adam Berg,adam@xyzdigital.com,2026-03-17T08:28:55-07:00,2026-03-17,8,2,Tuesday,[AI] JWT sign state in Meta Facebook connect,8,2,10,1,0,1
37a94ef6e1371c93ef0c60adfc7137291fc20bd3,Adam Berg,adam@xyzdigital.com,2026-03-17T08:35:21-07:00,2026-03-17,8,2,Tuesday,[AI] Add /api/meta/facebook/callback route that logs OAuth params,19,1,20,3,0,1
76753d3436a5a43cf168142403d4b26eda218c39,Adam Berg,adam@xyzdigital.com,2026-03-17T09:26:15-07:00,2026-03-17,9,2,Tuesday,[AI] Use URLSearchParams for Facebook OAuth URL in connectFacebook,13,5,18,2,0,1
c65e7c14d0f34865428e0959eada5284bba08587,Adam Berg,adam@xyzdigital.com,2026-03-17T09:30:01-07:00,2026-03-17,9,2,Tuesday,[AI] Add MetaAccount model and full Facebook OAuth callback for Instagram,229,15,244,5,0,1
85cec7d0bc703e18778606eb4b4b7f23478e36be,Adam Berg,adam@xyzdigital.com,2026-03-17T09:31:01-07:00,2026-03-17,9,2,Tuesday,[AI] Add progress logging to Facebook callback,8,0,8,1,0,1
d26e5c685319f585bbd00647e6505de593c4fd66,Adam Berg,adam@xyzdigital.com,2026-03-17T09:37:52-07:00,2026-03-17,9,2,Tuesday,[AI] Add api/meta/instagram/webhook route with request body logging,17,0,17,2,0,1
378954f2adfadcabb3f8f2b4c864732ff032605b,Adam Berg,adam@xyzdigital.com,2026-03-17T09:39:12-07:00,2026-03-17,9,2,Tuesday,[AI] Add Meta webhook verification with hub.challenge and hub.verify_token,14,1,15,2,0,1
2e2b70a972a7e0b86c83e258189da3f4651b5117,Adam Berg,adam@xyzdigital.com,2026-03-17T09:48:37-07:00,2026-03-17,9,2,Tuesday,[AI] Add /privacy and /terms routes with generic policies,171,0,171,3,0,1
54caf26a58a37f96a03c53e0a6961c1134b26b85,Adam Berg,adam@xyzdigital.com,2026-03-17T09:55:19-07:00,2026-03-17,9,2,Tuesday,[AI] Add Meta Instagram webhook example payload docs,50,0,50,1,0,1
805f0403c4f373c2f1796d7e228b4786143a4046,Adam Berg,adam@xyzdigital.com,2026-03-17T09:56:15-07:00,2026-03-17,9,2,Tuesday,[AI] Move GET verification to handleVerification function,12,9,21,1,0,1
78530dbe8192acf0d95695730d080562fca56651,Adam Berg,adam@xyzdigital.com,2026-03-17T09:56:30-07:00,2026-03-17,9,2,Tuesday,[AI] Move POST handling to handlePost function,7,4,11,1,0,1
b8ec12e69a5bf43a66e8c047f024950f366648bd,Adam Berg,adam@xyzdigital.com,2026-03-17T09:58:15-07:00,2026-03-17,9,2,Tuesday,[AI] Add Instagram comment webhook example payload,26,0,26,1,0,1
1e0ace4f922d1900c93769f804f17b5fc5fc5c94,Adam Berg,adam@xyzdigital.com,2026-03-17T09:59:07-07:00,2026-03-17,9,2,Tuesday,Manual edits,29,53,82,6,0,0
08f5a7869ef5b663f87a70dd3770dcb48668c78f,Adam Berg,adam@xyzdigital.com,2026-03-17T10:04:24-07:00,2026-03-17,10,2,Tuesday,[AI] Check instagram object and fetch MetaAccount per entry,11,0,11,1,0,1
e750b93ad046c1c9b7dc8cf5890c0dce44aebc4c,Adam Berg,adam@xyzdigital.com,2026-03-17T10:06:25-07:00,2026-03-17,10,2,Tuesday,[AI] Add MetaService with replyToComment,33,1,34,5,0,1
4cab7432618b6adcf4eca073ecb4210017adfa3f,Adam Berg,adam@xyzdigital.com,2026-03-17T10:06:47-07:00,2026-03-17,10,2,Tuesday,[AI] Use replyToComment in instagramWebhook,14,1,15,1,0,1
d7d4d41ba911d09f0172d585e0747b77ed35d32f,Adam Berg,adam@xyzdigital.com,2026-03-17T10:08:50-07:00,2026-03-17,10,2,Tuesday,[AI] Add log before and after request in replyToComment,2,0,2,1,0,1
b8ba70e2c3fc76a316e8f99a0abf38d88a3a5558,Adam Berg,adam@xyzdigital.com,2026-03-17T10:09:02-07:00,2026-03-17,10,2,Tuesday,[AI] Include response body in replyToComment log,1,1,2,1,0,1
b6c10dccd6b7bc98e906c9f09aca6be7c37c8bc6,Adam Berg,adam@xyzdigital.com,2026-03-17T10:10:46-07:00,2026-03-17,10,2,Tuesday,[AI] Handle post in async handler and return response immediately,7,7,14,1,0,1
e59fb75188abc254e8e2f41b960e7989268a4a8e,Adam Berg,adam@xyzdigital.com,2026-03-17T10:11:26-07:00,2026-03-17,10,2,Tuesday,[AI] Wrap entire handlePost in try/catch,11,11,22,1,0,1
b718f71c064f84517141cad7552e27289ffb0106,Adam Berg,adam@xyzdigital.com,2026-03-17T10:14:17-07:00,2026-03-17,10,2,Tuesday,[AI] Add sample payload for Instagram child comment webhook,28,0,28,1,0,1
672df1b1d4dda4083f40faa2a77f66f3b3964e26,Adam Berg,adam@xyzdigital.com,2026-03-17T10:15:40-07:00,2026-03-17,10,2,Tuesday,[AI] Ignore own comments and child comments in Instagram webhook,14,2,16,1,0,1
62285fd0a16a6a02c654aaf208908e53cbd6ba11,Adam Berg,adam@xyzdigital.com,2026-03-17T10:17:32-07:00,2026-03-17,10,2,Tuesday,[AI] Ignore comments with self_ig_scoped_id in Instagram webhook,2,1,3,1,0,1
f842578dc0e79eae282028d17874a9348dcd006e,Adam Berg,adam@xyzdigital.com,2026-03-17T10:18:29-07:00,2026-03-17,10,2,Tuesday,[AI] Refactor instagramWebhook into folder with separate files,29,27,56,3,0,1
00fa7c639f3a136f1f9b2fb884e103409a431a8f,Adam Berg,adam@xyzdigital.com,2026-03-17T10:19:19-07:00,2026-03-17,10,2,Tuesday,[AI] Extract handleInstagramComment from handlePost,30,9,39,2,0,1
e8c4598e1e176d063de14427e1b42f2b0bbfe254,Adam Berg,adam@xyzdigital.com,2026-03-17T10:25:12-07:00,2026-03-17,10,2,Tuesday,"[AI] Instagram comment automation: match artist, commentType/keywords, start AutomationRun, public replies",114,6,120,4,0,1
c7f02171dc1fb799b837582e869b7cea507d4be6,Adam Berg,adam@xyzdigital.com,2026-03-17T10:27:52-07:00,2026-03-17,10,2,Tuesday,[AI] Only trigger first matching automation for Instagram comment,12,14,26,1,0,1
991c2204cdfc729d69a5f8a12718e86e265723a5,Adam Berg,adam@xyzdigital.com,2026-03-17T10:30:13-07:00,2026-03-17,10,2,Tuesday,[AI] Add try-catch around worker fetch in startAutomation,14,10,24,1,0,1
088c9d14d8d86cbb9a20a9d51779a629ee4a74d2,Adam Berg,adam@xyzdigital.com,2026-03-17T10:34:06-07:00,2026-03-17,10,2,Tuesday,[AI] Add instagram.sendMessage step handler and sendInstagramMessage in MetaService,63,0,63,4,0,1
393d6e46f34fc4ec37740fed190dbc0fc81f0250,Adam Berg,adam@xyzdigital.com,2026-03-17T10:43:50-07:00,2026-03-17,10,2,Tuesday,[AI] Add igCommentId and igHasRespondedToComment to AutomationRun for comment-based messaging,47,10,57,6,0,1
2cabb2f5a0d2e43f7bca795f23417239a0c75372,Adam Berg,adam@xyzdigital.com,2026-03-17T10:46:05-07:00,2026-03-17,10,2,Tuesday,[AI] Refactor to instagram.commentId and instagram.hasRespondedToComment,15,19,34,4,0,1
0cdcbbf1a1f65f82c2cde29c294c636c540b1ec8,Adam Berg,adam@xyzdigital.com,2026-03-17T10:51:14-07:00,2026-03-17,10,2,Tuesday,[AI] Add Instagram messaging_postbacks webhook payload example,29,0,29,1,0,1
d28d8de6b5fc59ba6cfe703de6e3d5adc091c56d,Adam Berg,adam@xyzdigital.com,2026-03-17T10:52:43-07:00,2026-03-17,10,2,Tuesday,[AI] Add Instagram message button support,29,1,30,2,0,1
db383295a91421e236137d1a4ecad3223c317152,Adam Berg,adam@xyzdigital.com,2026-03-17T10:55:07-07:00,2026-03-17,10,2,Tuesday,[AI] Log message in sendInstagramMessage,2,0,2,1,0,1
dfe84cb7b95ccf344b851ee21338637fdf8899ae,Adam Berg,adam@xyzdigital.com,2026-03-17T11:02:34-07:00,2026-03-17,11,2,Tuesday,[AI] Only set AutomationRun to completed when no steps are pending,8,4,12,1,0,1
7d69bbdbed4dd5c909174b4ebb4516e46b246021,Adam Berg,adam@xyzdigital.com,2026-03-17T11:07:35-07:00,2026-03-17,11,2,Tuesday,"[AI] Update postback payload to JSON.stringify({ automationId, nextStepId })",12,3,15,3,0,1
17970f4c082b4f0f58daa57ec57db511de5c293a,Adam Berg,adam@xyzdigital.com,2026-03-17T11:09:56-07:00,2026-03-17,11,2,Tuesday,"[AI] Change automationId to automationRunId, add handleInstagramMessagePostback",55,13,68,5,0,1
a8d0887a75f5b82d15b822af291f0c3fbae4947d,Adam Berg,adam@xyzdigital.com,2026-03-17T11:11:46-07:00,2026-03-17,11,2,Tuesday,"[AI] Extract notifyWorkerAutomationRun helper, use in startAutomation and handleInstagramMessagePostback",22,27,49,3,0,1
82d2d571f6359e13f06d161dc7533bd13f24ee45,Adam Berg,adam@xyzdigital.com,2026-03-17T11:12:44-07:00,2026-03-17,11,2,Tuesday,[AI] Add debug logging to handleInstagramMessagePostback,14,3,17,1,0,1
3c077eab448f556c3df7bd79ad213b425967ffdd,Adam Berg,adam@xyzdigital.com,2026-03-17T11:14:07-07:00,2026-03-17,11,2,Tuesday,[AI] Update postback webhook to use entry.messaging structure,24,21,45,2,0,1
d97ccabcac7e5a965397377c165543c9246417b1,Adam Berg,adam@xyzdigital.com,2026-03-17T11:15:30-07:00,2026-03-17,11,2,Tuesday,[AI] Set hasRespondedToComment true after first sendInstagramMessage,7,1,8,1,0,1
d414cc2dfd228c9ed68c566f0de7922a3acca312,Adam Berg,adam@xyzdigital.com,2026-03-17T12:36:38-07:00,2026-03-17,12,2,Tuesday,[AI] Log response body on sendInstagramMessage error,20,13,33,1,0,1
1d10a7a776d29cb6d23ad1117cdb0e90f7df1b38,Adam Berg,adam@xyzdigital.com,2026-03-18T06:50:34-07:00,2026-03-18,6,3,Wednesday,[AI] Add Meta Disconnect button in Settings > Integrations,153,3,156,4,0,1
1bc66b4dbe50a098825adcdb2ab9a42cec20203b,Adam Berg,adam@xyzdigital.com,2026-03-18T06:51:02-07:00,2026-03-18,6,3,Wednesday,[AI] Continue Meta disconnect even if /me/permissions DELETE fails,0,4,4,1,0,1
55f020940ecaea80f8ac6ddae3e7a854bf97a8df,Adam Berg,adam@xyzdigital.com,2026-03-18T06:58:30-07:00,2026-03-18,6,3,Wednesday,[AI] Add DELETE /{page_id}/subscribed_apps to Meta disconnect,14,4,18,1,0,1
397bf9a44329619cd86481003950a14ceef41ed7,Adam Berg,adam@xyzdigital.com,2026-03-18T07:00:27-07:00,2026-03-18,7,3,Wednesday,"[AI] Add instagramUsername to MetaAccount, fetch in facebookCallback",15,0,15,2,0,1
ed2a2ba544a5fd2747d6d57481467a9ba94b166c,Adam Berg,adam@xyzdigital.com,2026-03-18T07:17:40-07:00,2026-03-18,7,3,Wednesday,[AI] Show Instagram username with logo in Meta integration when connected,23,1,24,1,0,1
28b2a255cf2ecb39a611bf8d1b0d09078ea73f06,Adam Berg,adam@xyzdigital.com,2026-03-18T07:18:06-07:00,2026-03-18,7,3,Wednesday,[AI] Extract InstagramIcon to reusable component,9,16,25,3,0,1
28c185187ac04f199c9c04f4f4755d007747e4a8,Adam Berg,adam@xyzdigital.com,2026-03-18T07:33:24-07:00,2026-03-18,7,3,Wednesday,[AI] Remove subscribed_apps calls from Meta controller,0,48,48,2,0,1
ce719252c86e6e58c8448f6b9cd284dfbef43a01,Adam Berg,adam@xyzdigital.com,2026-03-18T07:38:31-07:00,2026-03-18,7,3,Wednesday,"[AI] Restore subscribed_apps POST for pageId with comments, messages, messaging_postbacks",43,0,43,2,0,1
f08739f3351c2c1d331a952fbd5a4a12cd2d17af,Adam Berg,adam@xyzdigital.com,2026-03-18T07:38:50-07:00,2026-03-18,7,3,Wednesday,[AI] Update Facebook Graph API to v25.0,9,9,18,4,0,1
fa400dcb10b6827f1a8e4526e73b735bd7ef0768,Adam Berg,adam@xyzdigital.com,2026-03-18T07:41:37-07:00,2026-03-18,7,3,Wednesday,[AI] Remove subscribed_apps DELETE from disconnectFacebook,0,10,10,1,0,1
e4ab6535c2e999ff3a845ded506c40e17581ca06,Adam Berg,adam@xyzdigital.com,2026-03-18T07:41:48-07:00,2026-03-18,7,3,Wednesday,Fix subscribe webhook params,1,1,2,1,0,0
9df1197d7f1676db2fd628656fc62d783b03477b,Adam Berg,adam@xyzdigital.com,2026-03-18T08:10:31-07:00,2026-03-18,8,3,Wednesday,[AI] Add POST /api/meta/deauthorize route,82,0,82,2,0,1
d3b0329a81e56d2bccc0aaf04f83ddb6e77a5258,Adam Berg,adam@xyzdigital.com,2026-03-18T08:33:24-07:00,2026-03-18,8,3,Wednesday,[AI] Comment out subscribed_apps webhook subscription in facebookCallback,32,32,64,1,0,1
6856b651d197d5d8f538b69513d306462acdacbc,Adam Berg,adam@xyzdigital.com,2026-03-18T08:34:16-07:00,2026-03-18,8,3,Wednesday,[AI] Remove subscribed_apps webhook subscription from facebookCallback,0,33,33,1,0,1
cbb440bc50d6fa9f1083628263761cb61dc485f8,Adam Berg,adam@xyzdigital.com,2026-03-18T08:35:25-07:00,2026-03-18,8,3,Wednesday,[AI] Log incoming request and body in metaDeauthorize,10,3,13,1,0,1
9ac9ce9d8ef20d6671a5951f4088bb6723b7d5a8,Adam Berg,adam@xyzdigital.com,2026-03-18T08:43:21-07:00,2026-03-18,8,3,Wednesday,[AI] Add /api/meta/data-deletion route with data deletion instructions,29,0,29,2,0,1
fcd321b70a05f9e9fed15bc4c88cb5ab178e9061,Adam Berg,adam@xyzdigital.com,2026-03-18T08:43:52-07:00,2026-03-18,8,3,Wednesday,[AI] Move data deletion to frontend route in App.tsx,33,29,62,4,0,1
5e30443724363a933aa870bccbb2ed32b71973be,Adam Berg,adam@xyzdigital.com,2026-03-18T08:44:22-07:00,2026-03-18,8,3,Wednesday,[AI] Add Terms and Privacy Policy links to login route,12,1,13,1,0,1
a9d6f48268d6367c33ea054de367ef22dec627d6,Adam Berg,adam@xyzdigital.com,2026-03-18T08:46:32-07:00,2026-03-18,8,3,Wednesday,[AI] Update Privacy Policy with full Engram policy content,306,23,329,1,0,1
911c7b8beb9ceb88d306af2884d8b7312fdfa0ac,Adam Berg,adam@xyzdigital.com,2026-03-18T08:46:59-07:00,2026-03-18,8,3,Wednesday,[AI] Add contact email to Privacy Policy,6,1,7,1,0,1
e00e0c6a803c4704db5d46a0bd0fa2092466e13e,Adam Berg,adam@xyzdigital.com,2026-03-18T08:47:35-07:00,2026-03-18,8,3,Wednesday,[AI] Update Terms and Conditions with full legal content,271,31,302,1,0,1
88ae60dd371ce9bd5226868a31435e30e6b44e5f,Adam Berg,adam@xyzdigital.com,2026-03-18T08:48:25-07:00,2026-03-18,8,3,Wednesday,[AI] Update Terms contact email to adam@xyzdigital.com,2,2,4,1,0,1
dcaede51592b08d23c794ad11bba8d0cc1f9a25f,Adam Berg,adam@xyzdigital.com,2026-03-18T09:23:59-07:00,2026-03-18,9,3,Wednesday,[AI] Add SVG logo with engram text using BlinkMacSystemFont,3,10,13,1,0,1
b421a38145179ef07aae1f4bf2e2c578fa08c0ce,Adam Berg,adam@xyzdigital.com,2026-03-18T09:24:19-07:00,2026-03-18,9,3,Wednesday,[AI] Center logo text and make it white,1,1,2,1,0,1
bb9cb642badcdedbfd6984c4ad8f87498002f113,Adam Berg,adam@xyzdigital.com,2026-03-18T09:37:23-07:00,2026-03-18,9,3,Wednesday,[AI] Simplify favicon to centered letter 'e' with system font,2,24,26,1,0,1
42341f199c6489043a4c58651cf8f6b14eb38c48,Adam Berg,adam@xyzdigital.com,2026-03-18T09:37:45-07:00,2026-03-18,9,3,Wednesday,"[AI] Add black circle background, white bold 'e' to favicon",2,1,3,1,0,1
83e31601000c4c9684038f25a3af239b3f325081,Adam Berg,adam@xyzdigital.com,2026-03-18T09:38:06-07:00,2026-03-18,9,3,Wednesday,[AI] Enlarge favicon 'e' and shift vertically up,1,1,2,1,0,1
fec1b057d393836895a4aad262f367fb0b90c447,Adam Berg,adam@xyzdigital.com,2026-03-18T09:39:08-07:00,2026-03-18,9,3,Wednesday,[AI] Make favicon 'e' almost full circle size,1,1,2,1,0,1
68cff6288912ef4b5b7ebd96b0c1485e6d3427d8,Adam Berg,adam@xyzdigital.com,2026-03-18T09:39:23-07:00,2026-03-18,9,3,Wednesday,"[AI] Enlarge favicon 'e' further, shift up",1,1,2,1,0,1
6c6cb98d807a46bae8964d9ebd144b131d4e2873,Adam Berg,adam@xyzdigital.com,2026-03-18T09:39:31-07:00,2026-03-18,9,3,Wednesday,[AI] Shift favicon 'e' up vertically,1,1,2,1,0,1
54b4d8097ceb2a49f80c9365fb26ff569f3d1949,Adam Berg,adam@xyzdigital.com,2026-03-18T09:42:40-07:00,2026-03-18,9,3,Wednesday,Update favicon to match meta app icon,1,1,2,1,0,0
f895ee69a58692d0e7de78e3964f5fcca95be803,Adam Berg,adam@xyzdigital.com,2026-03-18T10:37:28-07:00,2026-03-18,10,3,Wednesday,[AI] Add connectInstagram route,59,0,59,3,0,1
f70b0285f513cdd311241c5b68605fd154ac5235,Adam Berg,adam@xyzdigital.com,2026-03-18T10:39:11-07:00,2026-03-18,10,3,Wednesday,[AI] Change Meta integration to Instagram and use connectInstagram route,8,8,16,1,0,1
e52ba069870c47dde8466b80a154d0d4dddb2d72,Adam Berg,adam@xyzdigital.com,2026-03-18T10:40:50-07:00,2026-03-18,10,3,Wednesday,[AI] Add instagramCallback controller for Instagram OAuth flow,244,2,246,3,0,1
e1fea770d2e2bc33ea3e71c1c09342ac4fc64028,Adam Berg,adam@xyzdigital.com,2026-03-18T10:49:50-07:00,2026-03-18,10,3,Wednesday,[AI] Add disconnectInstagram route and use for disconnect,42,1,43,4,0,1
f201ed63611c77051a9a60c053f61a623b9262d2,Adam Berg,adam@xyzdigital.com,2026-03-18T13:37:01-07:00,2026-03-18,13,3,Wednesday,[AI] Move Instagram to top of SettingsIntegrations,47,47,94,1,0,1
77773ca4221b0f05c9e484a1168822c9c85b0bd5,Adam Berg,adam@xyzdigital.com,2026-03-18T13:37:22-07:00,2026-03-18,13,3,Wednesday,[AI] Hide 'Connect your Instagram account' text when connected,5,3,8,1,0,1
f990ffdc3b6a64abaa1cd3feba0f293dd11ab167,Adam Berg,adam@xyzdigital.com,2026-03-18T13:39:14-07:00,2026-03-18,13,3,Wednesday,[AI] Put Then node handle on edge and move text closer,4,14,18,1,0,1
fac6fc24a524da8744841b42b52f14db4c9892b8,Adam Berg,adam@xyzdigital.com,2026-03-18T13:42:05-07:00,2026-03-18,13,3,Wednesday,Fix Then position on trigger node,2,3,5,1,0,0
a3b07257cdc9f1621ef2519340517c8ea3feb62a,Adam Berg,adam@xyzdigital.com,2026-03-18T13:42:32-07:00,2026-03-18,13,3,Wednesday,[AI] Update Step node Then positioning to match Trigger node,2,3,5,1,0,1
7025d83abe373ae246beb621274fad127191640c,Adam Berg,adam@xyzdigital.com,2026-03-18T13:43:24-07:00,2026-03-18,13,3,Wednesday,[AI] Move Step entry handle away from top to left edge,6,1,7,1,0,1
1e43216dd9959056f1173005d2b393cae8392369,Adam Berg,adam@xyzdigital.com,2026-03-18T13:44:44-07:00,2026-03-18,13,3,Wednesday,Manually fix positioning,1,1,2,1,0,0
6f031042483b788becbc685e9d5241f096c096df,Adam Berg,adam@xyzdigital.com,2026-03-18T13:57:02-07:00,2026-03-18,13,3,Wednesday,[AI] Add Instagram Graph URL for ig account type in sendInstagramMessage,5,2,7,1,0,1
05cf96a7d7b6a83b87e59be2eab7f0261bfc5a41,Adam Berg,adam@xyzdigital.com,2026-03-19T08:04:19-07:00,2026-03-19,8,4,Thursday,[AI] Don't auto add Then connections when adding new nodes,1,19,20,1,0,1
bfac1b6d28bf68b93579e63878a72204b6755969,Adam Berg,adam@xyzdigital.com,2026-03-19T08:07:35-07:00,2026-03-19,8,4,Thursday,"[AI] Redesign add step dialog: square grid, icons, no subtext, rename Wait to Delay",9,11,20,1,0,1
0b665492e61fa09385b2b80085f030528904acc9,Adam Berg,adam@xyzdigital.com,2026-03-19T08:09:07-07:00,2026-03-19,8,4,Thursday,[AI] Fix add step dialog: equal square tiles with proper background,11,10,21,1,0,1
4b497331172a35f873a77d105a9258b743078616,Adam Berg,adam@xyzdigital.com,2026-03-19T08:09:28-07:00,2026-03-19,8,4,Thursday,[AI] Remove Add Step dialog description text,0,2,2,1,0,1
902a49cd0915a9d3afbc7829223deedf94b7754a,Adam Berg,adam@xyzdigital.com,2026-03-19T08:10:29-07:00,2026-03-19,8,4,Thursday,[AI] Disable SMS step in add step dialog when no Twilio config,26,13,39,1,0,1
fca891e2a84870f74cb056c6213bdf5bbc4be15c,Adam Berg,adam@xyzdigital.com,2026-03-19T08:11:27-07:00,2026-03-19,8,4,Thursday,[AI] Disable Send Message step when no MetaAccount,17,6,23,1,0,1
c77e7ef76c082a6a7842f952cc18867ee5a8da45,Adam Berg,adam@xyzdigital.com,2026-03-19T08:12:34-07:00,2026-03-19,8,4,Thursday,[AI] Allow moving nodes in AutomationEdit,26,11,37,1,0,1
cf60f7ed7ac051e15edcb7501a130ddec881f1da,Adam Berg,adam@xyzdigital.com,2026-03-19T08:24:51-07:00,2026-03-19,8,4,Thursday,"Revert ""[AI] Allow moving nodes in AutomationEdit""",11,26,37,1,0,0
9063cbbba50dfb40f1e3ec9cf757fe8453ff3ab6,Adam Berg,adam@xyzdigital.com,2026-03-19T08:30:40-07:00,2026-03-19,8,4,Thursday,[AI] Make nodes draggable in automation editor,37,24,61,1,0,1
0b0e721a1560e060e57f05ba4cb56324240618fb,Adam Berg,adam@xyzdigital.com,2026-03-19T08:34:13-07:00,2026-03-19,8,4,Thursday,[AI] Replace setNodePositions with useNodesState/useEdgesState,84,81,165,1,0,1
c2c1ee13521332681ff58ca8504ea62f3355ff87,Adam Berg,adam@xyzdigital.com,2026-03-19T08:36:32-07:00,2026-03-19,8,4,Thursday,[AI] Position new nodes to the right of rightmost node,10,2,12,1,0,1
44c0af12cdef58ca245ee45e4da9631a58e10398,Adam Berg,adam@xyzdigital.com,2026-03-19T08:37:14-07:00,2026-03-19,8,4,Thursday,[AI] Match y position of rightmost node for new nodes,7,2,9,1,0,1
6c8a2456e2597597572d59ad8b13e8cde8917ee3,Adam Berg,adam@xyzdigital.com,2026-03-19T08:38:53-07:00,2026-03-19,8,4,Thursday,[AI] Store node positions in Automation model,15,2,17,3,0,1
70b7330bc5f7f99be441f50d04d9a6639c0ae2d4,Adam Berg,adam@xyzdigital.com,2026-03-19T08:40:24-07:00,2026-03-19,8,4,Thursday,[AI] Add soft delete for Automation,138,4,142,8,0,1
c12878960e9a29c2d1ef9d8b848038995f8d39ea,Adam Berg,adam@xyzdigital.com,2026-03-19T08:42:18-07:00,2026-03-19,8,4,Thursday,[AI] Store node positions on steps/triggers instead of nodePositions,40,25,65,3,0,1
99a5b285e3115bec6116ad961dbda9dbb1ff6c18,Adam Berg,adam@xyzdigital.com,2026-03-19T08:42:38-07:00,2026-03-19,8,4,Thursday,[AI] Remove legacy nodePositions migration,2,10,12,1,0,1
5cf4dd0e00544027916d898cb1387fa816a244cb,Adam Berg,adam@xyzdigital.com,2026-03-19T08:44:20-07:00,2026-03-19,8,4,Thursday,[AI] Remove migrateSteps from AutomationEdit,3,21,24,1,0,1
7be0007c6d9ede30dbd7bfa7d1e40fde6dabfd38,Adam Berg,adam@xyzdigital.com,2026-03-19T08:48:00-07:00,2026-03-19,8,4,Thursday,"[AI] Add Send Email automation step with Subject, HTML body editor",130,5,135,5,0,1
64ecaaa4e50ab1a5fc7b4dac223ec8c6a722bb73,Adam Berg,adam@xyzdigital.com,2026-03-19T08:49:49-07:00,2026-03-19,8,4,Thursday,[AI] Indicate when Send Email step body is not set,5,9,14,2,0,1
fa65ee268e9bdf7b31200d2c96d6d4bb7d06d917,Adam Berg,adam@xyzdigital.com,2026-03-19T08:50:23-07:00,2026-03-19,8,4,Thursday,[AI] Remove 'Body not set' text from Send Email step,0,3,3,1,0,1
9c200c3a9fa0bd398c7d749e693af538e5d0de75,Adam Berg,adam@xyzdigital.com,2026-03-19T09:02:42-07:00,2026-03-19,9,4,Thursday,Small fixes,3,3,6,2,0,0
2e3e283734dda4dcf1427cd875aff9efd339d9d0,Adam Berg,adam@xyzdigital.com,2026-03-19T09:23:37-07:00,2026-03-19,9,4,Thursday,[AI] Implement delay steps with due-time worker loop,568,30,598,8,0,1
35c784e64ca57e168cd675c56c66a4b70e4a0d55,Adam Berg,adam@xyzdigital.com,2026-03-19T09:28:49-07:00,2026-03-19,9,4,Thursday,[AI] Rename delay state from paused to waiting,9,9,18,3,0,1
ac7c908746e0431b2effe09b4c29af20bb37d4c4,Adam Berg,adam@xyzdigital.com,2026-03-19T09:37:46-07:00,2026-03-19,9,4,Thursday,[AI] Allow selecting timezone when setting Delay until,57,14,71,2,0,1
2ad753b416df956a0be93729c1d5fbfa44fa981f,Adam Berg,adam@xyzdigital.com,2026-03-19T10:38:32-07:00,2026-03-19,10,4,Thursday,Update params to match what shows in docs,1,2,3,1,0,0
5c7973243e1fd0d4100b4b9f62895a0fd9637bde,Adam Berg,adam@xyzdigital.com,2026-03-19T10:41:08-07:00,2026-03-19,10,4,Thursday,Disable facebook login,2,0,2,1,0,0
3dfbf7c18500ee39e4ccd2aef0dc1775f7714aec,Adam Berg,adam@xyzdigital.com,2026-03-19T10:49:16-07:00,2026-03-19,10,4,Thursday,[AI] Update all graph Instagram URLs to v25,3,3,6,2,0,1
ffe395acb892c80031c71ee34c957530b1eb59d9,Adam Berg,adam@xyzdigital.com,2026-03-20T07:14:30-07:00,2026-03-20,7,5,Friday,[AI] Move automation worker to workers/AutomationWorker,9,9,18,3,0,1
7f7d4949fb50df11a8ff1eb74ab9224803522c74,Adam Berg,adam@xyzdigital.com,2026-03-20T07:18:01-07:00,2026-03-20,7,5,Friday,[AI] Add Bun SMS campaign worker (no StatsD/Sentry/express),164,0,164,1,0,1
136e86b6377dc639efd514f62199ff2417c04259,Adam Berg,adam@xyzdigital.com,2026-03-20T07:18:43-07:00,2026-03-20,7,5,Friday,[AI] Add POST /api/sms/status Twilio webhook,84,1,85,3,0,1
90406a7e209fc555a882d9a3ff62b4164b8c4a0c,Adam Berg,adam@xyzdigital.com,2026-03-20T07:22:01-07:00,2026-03-20,7,5,Friday,[AI] SMS worker: gate campaigns by sendAt; drop Twilio scheduled send,6,8,14,1,0,1
7f14aaf880c7e819dc9108b5b1b8c53ac49c4738,Adam Berg,adam@xyzdigital.com,2026-03-20T07:25:50-07:00,2026-03-20,7,5,Friday,[AI] SMS worker: sleep until next scheduled campaign sendAt,24,0,24,1,0,1
a119684335421e8925f13e9e24c1106e3f68cae0,Adam Berg,adam@xyzdigital.com,2026-03-20T07:27:52-07:00,2026-03-20,7,5,Friday,[AI] SMS worker: use setTimeout instead of sleep for next sendAt,4,8,12,1,0,1
eecdc1a06112454c2809a94e905b1a9a0e83a276,Adam Berg,adam@xyzdigital.com,2026-03-20T07:29:15-07:00,2026-03-20,7,5,Friday,Move to correct folder,0,0,0,1,0,0
5bdfa072aef7f1c6fd2472523ee6e54155c5c66e,Adam Berg,adam@xyzdigital.com,2026-03-20T07:31:19-07:00,2026-03-20,7,5,Friday,[AI] Fix SMSCampaignWorker relative imports,5,5,10,1,0,1
7a20588b4f0aaf95d17460d214959ed3bc9991eb,Adam Berg,adam@xyzdigital.com,2026-03-20T07:31:44-07:00,2026-03-20,7,5,Friday,[AI] SMSCampaignWorker: use @ path imports,5,5,10,1,0,1
fe077dc551d3f5b9b2d0943debb33fef24eeb35c,Adam Berg,adam@xyzdigital.com,2026-03-20T07:32:14-07:00,2026-03-20,7,5,Friday,[AI] Mongoose: use returnDocument after in SMS campaign worker,2,2,4,1,0,1
3cef2edf301d6028d17898c292679cd8be41c7a0,Adam Berg,adam@xyzdigital.com,2026-03-20T07:53:59-07:00,2026-03-20,7,5,Friday,Update defaul SMS_WORKER_PORT,1,1,2,1,0,0
29087903dd1a5d3fe9857dc6a93a0219f3a7789c,Adam Berg,adam@xyzdigital.com,2026-03-20T07:56:29-07:00,2026-03-20,7,5,Friday,[AI] Add Send At field to SMS campaign compose,46,2,48,3,0,1
58aef6c7a2ce32465c46db5e341a7416e881d8d5,Adam Berg,adam@xyzdigital.com,2026-03-20T07:57:02-07:00,2026-03-20,7,5,Friday,[AI] Update Send At helper copy in SMS compose,1,1,2,1,0,1
ae7ebb3378ece8e678d9e74b5d206021ddcc6e89,Adam Berg,adam@xyzdigital.com,2026-03-20T08:01:01-07:00,2026-03-20,8,5,Friday,[AI] SMS campaign sent view: messages table + API,248,8,256,6,0,1
a9f412ddeb7a35b1dcc95fda547128421fbe4368,Adam Berg,adam@xyzdigital.com,2026-03-20T08:02:38-07:00,2026-03-20,8,5,Friday,[AI] SMS campaign messages: sent/delivered/error summary,36,0,36,1,0,1
8309ccc98d059cfd9f25ae74cbb791b87456ec8f,Adam Berg,adam@xyzdigital.com,2026-03-20T08:03:02-07:00,2026-03-20,8,5,Friday,[AI] Campaign SMS summary: sent = total message count,1,3,4,1,0,1
519760179ff30457d6a31825352cda11bcde49fa,Adam Berg,adam@xyzdigital.com,2026-03-20T08:03:43-07:00,2026-03-20,8,5,Friday,[AI] SMS campaign stats: row of summary cards,21,13,34,1,0,1
e1f55c74705f162ca242ac3e9ca5ccb07f9fd168,Adam Berg,adam@xyzdigital.com,2026-03-20T08:06:56-07:00,2026-03-20,8,5,Friday,[AI] SMS inbox: persist selected thread in URL; link campaign To → inbox,24,10,34,2,0,1
795cd47310b699fc977b3f70a56e79595e4b84ac,Adam Berg,adam@xyzdigital.com,2026-03-20T08:07:39-07:00,2026-03-20,8,5,Friday,[AI] Campaign SMS: always show link styling on inbox phone links,1,1,2,1,0,1
e23f0e55c83ec3d3a5d7c9d70a51a4dcb5fd99c6,Adam Berg,adam@xyzdigital.com,2026-03-20T08:10:01-07:00,2026-03-20,8,5,Friday,[AI] SMS inbox: per-message delivery status icons; error tooltip shows code,180,26,206,1,0,1
9c992783ff40500437de05d83ecffa4c291af3aa,Adam Berg,adam@xyzdigital.com,2026-03-20T08:31:46-07:00,2026-03-20,8,5,Friday,Take response body and pull off status,24,8,32,1,0,0
b26ace37524a71acc666a9a381c1ae5decc8cf8b,Adam Berg,adam@xyzdigital.com,2026-03-20T08:45:57-07:00,2026-03-20,8,5,Friday,[AI] Gate SMS status webhook updates on allowed state transitions,83,0,83,1,0,1
40ac64da47c3acbfe37bda52631fc0126a8075ba,Adam Berg,adam@xyzdigital.com,2026-03-20T08:47:50-07:00,2026-03-20,8,5,Friday,Fix null error,5,0,5,1,0,0
0ea019e2590f598bc3a19417499933640d60f550,Adam Berg,adam@xyzdigital.com,2026-03-20T08:54:24-07:00,2026-03-20,8,5,Friday,[AI] Add script to sync queued SMS status from Twilio API,128,0,128,1,0,1
0ff0a1ab512cba4c464d85c32130241412080caf,Adam Berg,adam@xyzdigital.com,2026-03-20T08:56:28-07:00,2026-03-20,8,5,Friday,"[AI] sync-queued-sms: only $set fields, no $unset",9,19,28,1,0,1
1c634ee1b182d93aa675ab284aec3f74d35fea50,Adam Berg,adam@xyzdigital.com,2026-03-20T08:57:50-07:00,2026-03-20,8,5,Friday,[AI] sync-queued-sms: log progress N/total on each update,4,3,7,1,0,1
4bd53393bc4966dc928f27abbec389fcf0c7f3a1,Adam Berg,adam@xyzdigital.com,2026-03-20T09:06:19-07:00,2026-03-20,9,5,Friday,[AI] sync-queued-sms: set status unknown on Twilio fetch failure,4,0,4,1,0,1
a87fba9eddf63bf62254807a4f813ce0872ed1d9,Adam Berg,adam@xyzdigital.com,2026-03-20T09:53:57-07:00,2026-03-20,9,5,Friday,[AI] Add Undelivered summary card to SMS campaign messages,17,5,22,1,0,1
c4deacc11d8a15321701baa6d2c9439d7ddb8e09,Adam Berg,adam@xyzdigital.com,2026-03-22T07:41:59-07:00,2026-03-22,7,0,Sunday,[AI] Add script to replay MailerLite subscriber API for PageResponses,249,0,249,1,0,1
d0b207fdc3ee402a90289a6d103b51f2a864e6ae,Adam Berg,adam@xyzdigital.com,2026-03-22T07:43:18-07:00,2026-03-22,7,0,Sunday,[AI] Replay MailerLite script: use response htmlId fields,13,79,92,1,0,1
3bb67b23c1d45f5a3e8a80b3cde0fc1628debcba,Adam Berg,adam@xyzdigital.com,2026-03-22T07:45:33-07:00,2026-03-22,7,0,Sunday,[AI] Add --dry-run to page-responses-replay-mailerlite,19,3,22,1,0,1
37bfdcf44b6903b1c3972bf74623ec55c8050219,Adam Berg,adam@xyzdigital.com,2026-03-23T07:11:32-07:00,2026-03-23,7,1,Monday,"[AI] Add /contacts/search with filters, full lead table, CSV export",477,157,634,11,0,1
962d18c38e8a3223d6670b156cb8f1daeba5d7ef,Adam Berg,adam@xyzdigital.com,2026-03-23T07:12:11-07:00,2026-03-23,7,1,Monday,[AI] Fix breadcrumb context infinite loop on /contacts/search,16,6,22,1,0,1
39045cd2ab388816de6e7e8461ede9addb39ca54,Adam Berg,adam@xyzdigital.com,2026-03-23T07:12:44-07:00,2026-03-23,7,1,Monday,[AI] ContactsSearch: no default country filter,2,5,7,1,0,1
9202eb8d218887fc8d89e8767ed9ef41547cb306,Adam Berg,adam@xyzdigital.com,2026-03-23T07:33:45-07:00,2026-03-23,7,1,Monday,[AI] Contacts search: table/CSV columns limited to LEAD_COLUMN_ORDER,2,6,8,1,0,1
4c6803164c008ebcc186931d6b2d8345d7e51e8a,Adam Berg,adam@xyzdigital.com,2026-03-23T07:35:14-07:00,2026-03-23,7,1,Monday,[AI] Contacts search: sortable headers and column visibility,177,21,198,1,0,1
825a2f0b4169214ee286a0468b0e020ee861e124,Adam Berg,adam@xyzdigital.com,2026-03-23T07:44:10-07:00,2026-03-23,7,1,Monday,[AI] Add has-purchased-product contact search filter,104,2,106,4,0,1
2335727b60407d565f1a6bba3246ae2422ad1bf4,Adam Berg,adam@xyzdigital.com,2026-03-23T07:45:10-07:00,2026-03-23,7,1,Monday,[AI] Product filter type with Has purchased condition,74,34,108,4,0,1
0f9e6173b2b394dafd47472df53ea09ba3f5efb2,Adam Berg,adam@xyzdigital.com,2026-03-23T07:56:23-07:00,2026-03-23,7,1,Monday,[AI] Persist checkout payments with purchasedProducts instead of productIds,27,14,41,1,0,1
00c75b078cd69a24b57a974027398ce415af8b2c,Adam Berg,adam@xyzdigital.com,2026-03-23T08:04:54-07:00,2026-03-23,8,1,Monday,[AI] Add 'all' channel to getRecipientsForFilters for contact search,34,5,39,2,0,1
917bf10a1b96e6447732975d7104fc1faa4c6545,Adam Berg,adam@xyzdigital.com,2026-03-23T08:06:18-07:00,2026-03-23,8,1,Monday,[AI] Contacts search: separate Instagram igUserId and igUsername columns,37,13,50,1,0,1
2a6e72d927241c3337d20be08ddab742e7445dcc,Adam Berg,adam@xyzdigital.com,2026-03-23T08:09:36-07:00,2026-03-23,8,1,Monday,[AI] Add client-side pagination to contact search table,92,2,94,1,0,1
92d22813e29904eac3291a115e18bd9e2194989b,Adam Berg,adam@xyzdigital.com,2026-03-23T08:11:54-07:00,2026-03-23,8,1,Monday,[AI] Omit customFields from contact search API and table,5,2,7,2,0,1
8f29fb1d36613b42dcc4ca65194cc098575be8df,Adam Berg,adam@xyzdigital.com,2026-03-23T08:15:47-07:00,2026-03-23,8,1,Monday,"[AI] Contacts search: run query on Search button, not on filter change",31,2,33,1,0,1
dce24306849d619aed129f957e4a23e4dc4cff98,Adam Berg,adam@xyzdigital.com,2026-03-23T08:16:57-07:00,2026-03-23,8,1,Monday,[AI] Contacts search: no API fetch until user clicks Search,19,5,24,1,0,1
61b9e74c23469fa7aed9f5cc342af3712fcc26ab,Adam Berg,adam@xyzdigital.com,2026-03-23T08:18:10-07:00,2026-03-23,8,1,Monday,Allow all products in engram,1,2,3,1,0,0
84da1b01ac0f8f9cf99e91a4fe0b297b4255a449,Adam Berg,adam@xyzdigital.com,2026-03-23T08:18:53-07:00,2026-03-23,8,1,Monday,Actually allow them this time...,1,4,5,1,0,0
1a4a37d15ced704c94a4af9c1e07c38342add6de,Adam Berg,adam@xyzdigital.com,2026-03-23T08:23:58-07:00,2026-03-23,8,1,Monday,[AI] Restrict contacts search API to UI lead columns,78,31,109,3,0,1
6f82fee445c56b69d4a248d747f4a7fe907c80a8,Adam Berg,adam@xyzdigital.com,2026-03-23T08:56:07-07:00,2026-03-23,8,1,Monday,[AI] Add merge-duplicate-leads migration script for artist-scoped Lead email dedup,364,0,364,1,0,1
bd968208dea321237674981ee38b6333cdd6d1ce,Adam Berg,adam@xyzdigital.com,2026-03-23T08:56:35-07:00,2026-03-23,8,1,Monday,[AI] Remove repointLeadReferences from merge-duplicate-leads script,5,106,111,1,0,1
0677ff3d358012d003a7cb1c4aea00d6c8bd1f8f,Adam Berg,adam@xyzdigital.com,2026-03-23T08:58:25-07:00,2026-03-23,8,1,Monday,[AI] Add Lead.deletedAt soft delete; set on duplicate merge migration,45,11,56,5,0,1
0ba83947cac058773401b28648269d45b0355f9b,Adam Berg,adam@xyzdigital.com,2026-03-23T09:04:24-07:00,2026-03-23,9,1,Monday,[AI] Merge exact-email duplicate lead groups in migration script,75,10,85,1,0,1
34518fd43ba4d0ff1a0ec3b3f44cc6aec7f7c8cf,Adam Berg,adam@xyzdigital.com,2026-03-23T09:12:32-07:00,2026-03-23,9,1,Monday,"[AI] Single-fetch merge script: drop casing while loop, one miscased lead",103,134,237,1,0,1
19050a2501aeca73dbc4b8fe623e19c83472bf61,Adam Berg,adam@xyzdigital.com,2026-03-23T09:14:06-07:00,2026-03-23,9,1,Monday,[AI] merge-duplicate-leads: skip extra miscased leads instead of exiting,6,4,10,1,0,1
c4f3961bd79a63ca4bd48c5a565b5e53b9e0697b,Adam Berg,adam@xyzdigital.com,2026-03-23T09:15:41-07:00,2026-03-23,9,1,Monday,[AI] Log $set in exact-email duplicate merge line,1,6,7,1,0,1
0938197bceb9dba1e70c10c30169e3ba2bd09f88,Adam Berg,adam@xyzdigital.com,2026-03-23T09:17:02-07:00,2026-03-23,9,1,Monday,[AI] Exact-email dup: log $set only when merge fields; else no changes,13,5,18,1,0,1
b4534e23793f356f0f2c141747e12f14d2b394ec,Adam Berg,adam@xyzdigital.com,2026-03-23T09:19:22-07:00,2026-03-23,9,1,Monday,[AI] Exclude soft-deleted leads from contacts list,10,4,14,2,0,1
aefaa262bc8b961c9bd7e58f5977dc9d1be47c2c,Adam Berg,adam@xyzdigital.com,2026-03-23T09:21:25-07:00,2026-03-23,9,1,Monday,[AI] Process all miscased email leads in one merge run,59,61,120,1,0,1
1154aec043d4610b237e75ced69652a138512796,Adam Berg,adam@xyzdigital.com,2026-03-23T09:39:26-07:00,2026-03-23,9,1,Monday,[AI] Add progress logs for duplicate merge script,108,90,198,1,0,1
0e8dac7b9153f848830e20a7eb1d4c75464563c2,Adam Berg,adam@xyzdigital.com,2026-03-23T10:26:11-07:00,2026-03-23,10,1,Monday,[AI] Exclude soft-deleted leads from dashboard count and contact-facing queries,6,2,8,4,0,1
e0eae8e701060722e1e25876910c4a2a4caef1fb,Adam Berg,adam@xyzdigital.com,2026-03-23T10:56:10-07:00,2026-03-23,10,1,Monday,[AI] Add Stripe CSV → lead location script with Mapbox geocode and dry-run,509,0,509,1,0,1
613ecba98cad4420f6c1f3b0ad349430506f3542,Adam Berg,adam@xyzdigital.com,2026-03-23T13:24:11-07:00,2026-03-23,13,1,Monday,[AI] Use Mapbox postal geocode whenever postal is present,1,3,4,1,0,1
4022dd876847865de97c8454710fa572868fb01f,Adam Berg,adam@xyzdigital.com,2026-03-23T13:28:51-07:00,2026-03-23,13,1,Monday,[AI] Fallback card country to Card Issue Country,2,1,3,1,0,1
24e5499a433d29b9a2c4eb17f6e00c2dd5fbd128,Adam Berg,adam@xyzdigital.com,2026-03-23T13:31:37-07:00,2026-03-23,13,1,Monday,[AI] Add progress logs to stripe-charges-to-location script,53,2,55,1,0,1
1b6bb737121f87dda239aa88a150f2620a3d342b,Adam Berg,adam@xyzdigital.com,2026-03-23T13:32:17-07:00,2026-03-23,13,1,Monday,[AI] Log progress on every geocode and email step,1,7,8,1,0,1
9241d1ce42b8ad152019c2c5d0671a6684a5c801,Adam Berg,adam@xyzdigital.com,2026-03-23T14:06:26-07:00,2026-03-23,14,1,Monday,[AI] Add List/Map tabs to contact search with Leaflet map,219,23,242,3,0,1
bbbbb9f37d1354839cb36a4d791250a61b2df315,Adam Berg,adam@xyzdigital.com,2026-03-24T08:43:59-07:00,2026-03-24,8,2,Tuesday,[AI] Add script to migrate Payment.purchasedTrackId to purchasedProducts,147,0,147,1,0,1
79b7b670d3abf454c48913575688af34f35a72e3,Adam Berg,adam@xyzdigital.com,2026-03-24T08:45:16-07:00,2026-03-24,8,2,Tuesday,[AI] Keep purchasedTrackId when migrating to purchasedProducts,3,12,15,1,0,1
ee184bb920c45f6bd63dafd2d56b9594e819206a,Adam Berg,adam@xyzdigital.com,2026-03-24T08:46:48-07:00,2026-03-24,8,2,Tuesday,[AI] Emit CSV audit from purchasedTrack migration script,61,0,61,1,0,1
ec54c9e838599d08720979b530b08fe641e78325,Adam Berg,adam@xyzdigital.com,2026-03-24T08:54:07-07:00,2026-03-24,8,2,Tuesday,[AI] Migration: create track Product from Track.title when missing,52,1,53,1,0,1
33cd3b1e39356848084c40d979af017b949acf65,Adam Berg,adam@xyzdigital.com,2026-03-24T08:55:34-07:00,2026-03-24,8,2,Tuesday,Don't return null in dry run to avoid unresolved count,4,1,5,1,0,0
75f29d3de35133cabd24130e0b92826dc7305a96,Adam Berg,adam@xyzdigital.com,2026-03-24T09:03:09-07:00,2026-03-24,9,2,Tuesday,[AI] Add script to migrate Payment.productIds to purchasedProducts,175,0,175,1,0,1
2bea0ab35de5f30a5d5db3fd5aaaa6787abc4bd8,Adam Berg,adam@xyzdigital.com,2026-03-24T09:06:19-07:00,2026-03-24,9,2,Tuesday,[AI] Stop unsetting productIds in productIds migration script,1,7,8,1,0,1
ff6e2429aed83ca2bcb4e2738209412507aaa901,Adam Berg,adam@xyzdigital.com,2026-03-24T09:08:06-07:00,2026-03-24,9,2,Tuesday,[AI] Simplify productIds migration: ignore quantity and name,12,29,41,1,0,1
376885ec0cd54e789faf74a8871bcbcf32178fa7,Adam Berg,adam@xyzdigital.com,2026-03-24T09:08:28-07:00,2026-03-24,9,2,Tuesday,[AI] Drop variantId from productIds → purchasedProducts migration,3,27,30,1,0,1
26e2b3c16bda1421e7fa0ff85580d454a06c0dff,Adam Berg,adam@xyzdigital.com,2026-03-24T09:21:54-07:00,2026-03-24,9,2,Tuesday,[AI] Add script to migrate purchasedAlbumId into purchasedProducts,280,0,280,1,0,1
5606cc565b2e32b0695a1cd619008a823bbaacac,Adam Berg,adam@xyzdigital.com,2026-03-24T09:22:58-07:00,2026-03-24,9,2,Tuesday,[AI] Drop variantId from purchased-album migration script,1,19,20,1,0,1
b102e28ad744393ddfb253568d06c0dc77224072,Adam Berg,adam@xyzdigital.com,2026-03-24T09:23:35-07:00,2026-03-24,9,2,Tuesday,[AI] Log migration progress as complete/total per payment,67,61,128,1,0,1
689dda1cde5552dc9f38182c09a6e7645920c8cb,Adam Berg,adam@xyzdigital.com,2026-03-24T09:35:50-07:00,2026-03-24,9,2,Tuesday,[AI] Add migration script Payment purchasedLinkId → purchasedProducts,271,0,271,1,0,1
95f46bbd581bc4e501b06be59cabf1e474c95806,Adam Berg,adam@xyzdigital.com,2026-03-24T09:47:28-07:00,2026-03-24,9,2,Tuesday,Add complete status check for has purchased,1,0,1,1,0,0
8984b6395eba7f25cb6c6b13dd037a3160ed821a,Adam Berg,adam@xyzdigital.com,2026-03-24T10:01:14-07:00,2026-03-24,10,2,Tuesday,[AI] Add script to migrate Payment.productId to purchasedProducts,165,0,165,1,0,1
01be1fc4abf2512ce7cfa7c14d4ea6b7403158e9,Adam Berg,adam@xyzdigital.com,2026-03-24T10:08:32-07:00,2026-03-24,10,2,Tuesday,[AI] Add livestreamId → purchasedProducts migration script,271,0,271,2,0,1
805db7662f1668d528caf9490bb3fc608d4b2a63,Adam Berg,adam@xyzdigital.com,2026-03-24T10:48:31-07:00,2026-03-24,10,2,Tuesday,[AI] Add tour ticket migration script and TOUR product type,397,0,397,2,0,1
daee526de78d6e650f4fb0163b1be06498e5d397,Adam Berg,adam@xyzdigital.com,2026-03-24T10:53:45-07:00,2026-03-24,10,2,Tuesday,[AI] Fix extra brace in Product.updateOne $push,1,1,2,1,0,1
fd96ce60f48911e43356e2f4a20a72d55185b3b5,Adam Berg,adam@xyzdigital.com,2026-03-24T10:57:06-07:00,2026-03-24,10,2,Tuesday,[AI] Drop location from tour ticket purchased line description,1,2,3,1,0,1
6fe690a43228d8ad3f182dbb05fdbd145cd12340,Adam Berg,adam@xyzdigital.com,2026-03-24T11:00:40-07:00,2026-03-24,11,2,Tuesday,[AI] Add variant id to has-purchased contact filter,85,28,113,5,0,1
b693b875667b06122121aa9c66847a04436b2c92,Adam Berg,adam@xyzdigital.com,2026-03-24T13:07:33-07:00,2026-03-24,13,2,Tuesday,[AI] Add nopan to SMS step textarea for React Flow,2,2,4,1,0,1
6638c9e6b98a8414f9bc3165153117cce08327f3,Adam Berg,adam@xyzdigital.com,2026-03-24T13:09:00-07:00,2026-03-24,13,2,Tuesday,[AI] Add nopan to StepNode body and footer below header,4,4,8,1,0,1
17a0cd317a6111e358585b94b62e52f7d42eaccf,Adam Berg,adam@xyzdigital.com,2026-03-24T13:10:16-07:00,2026-03-24,13,2,Tuesday,[AI] Use nodrag instead of nopan in StepNode,6,6,12,1,0,1
996df4f6da2061fe8a46c3f746e560dba2ef7c0f,Adam Berg,adam@xyzdigital.com,2026-03-24T13:17:29-07:00,2026-03-24,13,2,Tuesday,[AI] Debounce step field sync in AutomationEdit React Flow nodes,343,135,478,1,0,1
e83d5f59db94eb142d18b0d0561315bd48bba219,Adam Berg,adam@xyzdigital.com,2026-03-24T13:20:35-07:00,2026-03-24,13,2,Tuesday,[AI] Split AutomationEdit route into AutomationEdit/ modules,1632,1571,3203,12,0,1
65fbbc0c73687e0f1a7d6083b3025575473b880d,Adam Berg,adam@xyzdigital.com,2026-03-24T13:22:00-07:00,2026-03-24,13,2,Tuesday,[AI] Split StepFieldComponents into StepFieldComponents/ subfolder,282,261,543,7,0,1
48ae3c31186de48efedf084edfa5d07de06d980d,Adam Berg,adam@xyzdigital.com,2026-03-24T13:28:41-07:00,2026-03-24,13,2,Tuesday,[AI] Align SMS GSM detection with checkIsGSM from smsUtils,4,4,8,1,0,1
5c91a07d9d48ceb5a2c8bbf137d74a9e7716d215,Adam Berg,adam@xyzdigital.com,2026-03-24T13:46:30-07:00,2026-03-24,13,2,Tuesday,"[AI] Add CSV import script for ATL tickets, leads, and payments",391,0,391,1,0,1
07b3036020baf4647afcfdfbcf095d44262d121c,Adam Berg,adam@xyzdigital.com,2026-03-24T13:48:10-07:00,2026-03-24,13,2,Tuesday,[AI] Geocode lead lat/lng from postal in tickets CSV import,152,1,153,1,0,1
d7dc477a01ce464ce7513a0f36094ddc5c2cfbe6,Adam Berg,adam@xyzdigital.com,2026-03-24T13:50:58-07:00,2026-03-24,13,2,Tuesday,[AI] Write changes CSV from tickets import script,152,28,180,1,0,1
51a5af7173c21e603a1d2c3a106cfb9e6031ae39,Adam Berg,adam@xyzdigital.com,2026-03-24T13:53:47-07:00,2026-03-24,13,2,Tuesday,[AI] Store ticket import payment amount as cents,12,6,18,1,0,1
4cf7117c6d2cd23f5aca068dadb8fe8aabde01d5,Adam Berg,adam@xyzdigital.com,2026-03-24T13:55:35-07:00,2026-03-24,13,2,Tuesday,Import tickets script,10,1,11,4,0,0
b86770c13859c8db8642c5a5b3825b81f4d75bc0,Adam Berg,adam@xyzdigital.com,2026-03-24T14:01:51-07:00,2026-03-24,14,2,Tuesday,Update product name,1,1,2,1,0,0
34dbc218054ce77fe17fbc18762fbb364d874678,Adam Berg,adam@xyzdigital.com,2026-03-24T14:10:03-07:00,2026-03-24,14,2,Tuesday,[AI] Link map popup names to contact edit,11,1,12,1,0,1
8063a2d45458f868a72d3594f10b75366a67e6a8,Adam Berg,adam@xyzdigital.com,2026-03-24T14:47:38-07:00,2026-03-24,14,2,Tuesday,[AI] Add Kennedy Shopify orders import script and Product variant shopify ids,834,0,834,2,0,1
d0f11536e09519b9cdbc5f0ffce85071baef0cbe,Adam Berg,adam@xyzdigital.com,2026-03-25T06:26:17-07:00,2026-03-25,6,3,Wednesday,[AI] Add lead purchase stats from Payment aggregation,199,0,199,2,0,1
ea871c9bc11734e5e782f78e77b5ff4a4b54f658,Adam Berg,adam@xyzdigital.com,2026-03-25T06:28:32-07:00,2026-03-25,6,3,Wednesday,[AI] Sync lead purchase stats across all artists/Payments,48,33,81,1,0,1
2263090f9489024a238b23f44e9a4f69c07aeee1,Adam Berg,adam@xyzdigital.com,2026-03-25T06:38:34-07:00,2026-03-25,6,3,Wednesday,[AI] Add number of purchases and amount spent contact filters,198,2,200,3,0,1
bff532a79b5df04cf6a17cd36330a422e8ed44cc,Adam Berg,adam@xyzdigital.com,2026-03-25T06:40:02-07:00,2026-03-25,6,3,Wednesday,[AI] Show # Purchases and Amount Spent on contact search table,57,7,64,2,0,1
3ac392c07122d2f579efc9b73310b446ae86d3ff,Adam Berg,adam@xyzdigital.com,2026-03-25T06:40:16-07:00,2026-03-25,6,3,Wednesday,[AI] Order contact search purchase columns after phone,4,4,8,1,0,1
5dc9d5f837742b4635a9e017d31938b7330bed8b,Adam Berg,adam@xyzdigital.com,2026-03-25T06:43:13-07:00,2026-03-25,6,3,Wednesday,[AI] Treat amount spent as cents; show dollars in UI,41,20,61,7,0,1
44f8b4cac90c8829123ac46c1957beafeed01ef3,Adam Berg,adam@xyzdigital.com,2026-03-25T06:44:26-07:00,2026-03-25,6,3,Wednesday,[AI] Drop visible USD labels from amount spent UI,10,11,21,2,0,1
318ddc65ffd8d0a9626ef666ae05479abc947a84,Adam Berg,adam@xyzdigital.com,2026-03-25T06:46:24-07:00,2026-03-25,6,3,Wednesday,[AI] Remove ContactGroups route and page,4,208,212,4,0,1
91b4e7d99a3996f04cb2635ef324ae06154257b5,Adam Berg,adam@xyzdigital.com,2026-03-25T06:46:52-07:00,2026-03-25,6,3,Wednesday,[AI] Remove ContactGroupEdit route and page,4,370,374,2,0,1
45cb96f68cb6f8b328243352f9dad141927963c1,Adam Berg,adam@xyzdigital.com,2026-03-25T06:49:54-07:00,2026-03-25,6,3,Wednesday,[AI] Add Amount Spent and # Purchases columns to Contacts table,26,1,27,1,0,1
c6844b89e9f4b5391b28e2aa9a640525a247e012,Adam Berg,adam@xyzdigital.com,2026-03-25T06:53:04-07:00,2026-03-25,6,3,Wednesday,"[AI] Contacts list: rename Overview to List, server sortable columns",247,47,294,3,0,1
15ecadcd1f12aa8fbbe1a4dcc89e19362c2d5104,Adam Berg,adam@xyzdigital.com,2026-03-25T07:13:06-07:00,2026-03-25,7,3,Wednesday,"[AI] Dashboard: default 1W, daily charts per metric",301,44,345,3,0,1
e077afaade37874ac6c9abd786a19afa9d0a0057,Adam Berg,adam@xyzdigital.com,2026-03-25T07:16:33-07:00,2026-03-25,7,3,Wednesday,[AI] Sync report date filters to URL; dashboard tiles preserve filter,223,96,319,4,0,1
3f741d4a9c85f8ee5dabf4fc79600ede95475ae1,Adam Berg,adam@xyzdigital.com,2026-03-25T07:25:31-07:00,2026-03-25,7,3,Wednesday,Prevent double fetch on dashboard,0,4,4,1,0,0
75456de82bbb989b5f87e687d31122f6a6375014,Adam Berg,adam@xyzdigital.com,2026-03-25T07:57:26-07:00,2026-03-25,7,3,Wednesday,[AI] Fix Dashboard 'All' date preset reverting to 1W,2,3,5,1,0,1
75267e5af9c38217edfb3a60e8bd7594e62845aa,Adam Berg,adam@xyzdigital.com,2026-03-25T07:58:32-07:00,2026-03-25,7,3,Wednesday,[AI] Pass dateRange=All in Sales/Contacts API fetches,2,2,4,2,0,1
72bb4d7104031db21528322f4a5e6a8be67c6ad4,Adam Berg,adam@xyzdigital.com,2026-03-25T08:02:03-07:00,2026-03-25,8,3,Wednesday,[AI] Fix Dashboard date preset stuck on 1W when choosing All,10,4,14,1,0,1
cd2a0c7f6eb04ad91b5c6525ea96d58db260f2c2,Adam Berg,adam@xyzdigital.com,2026-03-25T08:04:36-07:00,2026-03-25,8,3,Wednesday,Remove log,0,2,2,1,0,0
3399ca52ec1ad288964030e4feac4bedea0dece1,Adam Berg,adam@xyzdigital.com,2026-03-25T08:09:28-07:00,2026-03-25,8,3,Wednesday,[AI] Remove Sales card and daily sales series from dashboard,13,27,40,1,0,1
4fa3686915491029074b7a1e60c2559d092a3aa0,Adam Berg,adam@xyzdigital.com,2026-03-25T08:10:27-07:00,2026-03-25,8,3,Wednesday,[AI] Drop dashboard payment/sales counts from API and daily rows,4,26,30,3,0,1
6790493a33de0aa320ce2b23db3371f01ebae8e5,Adam Berg,adam@xyzdigital.com,2026-03-25T08:38:41-07:00,2026-03-25,8,3,Wednesday,"[AI] Product edit split, variant CRUD API, version on create",996,360,1356,7,0,1
42e6a7d617a67068e962f51c8fb376d0b5dc038d,Adam Berg,adam@xyzdigital.com,2026-03-25T08:46:19-07:00,2026-03-25,8,3,Wednesday,[AI] Scope DashboardProvider to dashboard; session in SidebarProvider,125,25,150,5,0,1
17b7ef6e149faef82a25f6fb22dffebb23b684d3,Adam Berg,adam@xyzdigital.com,2026-03-25T08:48:37-07:00,2026-03-25,8,3,Wednesday,"[AI] Fetch /api/session once in SidebarProvider, not on every navigation",4,2,6,1,0,1
dd53604cbcffebb153c90fd79dfcc16e845bb513,Adam Berg,adam@xyzdigital.com,2026-03-25T08:50:07-07:00,2026-03-25,8,3,Wednesday,[AI] Hide Shopify variant ID in product editor when no Shopify doc,26,19,45,1,0,1
44a8be22d549ea61896e6e50836a4fe94f28345d,Adam Berg,adam@xyzdigital.com,2026-03-25T08:52:04-07:00,2026-03-25,8,3,Wednesday,[AI] Default contacts list to 100 rows per page,1,1,2,1,0,1
fd26f6716ff7e915d08781a52f54148b1f959c08,Adam Berg,adam@xyzdigital.com,2026-03-25T08:52:37-07:00,2026-03-25,8,3,Wednesday,[AI] Link Instagram handles to profile URLs,44,2,46,3,0,1
c3dc1ba21ca50f53a6139b3d21115878f837fc90,Adam Berg,adam@xyzdigital.com,2026-03-25T08:53:40-07:00,2026-03-25,8,3,Wednesday,[AI] Mailto for emails; phone links to SMS Inbox,61,16,77,3,0,1
225126ff783f57c1adacd34eb42142315bc0757c,Adam Berg,adam@xyzdigital.com,2026-03-25T08:53:54-07:00,2026-03-25,8,3,Wednesday,[AI] Always show underline on contact list links,7,7,14,2,0,1
2fb81a261e067e30725a9170861eb2333a77d28f,Adam Berg,adam@xyzdigital.com,2026-03-25T14:32:11-07:00,2026-03-25,14,3,Wednesday,[AI] Add Purchases column to Sales table from purchasedProducts,24,1,25,1,0,1
0a9fb0730632ebfb94d55213d629ffb6ba565b58,Adam Berg,adam@xyzdigital.com,2026-03-25T14:36:36-07:00,2026-03-25,14,3,Wednesday,"[AI] Sales purchases: per-line links, names from catalog",69,14,83,1,0,1
d2cc7585c7354b7fce385e0e61aa3b90def3de51,Adam Berg,adam@xyzdigital.com,2026-03-25T14:37:48-07:00,2026-03-25,14,3,Wednesday,[AI] Sales: show variant name when purchasedProducts.variantId set,27,10,37,1,0,1
ed16bc6521718c4c1fe8f15d03bf926825af25b4,Adam Berg,adam@xyzdigital.com,2026-03-26T09:06:00-07:00,2026-03-26,9,4,Thursday,[AI] Fill new lead location from IP when unset in form submit,47,7,54,2,0,1
25e51582c13d336a88d6e74b5237bdc8df1e0df1,Adam Berg,adam@xyzdigital.com,2026-03-26T09:08:02-07:00,2026-03-26,9,4,Thursday,[AI] Add optional options param to createOrUpdateLead with ip,48,39,87,3,0,1
15f468ca2c9e6f45090a503b6dbfd4e727ad0b00,Adam Berg,adam@xyzdigital.com,2026-03-26T09:10:29-07:00,2026-03-26,9,4,Thursday,[AI] Prefetch IP location before single upsert in createOrUpdateLead,55,31,86,1,0,1
f87a945ce260782e4dfc951d51a2a58f6fc152b2,Adam Berg,adam@xyzdigital.com,2026-03-26T09:11:23-07:00,2026-03-26,9,4,Thursday,[AI] Return lead only from createOrUpdateLead,5,8,13,2,0,1
7f27a6cbb0a1b475ab9b5de23da39e1ae68e60c0,Adam Berg,adam@xyzdigital.com,2026-03-26T09:17:02-07:00,2026-03-26,9,4,Thursday,[AI] Add lat/lng to PageEvent and populate from IP geolocation,12,0,12,2,0,1
82f1151cc0b22bf961ed7a4590e39b274e865d3c,Adam Berg,adam@xyzdigital.com,2026-03-26T09:18:22-07:00,2026-03-26,9,4,Thursday,[AI] Add script to backfill PageEvent lat/lng from IP geolocation,140,0,140,1,0,1
31fda0760e1e506edaebcab5917afdfb38b87891,Adam Berg,adam@xyzdigital.com,2026-03-26T09:19:21-07:00,2026-03-26,9,4,Thursday,[AI] Default page-events backfill --delay-ms to 0,3,3,6,1,0,1
2d26a1e76b5a4f58ed18b67aa6aa655b246abfde,Adam Berg,adam@xyzdigital.com,2026-03-26T09:20:26-07:00,2026-03-26,9,4,Thursday,[AI] Log PageEvent backfill progress after each document,9,10,19,1,0,1
00bc4ff0a547a773208766e03ff23e9d4076688e,Adam Berg,adam@xyzdigital.com,2026-03-26T10:43:15-07:00,2026-03-26,10,4,Thursday,[AI] Improve markdown page HTML for mobile and fixed zoom,16,1,17,1,0,1
558c743c2c3d784f8caac00e1d0928e028cde6e6,Adam Berg,adam@xyzdigital.com,2026-03-26T13:41:22-07:00,2026-03-26,13,4,Thursday,"[AI] Rename import script to import-shopify-orders, require CSV arg, generic outputs",8,6,14,1,0,1
5e52e31f069c2bc45e249f0312f8bc8b7344ec35,Adam Berg,adam@xyzdigital.com,2026-03-26T13:48:27-07:00,2026-03-26,13,4,Thursday,[AI] Set payment createdAt from Shopify CSV Paid at column,2,0,2,1,0,1
554233ebe17908fc368449b914c9072a226d6a2a,Adam Berg,adam@xyzdigital.com,2026-03-26T15:21:37-07:00,2026-03-26,15,4,Thursday,[AI] Shopify import: match products by Lineitem name only,55,66,121,1,0,1
86b8b0e7fd26fad853e179649977d32183496dd2,Adam Berg,adam@xyzdigital.com,2026-03-26T15:37:59-07:00,2026-03-26,15,4,Thursday,[AI] Add script to import Instagram followers export into Leads,153,0,153,1,0,1
83b0e1fa41dfea5fc64f7c8ec7c37a6539a657f1,Adam Berg,adam@xyzdigital.com,2026-03-26T15:40:58-07:00,2026-03-26,15,4,Thursday,[AI] Log JSON array entry count at start of IG followers import,2,0,2,1,0,1
4d12cf31858f0403dfad73578ed2d1d1e8ed8c27,Adam Berg,adam@xyzdigital.com,2026-03-27T09:49:02-07:00,2026-03-27,9,5,Friday,[AI] Add Instagram username to contact edit form and lead update API,27,0,27,2,0,1
c235e2b3ed4d0c11fe8f2dc7223420db12a2547f,Adam Berg,adam@xyzdigital.com,2026-03-27T15:48:23-07:00,2026-03-27,15,5,Friday,[AI] Remove Any comment option from Instagram automation trigger UI,46,66,112,2,0,1
508e931040157f0177f62c432385cd02a25dcdc9,Adam Berg,adam@xyzdigital.com,2026-03-29T10:24:05-04:00,2026-03-29,10,0,Sunday,[AI] Add optional price on product variants,48,5,53,4,0,1
486164eb9b6443d1b629e6013ce83b57260867c0,Adam Berg,adam@xyzdigital.com,2026-03-29T10:24:19-04:00,2026-03-29,10,0,Sunday,[AI] Drop variant help blurb about optional price,2,2,4,1,0,1
5244ff95fc0d2f77c1bc3dc05b8292e9b6603ede,Adam Berg,adam@xyzdigital.com,2026-03-29T10:24:35-04:00,2026-03-29,10,0,Sunday,[AI] Remove non-Shopify variant inventory help copy,6,5,11,1,0,1
f3491cb17c3c114d4166f7f81f9c129236259ad0,Adam Berg,adam@xyzdigital.com,2026-03-29T10:32:26-04:00,2026-03-29,10,0,Sunday,[AI] Support product variants in page checkout settings and flow,252,55,307,8,0,1
1132d485405e2f4f72b4dfcc0d3fbd0587e868cc,Adam Berg,adam@xyzdigital.com,2026-03-29T10:35:08-04:00,2026-03-29,10,0,Sunday,[AI] Store checkout cart as lineItems on Checkout and page actions,89,99,188,7,0,1
20db7c7a39013255a6077e29ecf5c47066daa51e,Adam Berg,adam@xyzdigital.com,2026-04-01T06:14:01+03:00,2026-04-01,6,3,Wednesday,"[AI] Add Brevo integration model, API, and Settings UI",396,0,396,8,0,1
7a63394b2890a23107ea5ceadf3ff695db9b33f5,Adam Berg,adam@xyzdigital.com,2026-04-01T06:21:06+03:00,2026-04-01,6,3,Wednesday,[AI] Route artist email via Brevo or SendGrid services,174,73,247,4,0,1
1120dceb1269d213c86f0af74c720a50588cc6b7,Adam Berg,adam@xyzdigital.com,2026-04-01T06:38:05+03:00,2026-04-01,6,3,Wednesday,[AI] Route test campaign email through sendEmail for Brevo/SendGrid,27,78,105,3,0,1
846137c5c8bc2635e04af6821f7a1088165f6360,Adam Berg,adam@xyzdigital.com,2026-04-01T06:40:00+03:00,2026-04-01,6,3,Wednesday,Small updates,2,20,22,1,0,0
551046ba2c58204fa8ccad5a9015a1cb341a5e9c,Adam Berg,adam@xyzdigital.com,2026-04-01T06:45:07+03:00,2026-04-01,6,3,Wednesday,[AI] Add hideUnsubscribe to sendEmail params for transactional mail,27,13,40,4,0,1
ee0538e11ebe8b1d146107d86ef238e072425570,Adam Berg,adam@xyzdigital.com,2026-04-01T06:54:23+03:00,2026-04-01,6,3,Wednesday,[AI] Checkout success actions: array + StartAutomation + API,290,41,331,10,0,1
f6f0e58d0d08d05c1b3c57f58f664e4e5a8aee97,Adam Berg,adam@xyzdigital.com,2026-04-01T06:57:11+03:00,2026-04-01,6,3,Wednesday,[AI] Extract page form submit types to src/types/pageFormSubmit,34,35,69,8,0,1
57ee4d3f82da4b05113bc534cb5a1a23dc77d28a,Adam Berg,adam@xyzdigital.com,2026-04-01T07:10:44+03:00,2026-04-01,7,3,Wednesday,[AI] Consolidate checkout success into POST /api/checkout,127,232,359,6,0,1
58b2527b075c5d1a238f87a7bf57194d4d4b5a23,Adam Berg,adam@xyzdigital.com,2026-04-01T07:21:15+03:00,2026-04-01,7,3,Wednesday,[AI] Add checkout order summary to automation email Handlebars,136,88,224,6,0,1
4b922ddf9fd3cd517045c5ec858967c647674309,Adam Berg,adam@xyzdigital.com,2026-04-01T07:23:33+03:00,2026-04-01,7,3,Wednesday,"[AI] Store checkout snapshot for order summary, render HTML in email step",52,26,78,5,0,1
50ed614bda74c2ae7d90134211d681487e33293f,Adam Berg,adam@xyzdigital.com,2026-04-01T07:29:56+03:00,2026-04-01,7,3,Wednesday,[AI] Checkout documents hold order snapshot; AutomationRun refs Checkout,184,128,312,9,0,1
0fd53b240bc07a808d63757a529b5ae0b3d868fb,Adam Berg,adam@xyzdigital.com,2026-04-01T07:30:28+03:00,2026-04-01,7,3,Wednesday,[AI] Remove legacy checkout line item branch in getCheckout,7,34,41,1,0,1
ed4dc28c126851b395e2d50196e685f8af71379a,Adam Berg,adam@xyzdigital.com,2026-04-01T07:37:02+03:00,2026-04-01,7,3,Wednesday,[AI] Checkout line items in cents; variant prices as cents; slim order summary email,178,81,259,15,0,1
060ec43e4d1005f581bbc0cd119fd5686b22990f,Adam Berg,adam@xyzdigital.com,2026-04-01T07:38:11+03:00,2026-04-01,7,3,Wednesday,[AI] Checkout success: use location.replace for post-payment goTo URL,1,1,2,1,0,1
9aecc82157757a316e207b5f13074fa194e9a05f,Adam Berg,adam@xyzdigital.com,2026-04-01T07:38:59+03:00,2026-04-01,7,3,Wednesday,[AI] Fix undefined variant in CheckoutFlow lineDisplay,1,0,1,1,0,1
da0a03bd9f44ffca0c89accd19bc025bb594c3b4,Adam Berg,adam@xyzdigital.com,2026-04-01T07:42:05+03:00,2026-04-01,7,3,Wednesday,[AI] Allow transactional automation emails when checkout id present,1,1,2,1,0,1
7bf4c4d3eebeb9813510c6c4ef4288019d566807,Adam Berg,adam@xyzdigital.com,2026-04-01T07:42:18+03:00,2026-04-01,7,3,Wednesday,[AI] Comment: transactional email exempt from marketing unsubscribe,1,0,1,1,0,1
7d73b74133fc0df339aad245b2ed0fdbc6d0139c,Adam Berg,adam@xyzdigital.com,2026-04-01T07:44:35+03:00,2026-04-01,7,3,Wednesday,[AI] getOrderSummaryHTML: drop wrapper div around summary block,18,20,38,1,0,1
ce384f6341dea83ffea12cb43ccc5c3b85ce478a,Adam Berg,adam@xyzdigital.com,2026-04-01T07:45:31+03:00,2026-04-01,7,3,Wednesday,[AI] Hide unsubscribe for transactional automation emails,3,0,3,1,0,1
49a5615058b542ca1cd6cd5bea13d9801826537c,Adam Berg,adam@xyzdigital.com,2026-04-01T08:09:28+03:00,2026-04-01,8,3,Wednesday,[AI] Add page clone API and Pages UI action,137,2,139,4,0,1
165a9e5e432bac7164cd1652068ec95779082eda,Adam Berg,adam@xyzdigital.com,2026-04-01T08:11:51+03:00,2026-04-01,8,3,Wednesday,[AI] Add product clone API and Products list action,183,8,191,3,0,1
43f534e248a02b72ed9644c0d5631a55d0fed13d,Adam Berg,adam@xyzdigital.com,2026-04-01T08:12:53+03:00,2026-04-01,8,3,Wednesday,[AI] Soft-delete products via deletedAt,126,6,132,9,0,1
cd4b318c4b5c8fa70b164646eea615a082ba2e85,Adam Berg,adam@xyzdigital.com,2026-04-02T07:18:20+03:00,2026-04-02,7,4,Thursday,[AI] SMS inbox: link to edit contact beside thread header,20,6,26,1,0,1
2c6bfa349939c75b5543c6448a8838d4478b0020,Adam Berg,adam@xyzdigital.com,2026-04-02T07:18:49+03:00,2026-04-02,7,4,Thursday,[AI] SMS inbox: external-link icon for contact edit,4,2,6,1,0,1
7c2e82664ce0b4c423790f7862d4b25f08bcb9c6,Adam Berg,adam@xyzdigital.com,2026-04-02T07:20:50+03:00,2026-04-02,7,4,Thursday,"[AI] Recipients filters: firstName, lastName, email, phone",169,1,170,3,0,1
57c7070a3a09f21c3f51943e43bd9d2c56e93ee5,Adam Berg,adam@xyzdigital.com,2026-04-02T07:23:59+03:00,2026-04-02,7,4,Thursday,[AI] Contact search: external-link icon to open contact edit,16,2,18,1,0,1
7a8975c8b80be74734ee427c66fdbfac5923d2cd,Adam Berg,adam@xyzdigital.com,2026-04-02T08:25:29+03:00,2026-04-02,8,4,Thursday,[AI] Load products for email campaign recipient filters,16,1,17,1,0,1
5391ef1ab78473bb0d544a35a92e00447a02b30e,Adam Berg,adam@xyzdigital.com,2026-04-02T08:43:47+03:00,2026-04-02,8,4,Thursday,[AI] Add tour ticket upsell purchasedProducts migration script,435,0,435,1,0,1
7b07d9862ca0e2016247a6f6b6d6b2ed4c934b6a,Adam Berg,adam@xyzdigital.com,2026-04-02T08:59:06+03:00,2026-04-02,8,4,Thursday,[AI] Upsell migration: adjust Payment.amount to Product variant pricing,77,5,82,1,0,1
eaf475e00b2cfa08e3d1a59f26e1feafde1ac952,Adam Berg,adam@xyzdigital.com,2026-04-02T09:01:19+03:00,2026-04-02,9,4,Thursday,[AI] Upsell migration: treat DB prices as cents (no ×100),11,8,19,1,0,1
c667249aa4cd6279c5f56d72a30acdabbc110f37,Adam Berg,adam@xyzdigital.com,2026-04-02T09:07:35+03:00,2026-04-02,9,4,Thursday,[AI] Add pre-ordered product recipient filter (uncaptured payments),21,8,29,3,0,1
ee444b59f3b5f092f2b161ed9dfff61b373d7b49,Adam Berg,adam@xyzdigital.com,2026-04-02T09:12:17+03:00,2026-04-02,9,4,Thursday,[AI] Add script to backfill Leads from Ticket documents,140,0,140,1,0,1
7b40acd8ae02f9314c73d3d552ad458825d123f1,Adam Berg,adam@xyzdigital.com,2026-04-02T09:17:50+03:00,2026-04-02,9,4,Thursday,[AI] tickets-backfill-leads: fetch tickets with select instead of cursor,5,2,7,1,0,1
08381cb1ee887b20f024c89a340128b0d86589d8,Adam Berg,adam@xyzdigital.com,2026-04-02T09:18:27+03:00,2026-04-02,9,4,Thursday,"[AI] tickets-backfill-leads: log when skipping (no email, existing lead)",6,0,6,1,0,1
df88d64c453e3209fed437d8441303707486f96a,Adam Berg,adam@xyzdigital.com,2026-04-02T09:19:19+03:00,2026-04-02,9,4,Thursday,[AI] tickets-backfill-leads: log progress each iteration,3,0,3,1,0,1
5e350a60ca1865461d931e3654f479768017f866,Adam Berg,adam@xyzdigital.com,2026-04-02T09:19:59+03:00,2026-04-02,9,4,Thursday,[AI] tickets-backfill-leads: dry-run dedupe by email/phone in batch,61,0,61,1,0,1
bf05e5fe181046299d9612161246888553527974,Adam Berg,adam@xyzdigital.com,2026-04-02T09:52:29+03:00,2026-04-02,9,4,Thursday,[AI] Add custom-domain payment detail route and cancel API,411,3,414,8,0,1
6b9e7c2297ab63760fac70a87cb886d62a279d58,Adam Berg,adam@xyzdigital.com,2026-04-02T09:54:18+03:00,2026-04-02,9,4,Thursday,[AI] Hide payment status on payment detail page,0,4,4,1,0,1
abe17b37c8122ff3ab97bbc46ce11733bcbe666f,Adam Berg,adam@xyzdigital.com,2026-04-02T09:55:11+03:00,2026-04-02,9,4,Thursday,[AI] Sonner toast after payment cancel on custom domain,4,0,4,2,0,1
0d0853ce9b25f1447901186f0fce201b86170d76,Adam Berg,adam@xyzdigital.com,2026-04-02T09:57:13+03:00,2026-04-02,9,4,Thursday,[AI] Payment page: product title and variant line from Product model,17,2,19,3,0,1
52ed2a265b032c7be09ae03c1212fdf0dc9906f5,Adam Berg,adam@xyzdigital.com,2026-04-02T09:57:39+03:00,2026-04-02,9,4,Thursday,[AI] Fix empty Product.name fallback on payment line items,2,1,3,1,0,1
c39481de550fc22c0709457aab9a5f58651ddb0d,Adam Berg,adam@xyzdigital.com,2026-04-02T09:58:38+03:00,2026-04-02,9,4,Thursday,[AI] Payment page: red Cancel below line items,17,22,39,1,0,1
53d7485982ce55e74cd052ffbc37c512a3a50c9e,Adam Berg,adam@xyzdigital.com,2026-04-02T10:00:49+03:00,2026-04-02,10,4,Thursday,[AI] Payment cancel: explicit Tailwind red background,1,1,2,1,0,1
4524c972e2ce2c7c8f10cc875bc9b11a9d586bc9,Adam Berg,adam@xyzdigital.com,2026-04-02T10:22:13+03:00,2026-04-02,10,4,Thursday,Add missing css file to pages app,1,0,1,1,0,0
df96027296a465a40cd5e0b3c9420f6f5653f353,Adam Berg,adam@xyzdigital.com,2026-04-02T10:48:18+03:00,2026-04-02,10,4,Thursday,[AI] Confirm payment cancel in a dialog,57,8,65,1,0,1
4a43c093403c4c6f015d79a7b257c3af9ff1cbab,Adam Berg,adam@xyzdigital.com,2026-04-02T20:17:35+03:00,2026-04-02,20,4,Thursday,[AI] Add delete contact from contact edit screen,52,8,60,1,0,1
3ba59868b5f20163bb1b40844ce69ae5ae981433,Adam Berg,adam@xyzdigital.com,2026-04-02T20:19:50+03:00,2026-04-02,20,4,Thursday,[AI] Move contact delete to top-right trash icon,25,17,42,1,0,1
048518cfd56fabdea37d7ac0d19d5d4e3ac69db5,Adam Berg,adam@xyzdigital.com,2026-04-02T20:22:10+03:00,2026-04-02,20,4,Thursday,[AI] Align contact delete trash with Edit/Activity tabs,67,63,130,2,0,1
a7c907072e73076991f6b9d66999bd7959a2ed33,Adam Berg,adam@xyzdigital.com,2026-04-06T15:11:45+03:00,2026-04-06,15,1,Monday,[AI] Add /presales page and API to list and charge uncaptured payments,392,3,395,5,0,1
537138e2a040ac8292aab510e405f5df50ceab66,Adam Berg,adam@xyzdigital.com,2026-04-06T15:12:26+03:00,2026-04-06,15,1,Monday,[AI] Remove Presales from Sales sidebar submenu,0,10,10,1,0,1
e699b39461de6af88037665dc832e30b30e94a89,Adam Berg,adam@xyzdigital.com,2026-04-06T15:13:40+03:00,2026-04-06,15,1,Monday,[AI] Split PaymentController into folder with per-handler modules,128,120,248,6,0,1
80f0b7231e860b1a100ddb9d5ea5ec8720948034,Adam Berg,adam@xyzdigital.com,2026-04-06T15:22:52+03:00,2026-04-06,15,1,Monday,[AI] Add script to sync uncaptured payment prices from Product catalog,162,1,163,2,0,1
660f4ee5093d7e547755676b50cbe4d54416a912,Adam Berg,adam@xyzdigital.com,2026-04-06T15:24:56+03:00,2026-04-06,15,1,Monday,[AI] Treat Product.price as cents (remove erroneous * 100),13,14,27,6,0,1
45b49559e8f97891520058cdcb4fc5c482212c53,Adam Berg,adam@xyzdigital.com,2026-04-06T15:36:59+03:00,2026-04-06,15,1,Monday,[AI] Filter presales list to payments with purchased products,6,1,7,1,0,1
ed203440552c9af2039be01ed02577daaf752a8e,Adam Berg,adam@xyzdigital.com,2026-04-06T15:37:13+03:00,2026-04-06,15,1,Monday,Remove unsettings,0,1,1,1,0,0
d2bef5b00a33274c2c63355315e63ab1a139d86f,Adam Berg,adam@xyzdigital.com,2026-04-06T15:43:59+03:00,2026-04-06,15,1,Monday,[AI] Send Edwin Tour VIP order confirmation email after presale charge,79,1,80,1,0,1
ca5578008f3bceb6f9feaaff42fcc2b457448dd2,Adam Berg,adam@xyzdigital.com,2026-04-06T15:51:23+03:00,2026-04-06,15,1,Monday,[AI] Load StripeAccount by artist in chargePresalePayment,16,4,20,1,0,1
62dc29ca5399f3ed8781feaa6bdfec33e42f4f12,Adam Berg,adam@xyzdigital.com,2026-04-06T21:29:52+03:00,2026-04-06,21,1,Monday,[AI] Add script to export uncaptured/cancelled presale payments CSV by artist,132,0,132,1,0,1
2328ab049271736e04114e804a697ec44512d240,Adam Berg,adam@xyzdigital.com,2026-04-10T08:05:18+03:00,2026-04-10,8,5,Friday,[AI] SMS inbox: paginate API — list summaries + per-phone thread fetch,253,122,375,2,0,1
0891d5cc90193aa1389e0f27db971899a4e4e821,Adam Berg,adam@xyzdigital.com,2026-04-10T08:06:55+03:00,2026-04-10,8,5,Friday,[AI] SMS inbox sidebar: Unread / All tabs (default Unread),39,7,46,1,0,1
8ea14cca23b6bd6128f136f86f87d0614aa24710,Adam Berg,adam@xyzdigital.com,2026-04-10T08:07:58+03:00,2026-04-10,8,5,Friday,[AI] SMS inbox: server-side listFilter for Unread vs All,69,39,108,2,0,1
fa445abc0fb9fb7783c82c31ffd2a82d254e7443,Adam Berg,adam@xyzdigital.com,2026-04-10T08:11:47+03:00,2026-04-10,8,5,Friday,[AI] SMS inbox: list-only index and per-number thread route,55,27,82,5,0,1
3f64211df802782a8cc13d6bfc5684ee996d583e,Adam Berg,adam@xyzdigital.com,2026-04-10T08:12:36+03:00,2026-04-10,8,5,Friday,"[AI] Breadcrumbs: horizontal scroll, single line",5,3,8,2,0,1
cdd1050a7a48e1dc745435d0d6c97d94829fcf63,Adam Berg,adam@xyzdigital.com,2026-04-10T08:16:25+03:00,2026-04-10,8,5,Friday,[AI] Add SMS inbox conversation search by name or phone,68,2,70,1,0,1
2772958b10f6d07520aa965104e224752475d1c7,Adam Berg,adam@xyzdigital.com,2026-04-10T08:17:00+03:00,2026-04-10,8,5,Friday,[AI] Center SMS inbox Unread/All tabs,1,1,2,1,0,1
45c3e1f8645f72766e1f22503af6491202415e8f,Adam Berg,adam@xyzdigital.com,2026-04-10T08:17:13+03:00,2026-04-10,8,5,Friday,[AI] Fix SMS inbox tab centering with flex wrapper,18,16,34,1,0,1
3b02860352da266d850908350c9e1c249bc47233,Adam Berg,adam@xyzdigital.com,2026-04-10T08:20:01+03:00,2026-04-10,8,5,Friday,[AI] Drop SMS inbox Unread/All tabs and server listFilter,8,39,47,2,0,1
4f2c1a9af7c89070d22b372aa19e974279697f3a,Adam Berg,adam@xyzdigital.com,2026-04-10T08:22:00+03:00,2026-04-10,8,5,Friday,"Revert ""[AI] Drop SMS inbox Unread/All tabs and server listFilter""",39,8,47,2,0,0
fafdcfc4f0d165563c825a72b53d2df971300fc0,Adam Berg,adam@xyzdigital.com,2026-04-10T08:25:12+03:00,2026-04-10,8,5,Friday,[AI] Add mark-unread for latest inbound SMS in conversation,168,34,202,4,0,1
b8e4e04d64a18477cc12d1935c148e7c632107e1,Adam Berg,adam@xyzdigital.com,2026-04-10T08:42:42+03:00,2026-04-10,8,5,Friday,[AI] SMS thread: move mark unread and contact link into overflow menu,54,44,98,1,0,1
e04b277c3d0f298b83cd97785271f84f0a19c242,Adam Berg,adam@xyzdigital.com,2026-04-10T08:45:27+03:00,2026-04-10,8,5,Friday,"[AI] SMS thread header: center row, tighter vertical padding",4,4,8,1,0,1
fe2bc3cd79ef9dce727cd48cf90aa042bddf8c23,Adam Berg,adam@xyzdigital.com,2026-04-22T07:45:32-07:00,2026-04-22,7,3,Wednesday,[AI] Show product base price in dollars in product editor,15,8,23,2,0,1
02527804a79616f55c3dae00cefbde2a80e2fa06,Adam Berg,adam@xyzdigital.com,2026-04-22T08:00:52-07:00,2026-04-22,8,3,Wednesday,"[AI] Checkout: contact step with phone, /contact URL",49,12,61,6,0,1
773c64d8e9e1c7652e64f681272dbb29f0a6a099,Adam Berg,adam@xyzdigital.com,2026-04-22T08:02:26-07:00,2026-04-22,8,3,Wednesday,[AI] Parse checkout phone with libphonenumber-js,23,5,28,1,0,1
596e4625415421b9b88d8cca3745a18527bb78b7,Adam Berg,adam@xyzdigital.com,2026-04-22T08:05:45-07:00,2026-04-22,8,3,Wednesday,[AI] Persist checkout contact and shipping on step advance,334,31,365,9,0,1
107e31c380a4d78a426f5bb84c132d4a135bbd33,Adam Berg,adam@xyzdigital.com,2026-04-22T08:07:45-07:00,2026-04-22,8,3,Wednesday,[AI] Exclude phone from shipping (Stripe + API payloads),34,24,58,4,0,1
ddb0167980758920a2ef85b68b70a11319ab7e3d,Adam Berg,adam@xyzdigital.com,2026-04-22T08:08:59-07:00,2026-04-22,8,3,Wednesday,[AI] Hide checkout footer top border on shipping step,6,2,8,1,0,1
7e3ca91511e0a051c0e816f00a123ecf6153ac57,Adam Berg,adam@xyzdigital.com,2026-04-22T08:09:30-07:00,2026-04-22,8,3,Wednesday,[AI] Remove checkout footer top border on all steps,1,8,9,1,0,1
00e0d372f05c6c75140da65f5ff065654d8d5927,Adam Berg,adam@xyzdigital.com,2026-04-22T08:37:12-07:00,2026-04-22,8,3,Wednesday,[AI] Link checkout and payments to leads on contact patch and completion,64,10,74,3,0,1
d6a499fe0a4a30a95181348459d6274ed7b928af,Adam Berg,adam@xyzdigital.com,2026-04-27T14:43:51-07:00,2026-04-27,14,1,Monday,"[AI] Use ""Checkout"" as checkout page title instead of artist name",1,1,2,1,0,1
67ccdb1152297befd4bf1d929132afa138f27815,Adam Berg,adam@xyzdigital.com,2026-04-27T14:44:12-07:00,2026-04-27,14,1,Monday,[AI] Show Checkout title in UI; drop artistName from checkout API,1,9,10,3,0,1
d9bdaf7dd7ba7eb3b1176ff9f9c2680408f716c7,Adam Berg,adam@xyzdigital.com,2026-04-27T14:52:36-07:00,2026-04-27,14,1,Monday,[AI] Add product description (markdown) for edit and checkout,242,2,244,10,0,1
cef1e948eb183a392a79665b4730a449fe1b56fe,Adam Berg,adam@xyzdigital.com,2026-04-27T14:53:22-07:00,2026-04-27,14,1,Monday,[AI] Remove product description placeholder and helper copy,0,8,8,2,0,1
d56594ddfcbec3d06de21aba6640273c583555b3,Adam Berg,adam@xyzdigital.com,2026-04-27T14:54:13-07:00,2026-04-27,14,1,Monday,"[AI] Bold checkout primary buttons (Continue, Place Order)",2,2,4,2,0,1
d1901daf86d3f3b7bc3dd00d42fc26da22eb4e6c,Adam Berg,adam@xyzdigital.com,2026-04-27T14:55:08-07:00,2026-04-27,14,1,Monday,[AI] Use react-phone-number-input in checkout contact step,9,6,15,2,0,1
d6c3f9ce1765debce59bb2ed65bdae899a8252f3,Adam Berg,adam@xyzdigital.com,2026-04-27T14:57:55-07:00,2026-04-27,14,1,Monday,[AI] Single border for PhoneInput in pages bundle,2,2,4,1,0,1
59874b23ee50c8647a5b49ad45cae9b5d2480990,Adam Berg,adam@xyzdigital.com,2026-04-27T15:30:03-07:00,2026-04-27,15,1,Monday,"[AI] Checkout contact select fields from page, Lead merge, Payment snapshot",354,3,357,11,0,1
52389fa4191d46ed24e57432b0c117703307479d,Adam Berg,adam@xyzdigital.com,2026-04-27T16:28:10-07:00,2026-04-27,16,1,Monday,"[AI] Add checkout shipping zones, line item, and Payment chargedOption",616,65,681,11,0,1
aff65f3fab618788080fcdc2d13657ef881761e7,Adam Berg,adam@xyzdigital.com,2026-04-27T16:30:23-07:00,2026-04-27,16,1,Monday,[AI] Prominent shipping line item in checkout OrderQuantitySelector,28,6,34,1,0,1
d9cd82bee8375c4aea1bab0e42669b6c3321697b,Adam Berg,adam@xyzdigital.com,2026-04-27T16:32:16-07:00,2026-04-27,16,1,Monday,[AI] Align shipping row with product lines in checkout,7,14,21,1,0,1
016e0052a7024ebd9e7b87d7e2bc49f2c19baead,Adam Berg,adam@xyzdigital.com,2026-04-27T16:35:45-07:00,2026-04-27,16,1,Monday,[AI] Add optional shipping protection add-on at checkout,247,7,254,9,0,1
ba84574e06810488a83632da448e1011eb0a5ecd,Adam Berg,adam@xyzdigital.com,2026-04-27T16:37:30-07:00,2026-04-27,16,1,Monday,[AI] Right-align checkout prices on same line as labels,36,30,66,2,0,1
50bdf2510ffb3c9497b81e61974d734076bfc6cc,Adam Berg,adam@xyzdigital.com,2026-04-27T16:41:02-07:00,2026-04-27,16,1,Monday,"[AI] Prominent shipping protection row, full-row toggle",10,10,20,1,0,1
2675276e73ab7992eb52c32b331d8100c81a261b,Adam Berg,adam@xyzdigital.com,2026-04-27T16:42:37-07:00,2026-04-27,16,1,Monday,[AI] Checkout order summary uses custom colors with contrast,192,15,207,7,0,1
1602ae4078c0617c2010ba9266986f8c89f6346a,Adam Berg,adam@xyzdigital.com,2026-04-27T16:43:42-07:00,2026-04-27,16,1,Monday,[AI] Full-width shipping protection row,1,4,5,1,0,1
918d23037542c1d70e03e0786a612d55c73fa0cc,Adam Berg,adam@xyzdigital.com,2026-04-27T16:49:56-07:00,2026-04-27,16,1,Monday,[AI] Add shipping.protection { price } to Payment and persist at checkout,21,0,21,2,0,1
cf8027b5f4fcbfc72caf9201de4226725612d431,Adam Berg,adam@xyzdigital.com,2026-04-27T16:50:53-07:00,2026-04-27,16,1,Monday,[AI] Hide shipping line item until payment checkout step,11,2,13,2,0,1
52798eab9bcaa9da9cc4a1f3ad235dd7011f0f91,Adam Berg,adam@xyzdigital.com,2026-04-27T16:51:09-07:00,2026-04-27,16,1,Monday,[AI] Hide shipping protection line until payment checkout step,7,2,9,2,0,1
c9285c7980b3d4a11dd099815c8ed95f311d1de6,Adam Berg,adam@xyzdigital.com,2026-04-28T10:38:50-07:00,2026-04-28,10,2,Tuesday,[AI] Add CORS Allow-Origin for cdn.engram.sh on file redirect handler,20,4,24,1,0,1
937347aaede1bcfd59c3693d347048f97af025d4,Adam Berg,adam@xyzdigital.com,2026-04-28T14:11:47-07:00,2026-04-28,14,2,Tuesday,[AI] Checkout: show Shipping Protection bullet points when selected,48,22,70,1,0,1
738a9dc4facfdaf94318aea92e3bf2e16371e4cd,Adam Berg,adam@xyzdigital.com,2026-04-29T07:55:10-07:00,2026-04-29,7,3,Wednesday,Add historical data ai mdc,5,0,5,1,0,0
575eed4d66857b2cd0b3add29507b3c9f0f7a70b,Adam Berg,adam@xyzdigital.com,2026-04-29T07:57:35-07:00,2026-04-29,7,3,Wednesday,[AI] Store shipping protection as purchasedProducts rows,123,28,151,6,0,1
469c11df02f4ccea470b4b6c91285230ad0e03bf,Adam Berg,adam@xyzdigital.com,2026-04-29T07:57:58-07:00,2026-04-29,7,3,Wednesday,[AI] Remove migrate-shipping-protection-line script,0,79,79,1,0,1
1c521a667f6b41a2181653dd343e3b30ece8b6ac,Adam Berg,adam@xyzdigital.com,2026-04-29T08:31:01-07:00,2026-04-29,8,3,Wednesday,"[AI] Add automation runs tab, API, and sidebar nav",371,8,379,7,0,1
3840e06830b6d925be9ffc7331ac6850af37693f,Adam Berg,adam@xyzdigital.com,2026-04-29T08:33:29-07:00,2026-04-29,8,3,Wednesday,[AI] Sidebar: Website section with Files nested; align breadcrumbs,35,25,60,3,0,1
84bb7a82cf9a8bc62315d18b2e6097381e4ad7f0,Adam Berg,adam@xyzdigital.com,2026-04-29T09:07:09-07:00,2026-04-29,9,3,Wednesday,"[AI] Hosted checkout PaymentIntent, session API, Payment Element",1195,218,1413,10,0,1
bdf57912e705a7bedb3a3fb714a1bff6974fcc94,Adam Berg,adam@xyzdigital.com,2026-04-29T09:07:35-07:00,2026-04-29,9,3,Wednesday,Small updates,8,0,8,2,0,0
64717088367e4361effbd96fe5685d353fe7e53f,Adam Berg,adam@xyzdigital.com,2026-04-29T09:08:10-07:00,2026-04-29,9,3,Wednesday,[AI] Fix CheckoutFlow helper order (TDZ for getTotal / totals),50,50,100,1,0,1
1d0299c25d6766dd4c5c928af77c7ac5784bbdb1,Adam Berg,adam@xyzdigital.com,2026-04-29T09:14:07-07:00,2026-04-29,9,3,Wednesday,[AI] Add checkout paymentMethodTypes through to Stripe PaymentIntent,101,16,117,7,0,1
096f247bbbbbc2c9e3b41dda7163d4ef4a78ad22,Adam Berg,adam@xyzdigital.com,2026-04-29T09:22:42-07:00,2026-04-29,9,3,Wednesday,[AI] Align Stripe Elements labels with checkout background via appearance API,35,10,45,3,0,1
45adfb4d686202bde649bcd3c2e4f24c049fb908,Adam Berg,adam@xyzdigital.com,2026-04-29T09:28:43-07:00,2026-04-29,9,3,Wednesday,[AI] Fix hosted checkout PaymentIntent refresh when toggling shipping protection,3,1,4,1,0,1
c99cbe95d2baef32ffab055c9c2c486f120c06fa,Adam Berg,adam@xyzdigital.com,2026-04-29T09:33:55-07:00,2026-04-29,9,3,Wednesday,[AI] Show preparing payment only in PaymentElement area on checkout,500,277,777,2,0,1
697bfc78487e456e350c10324dd2b95e96d01269,Adam Berg,adam@xyzdigital.com,2026-04-29T09:55:38-07:00,2026-04-29,9,3,Wednesday,[AI] Redirect completed checkouts to GoTo page on GET checkout,58,12,70,4,0,1
c1084764dd7ab6a71c33609fb5338ad0ce59d320,Adam Berg,adam@xyzdigital.com,2026-04-29T10:13:19-07:00,2026-04-29,10,3,Wednesday,[AI] Drop legacy card PaymentMethod checkout; Payment Element + cart session API only,464,687,1151,6,0,1
1fa73ad921ca78e86d44325677efb4fb4fb384af,Adam Berg,adam@xyzdigital.com,2026-04-29T10:41:46-07:00,2026-04-29,10,3,Wednesday,[AI] Add Stripe Connect webhook and defer hosted checkout Payment to PI handler,457,196,653,4,0,1
1ceeba88bb0ef53418ac2f6fc55294e79e365db5,Adam Berg,adam@xyzdigital.com,2026-04-29T10:44:58-07:00,2026-04-29,10,3,Wednesday,[AI] Use constructEventAsync for Stripe Connect webhook on Bun,5,1,6,1,0,1
cd7f8ebfd7b540e75f0c7b00050318fd1e46290f,Adam Berg,adam@xyzdigital.com,2026-04-29T12:08:47-07:00,2026-04-29,12,3,Wednesday,[AI] Checkout: defer Payment creation to payment_intent.succeeded webhook,0,90,90,1,0,1
d7944debe6460d1191afaefec86a4d44c297a86b,Adam Berg,adam@xyzdigital.com,2026-04-29T12:24:56-07:00,2026-04-29,12,3,Wednesday,[AI] Prefix Stripe Connect webhook route with /api,1,1,2,1,0,1
609d9134dbf479724869364b688f417b1711cf0f,Adam Berg,adam@xyzdigital.com,2026-04-29T14:40:19-07:00,2026-04-29,14,3,Wednesday,[AI] Prefer purchasedProducts.description in Sales Purchases column,81,3,84,1,0,1
52c6924fc4059b6813d93e3fa99f4e3a7b67aeb9,Adam Berg,adam@xyzdigital.com,2026-04-29T14:41:48-07:00,2026-04-29,14,3,Wednesday,Update getPayments API,21,0,21,1,0,0
7668f922fcfbf4dd883067fe69db96b19bdc0cb8,Adam Berg,adam@xyzdigital.com,2026-05-01T08:07:49-07:00,2026-05-01,8,5,Friday,[AI] MailerLite subscriber: send first_name and last_name in fields,33,16,49,2,0,1
537f5bb5155c5d66e8271eeb8a8fa3287fd8bc72,Adam Berg,adam@xyzdigital.com,2026-05-01T08:09:31-07:00,2026-05-01,8,5,Friday,"[AI] MailerLite fields: use name for first name, last_name for last",2,2,4,2,0,1
3b16973ecb906b572d12a872950980e0e39bf0c6,Adam Berg,adam@xyzdigital.com,2026-05-01T08:27:46-07:00,2026-05-01,8,5,Friday,Fix it still using first name,0,7,7,1,0,0
54ebdba8e5bdec90f11939936140a068e1ac928c,Adam Berg,adam@xyzdigital.com,2026-05-01T08:29:04-07:00,2026-05-01,8,5,Friday,Also remove name from page response replay script,1,7,8,1,0,0
182820ebefdbef10192a29ac9b31645b59a9cae8,Adam Berg,adam@xyzdigital.com,2026-05-01T08:31:21-07:00,2026-05-01,8,5,Friday,remove resubscribe,0,1,1,1,0,0
0511da6f8f425ab623f17dccffbb2f9ba9e547c2,Adam Berg,adam@xyzdigital.com,2026-05-01T08:34:57-07:00,2026-05-01,8,5,Friday,[AI] Replay MailerLite sync: GET subscriber by email then PUT update,33,11,44,1,0,1
7a43b20344ecc92a1694168b1d692e5a89691166,Adam Berg,adam@xyzdigital.com,2026-05-01T09:10:28-07:00,2026-05-01,9,5,Friday,[AI] Files table: image preview thumbnails,25,1,26,1,0,1
8872f25b96be952ca8c1820877d38585068d3b6f,Adam Berg,adam@xyzdigital.com,2026-05-01T09:18:07-07:00,2026-05-01,9,5,Friday,[AI] Add order receipt page at /orders/:id with Payment-backed API,581,131,712,7,0,1
9edf17340d64a35e17b1722fbd41070f3d28792c,Adam Berg,adam@xyzdigital.com,2026-05-01T09:20:16-07:00,2026-05-01,9,5,Friday,[AI] Simplify orders receipt UI,5,84,89,1,0,1
bb01159b126f16eabd67f35f670aab5f7504614c,Adam Berg,adam@xyzdigital.com,2026-05-01T09:26:03-07:00,2026-05-01,9,5,Friday,[AI] Append orderId to post-checkout GoTo redirect URL,52,4,56,3,0,1
ecfc0bac8ec6e76bf2578b5d82c058228053ae2f,Adam Berg,adam@xyzdigital.com,2026-05-01T09:55:30-07:00,2026-05-01,9,5,Friday,[AI] Checkout: relabel coverage line to Damage or Defects,1,1,2,1,0,1
ba330e170e63226942bbf7b46971f6e07e7bcd10,Adam Berg,adam@xyzdigital.com,2026-05-01T09:56:50-07:00,2026-05-01,9,5,Friday,[AI] Ensure checkout success redirect URLs include orderId query param,14,2,16,1,0,1
74c2c60f3487374f77e7f8bf36eed1b3b4b315d3,Adam Berg,adam@xyzdigital.com,2026-05-01T10:00:56-07:00,2026-05-01,10,5,Friday,[AI] Set document titles for pages SPA routes via react-helmet-async,150,50,200,6,0,1
d5dc16e4233621edf47daaaa79aa9474e18d4581,Adam Berg,adam@xyzdigital.com,2026-05-01T10:04:27-07:00,2026-05-01,10,5,Friday,[AI] Allow editing SMS campaigns while queued for send.,58,23,81,3,0,1
b345a25c05a5000e99a32243516a6870b0567e5f,Adam Berg,adam@xyzdigital.com,2026-05-01T10:08:49-07:00,2026-05-01,10,5,Friday,[AI] Show SMS campaign worker processing state in UI.,85,17,102,3,0,1
cb2b23e2854bf9fecb7c756d4c42f9e2c8a22f74,Adam Berg,adam@xyzdigital.com,2026-05-01T10:09:41-07:00,2026-05-01,10,5,Friday,[AI] Drop SMS campaign messages polling and shorten sending banner.,1,31,32,1,0,1
85833388d9feeb07c7cda0c9a46c4d0aa7f54bdd,Adam Berg,adam@xyzdigital.com,2026-05-01T10:12:26-07:00,2026-05-01,10,5,Friday,[AI] Allow deleting queued SMS campaigns before send starts.,48,6,54,2,0,1
72966940e272d811b630cc5dace8c8784e8cb8c1,Adam Berg,adam@xyzdigital.com,2026-05-01T10:14:13-07:00,2026-05-01,10,5,Friday,[AI] Label compose primary button Schedule when send-at is set.,2,0,2,1,0,1
ef8562370300a5e47b2b9bf3ce41da97ea44a2fe,Adam Berg,adam@xyzdigital.com,2026-05-01T10:15:59-07:00,2026-05-01,10,5,Friday,[AI] Show SMS campaign cost from segments × selected recipients.,173,24,197,4,0,1
a5571e9767471d50d486a733feefa2eb2a814e1d,Adam Berg,adam@xyzdigital.com,2026-05-01T10:17:16-07:00,2026-05-01,10,5,Friday,[AI] Tweak SMS compose cost copy and hide when Twilio artist-owned.,4,9,13,1,0,1
a607abc510c53eef7c5231b498dde8da87a5e1b4,Adam Berg,adam@xyzdigital.com,2026-05-01T10:18:19-07:00,2026-05-01,10,5,Friday,[AI] Fix SMS compose selection hydration when editing campaigns.,83,58,141,1,0,1
99076f41f9017186eb523c08cc57d7fce2128c99,Adam Berg,adam@xyzdigital.com,2026-05-01T10:47:56-07:00,2026-05-01,10,5,Friday,[AI] Show SMS campaign cost estimate for artist-owned Twilio,6,20,26,2,0,1
cee147e00ef368ac4d28cdea62fb96b03884bff0,Adam Berg,adam@xyzdigital.com,2026-05-01T10:51:01-07:00,2026-05-01,10,5,Friday,[AI] Reserve campaign SMS cost on Billing after canSendSms,36,3,39,3,0,1
1494688c62a53cafafc49081e34db03e3b0f1883,Adam Berg,adam@xyzdigital.com,2026-05-01T10:55:52-07:00,2026-05-01,10,5,Friday,[AI] Refund reserved SMS campaign cost on delete,9,0,9,1,0,1
5077f8cbf79949c6c9ab18aa7a8996a478cdba8d,Adam Berg,adam@xyzdigital.com,2026-05-01T10:56:06-07:00,2026-05-01,10,5,Friday,[AI] Refund campaign SMS reserve after message rows deleted,5,4,9,1,0,1
ee2691abed9f4265bd7fca796b501f6a2589f7ac,Adam Berg,adam@xyzdigital.com,2026-05-01T10:56:52-07:00,2026-05-01,10,5,Friday,Add script to start SMS worker,1,0,1,1,0,0
31d239732c0cb286c96b36ce3c5aca73a631ebcc,Adam Berg,adam@xyzdigital.com,2026-05-01T11:53:38-07:00,2026-05-01,11,5,Friday,[AI] Normalize hostname page path for trailing slashes,3,1,4,1,0,1
4fc9de0dac58a4dc703ec6c3d9b9cbea9d969a2b,Adam Berg,adam@xyzdigital.com,2026-05-02T06:54:57-07:00,2026-05-02,6,6,Saturday,[AI] Add lead firstName to email step Handlebars context,11,5,16,1,0,1
ca7e57ec45bc83bdb427b1b4713b5480f7107981,Adam Berg,adam@xyzdigital.com,2026-05-02T06:59:23-07:00,2026-05-02,6,6,Saturday,[AI] Add Checkout.payment ref and link after Connect PI success,15,0,15,2,0,1
fbc7cd78a98177b954a29cbce197aaca68684170,Adam Berg,adam@xyzdigital.com,2026-05-02T07:03:44-07:00,2026-05-02,7,6,Saturday,[AI] Add orderUrl to handleEmailStep Handlebars context,13,0,13,1,0,1
f8e2d7791b19c2b4eb4ff85a6ffe7e56f1ff1f96,Adam Berg,adam@xyzdigital.com,2026-05-02T07:16:58-07:00,2026-05-02,7,6,Saturday,[AI] Add MailerLite Create Subscriber automation step with group picker,306,35,341,10,0,1
48ff0d637796226a4b133c6a6f3e6e267f8c334a,Adam Berg,adam@xyzdigital.com,2026-05-02T07:24:29-07:00,2026-05-02,7,6,Saturday,[AI] Drop MailerLite groups API; text group IDs on automation step,11,119,130,4,0,1
961c1538b135dd1aee1053e3c02e47514b64acf4,Adam Berg,adam@xyzdigital.com,2026-05-02T07:46:37-07:00,2026-05-02,7,6,Saturday,"[AI] Sales Orders nav, fulfillmentStatus on Payment, order edit UI",454,8,462,12,0,1
137ee845de9b16e4e62ac31a51feaa45b93e14e6,Adam Berg,adam@xyzdigital.com,2026-05-02T07:48:15-07:00,2026-05-02,7,6,Saturday,[AI] Move PaymentFulfillmentStatus to src/types,18,14,32,5,0,1
7c410d76127b21b898f1637eba047735c22f924b,Adam Berg,adam@xyzdigital.com,2026-05-02T08:42:26-07:00,2026-05-02,8,6,Saturday,Add AbandonedCheckoutWorker,163,4,167,7,0,0
bc19a51a624c53a96e2e2845235ad6bf9bd18c61,Adam Berg,adam@xyzdigital.com,2026-05-02T08:44:24-07:00,2026-05-02,8,6,Saturday,[AI] Replace per-checkout abandon updates with single updateMany,30,30,60,1,0,1
c38bebc22891571b4107590a8e3e976d58af07d4,Adam Berg,adam@xyzdigital.com,2026-05-02T08:46:04-07:00,2026-05-02,8,6,Saturday,[AI] Abandoned checkout worker: one-at-a-time drain per minute,21,20,41,1,0,1
b6bf38bd40b3843fcdc4ad09e5f0eff9a29c8b72,Adam Berg,adam@xyzdigital.com,2026-05-02T08:47:01-07:00,2026-05-02,8,6,Saturday,[AI] Abandoned checkout: single findOneAndUpdate for mark,2,11,13,1,0,1
b6929fee2b5e2a6ea1beeb0e03cea3f7f59194e8,Adam Berg,adam@xyzdigital.com,2026-05-02T08:47:50-07:00,2026-05-02,8,6,Saturday,[AI] Log abandoned checkout marks and automation starts,9,0,9,1,0,1
f44e5a8be15ef014371c2f544a2b25189a95332f,Adam Berg,adam@xyzdigital.com,2026-05-02T08:50:46-07:00,2026-05-02,8,6,Saturday,[AI] Add abandoned checkout trigger to automation editor UI,19,2,21,2,0,1
6212206cb2572bf185315d544df80db4cf47a494,Adam Berg,adam@xyzdigital.com,2026-05-02T08:54:12-07:00,2026-05-02,8,6,Saturday,[AI] Fix Mongoose deprecation: use returnDocument instead of new,1,1,2,1,0,1
34a517ef638074d301910609bf5a22e78c729be6,Adam Berg,adam@xyzdigital.com,2026-05-02T08:55:22-07:00,2026-05-02,8,6,Saturday,[AI] Add {{checkoutUrl}} template for automation email step,14,5,19,1,0,1
d8d77f2945909597d901b803e9caf2c0b323e30b,Adam Berg,adam@xyzdigital.com,2026-05-02T08:56:13-07:00,2026-05-02,8,6,Saturday,[AI] Only set checkoutUrl when custom domain hostname exists,3,4,7,1,0,1
47e60627adf52395e57d9b16a790e5663f5aa3bb,Adam Berg,adam@xyzdigital.com,2026-05-02T09:05:36-07:00,2026-05-02,9,6,Saturday,[AI] Add checkoutUrl to SMS automation Handlebars context,38,2,40,2,0,1
48384c326cb3a506131bdc0e90e890706129be7b,Adam Berg,adam@xyzdigital.com,2026-05-02T09:10:28-07:00,2026-05-02,9,6,Saturday,[AI] Merge current page query params into form redirect URLs,24,2,26,1,0,1
b05476ba7c31a7085681d0f8a5fbdc891c6358d2,Adam Berg,adam@xyzdigital.com,2026-05-02T09:12:03-07:00,2026-05-02,9,6,Saturday,[AI] Simplify redirect query merge using URL + searchParams,4,15,19,1,0,1
326f4dd36ee51736761dd4f098987f57bf6a038c,Adam Berg,adam@xyzdigital.com,2026-05-02T09:13:35-07:00,2026-05-02,9,6,Saturday,[AI] Prefill checkout email and phone from URL query params,16,7,23,1,0,1
322b434a8bc839000fb5e15fb7d9895d0fd19f8e,Adam Berg,adam@xyzdigital.com,2026-05-02T09:21:52-07:00,2026-05-02,9,6,Saturday,[AI] Parse checkout URL phone prefill with libphonenumber-js,6,1,7,1,0,1
9c0be3737db69817a8865db164d41fec6250e592,Adam Berg,adam@xyzdigital.com,2026-05-04T08:00:37-07:00,2026-05-04,8,1,Monday,[AI] Per-checkout abandoned automation via onAbandonedAutomationId,32,58,90,7,0,1
0bc33885b2a3350eef75a594c4b579efffdb804b,Adam Berg,adam@xyzdigital.com,2026-05-04T08:02:26-07:00,2026-05-04,8,1,Monday,Set error retry ms to same as loop interval,1,1,2,1,0,0
708c1c4c527978595cb902db919bd011556171a2,Adam Berg,adam@xyzdigital.com,2026-05-04T08:04:27-07:00,2026-05-04,8,1,Monday,[AI] startAbandonedCheckoutAutomations accepts single checkout,15,17,32,1,0,1
ebbaee3f5110cae1081de76666efdc4789f2a9a5,Adam Berg,adam@xyzdigital.com,2026-05-04T08:04:49-07:00,2026-05-04,8,1,Monday,[AI] Rename to startAbandonedCheckoutAutomation,2,2,4,1,0,1
b011de8fa3bf9aa0ade3b54ce729cab20d8b9ae4,Adam Berg,adam@xyzdigital.com,2026-05-04T08:09:22-07:00,2026-05-04,8,1,Monday,[AI] Type onAbandonedAutomationId as ObjectId; fix trim on BSON id,27,5,32,2,0,1
c862fe170b4a98086226a882bfd24ee632dbb560,Adam Berg,adam@xyzdigital.com,2026-05-04T08:15:50-07:00,2026-05-04,8,1,Monday,[AI] Log start of each AbandonedCheckoutWorker main-loop iteration,3,0,3,1,0,1
8df08167003127e5cbdabd5ad7ab3a5c0b2f2163,Adam Berg,adam@xyzdigital.com,2026-05-04T08:16:44-07:00,2026-05-04,8,1,Monday,[AI] Log after AbandonedCheckoutWorker iteration completes,3,0,3,1,0,1
1a7b4ec1e6a5e5977966fcf4552ac207afdcc92b,Adam Berg,adam@xyzdigital.com,2026-05-04T08:35:23-07:00,2026-05-04,8,1,Monday,[AI] Match receipt shipping row to checkout OrderQuantitySelector,66,6,72,1,0,1
f5514cfcd433751f208cbe7cb3ac2c518e637527,Adam Berg,adam@xyzdigital.com,2026-05-04T08:36:13-07:00,2026-05-04,8,1,Monday,[AI] Fix OrderReceiptRoute return statement JSX,2,0,2,1,0,1
1d06557aa48603d05dbd76c1874a1cee3b04bea2,Adam Berg,adam@xyzdigital.com,2026-05-04T08:48:24-07:00,2026-05-04,8,1,Monday,[AI] Checkout: circle placeholder for line items without image,17,2,19,1,0,1
6e894bb5fb29b26b6f8fe342719ba36a1daf76e0,Adam Berg,adam@xyzdigital.com,2026-05-04T08:48:56-07:00,2026-05-04,8,1,Monday,[AI] Checkout: empty image placeholder without circle icon,3,9,12,1,0,1
933dfeff6fbb2fb4cd0152d4231d3081f50af5c0,Adam Berg,adam@xyzdigital.com,2026-05-04T08:50:08-07:00,2026-05-04,8,1,Monday,[AI] Checkout: invisible spacer for no-image line items,1,8,9,1,0,1
b0e5d561c863e3470b22d481b1e92247d4597a49,Adam Berg,adam@xyzdigital.com,2026-05-04T08:51:20-07:00,2026-05-04,8,1,Monday,[AI] Include product description on order/payment receipt API and types,5,0,5,3,0,1
6d7ab0a5e61061a52bc359ee06e57176ca23ad40,Adam Berg,adam@xyzdigital.com,2026-05-04T08:51:56-07:00,2026-05-04,8,1,Monday,[AI] Stack unit price above quantity in checkout line items,65,63,128,1,0,1
c5dd5f2ba2698d22f2b5d7c8fff02d8b153d3961,Adam Berg,adam@xyzdigital.com,2026-05-04T08:53:14-07:00,2026-05-04,8,1,Monday,[AI] Omit ×1 on read-only checkout line items,2,2,4,1,0,1
f810e55e0bf0b44d82ef20a160f4c6b0e34c02ab,Adam Berg,adam@xyzdigital.com,2026-05-04T08:55:27-07:00,2026-05-04,8,1,Monday,[AI] Shield icon for line items named Shipping Protection,23,2,25,1,0,1
0c449b9bd5c4696b03978469d3c1fa4223682591,Adam Berg,adam@xyzdigital.com,2026-05-04T08:57:53-07:00,2026-05-04,8,1,Monday,[AI] Show shipping protection benefit bullets on read-only receipts,58,22,80,1,0,1
d35bcda9beffbeec732d506930c065c132dafdda,Adam Berg,adam@xyzdigital.com,2026-05-04T08:59:42-07:00,2026-05-04,8,1,Monday,[AI] Remove artist name heading from receipt and payment views,0,4,4,2,0,1
bef6ae50e2626792cfd6407d96d7a2d88fd86d5d,Adam Berg,adam@xyzdigital.com,2026-05-04T09:00:34-07:00,2026-05-04,9,1,Monday,[AI] Match Receipt title styling to Checkout h1 in CheckoutFlow,1,10,11,1,0,1
304a4df6cfb65cb16a1a115ddfb0b0f9c146df59,Adam Berg,adam@xyzdigital.com,2026-05-05T13:45:17-07:00,2026-05-05,13,2,Tuesday,[AI] Add back navigation on order receipt when history allows,57,5,62,1,0,1
14550bc26783129468860fb0fac629baa441969c,Adam Berg,adam@xyzdigital.com,2026-05-05T13:47:01-07:00,2026-05-05,13,2,Tuesday,[AI] Fix receipt back button hover contrast,7,2,9,1,0,1
82e04019e393a578029534f53dfbc559b44c8605,Adam Berg,adam@xyzdigital.com,2026-05-05T14:25:08-07:00,2026-05-05,14,2,Tuesday,[AI] Resume checkout at shipping or payment when contact/shipping exists,281,7,288,4,0,1
94e16745089b6be212deb39919315ab57112c2a9,Adam Berg,adam@xyzdigital.com,2026-05-05T14:53:35-07:00,2026-05-05,14,2,Tuesday,[AI] Use solid accent for shipping protection on checkout payment step,44,10,54,2,0,1
dda8189249ced43367cebaacef49af80717dae45,Adam Berg,adam@xyzdigital.com,2026-05-05T15:49:01-07:00,2026-05-05,15,2,Tuesday,[AI] Pass payment_method_configuration from page checkout to Stripe PI,61,6,67,6,0,1
32e7cdc02f9bf4f1ea8de5221f4b3c21634b28f9,Adam Berg,adam@xyzdigital.com,2026-05-05T16:15:34-07:00,2026-05-05,16,2,Tuesday,"Revert ""[AI] Pass payment_method_configuration from page checkout to Stripe PI""",6,61,67,6,0,0
0ee9fcf65507106daf85377a246bfecdddad1021,Adam Berg,adam@xyzdigital.com,2026-05-05T16:20:19-07:00,2026-05-05,16,2,Tuesday,"Reapply ""[AI] Pass payment_method_configuration from page checkout to Stripe PI""",61,6,67,6,0,0
eba7ec8712b52bc97e75ae1dbb83962f8cffaf76,Adam Berg,adam@xyzdigital.com,2026-05-05T16:20:48-07:00,2026-05-05,16,2,Tuesday,[AI] Pass payment_method_types with payment method configuration,14,3,17,1,0,1
7f4421e64ca4c92f37ce6d1c3780755431263660,Adam Berg,adam@xyzdigital.com,2026-05-05T16:25:19-07:00,2026-05-05,16,2,Tuesday,"Revert ""[AI] Pass payment_method_types with payment method configuration""",3,14,17,1,0,0
42949b361451cc5605ff5ad02d46297c35ab8d95,Adam Berg,adam@xyzdigital.com,2026-05-06T07:39:20-07:00,2026-05-06,7,3,Wednesday,[AI] SendGrid artist email: batch sends in chunks of 1000,115,81,196,3,0,1
69f8f34b81b0c9f78e94d3f89a5a3d729aa66e2d,Adam Berg,adam@xyzdigital.com,2026-05-06T07:42:03-07:00,2026-05-06,7,3,Wednesday,[AI] Log SendGrid send/sent recipient counts in sendArtistEmail,11,1,12,1,0,1
0a6bbb695ef2bf74e6f1d5d638caa5d19855b4c5,Adam Berg,adam@xyzdigital.com,2026-05-06T07:47:21-07:00,2026-05-06,7,3,Wednesday,[AI] Route email campaigns through sendEmail with personalizations,216,105,321,5,0,1
61e20ce48a0389b67465a22693038cf095f17f26,Adam Berg,adam@xyzdigital.com,2026-05-06T08:00:55-07:00,2026-05-06,8,3,Wednesday,[AI] Resolve artist email base URL from CustomDomain,39,14,53,8,0,1
ea8d8908a55f4085c59fcd45dd2b0ca60ba66d17,Adam Berg,adam@xyzdigital.com,2026-05-06T08:15:52-07:00,2026-05-06,8,3,Wednesday,[AI] Checkout: removable extra line items (first line kept),119,47,166,5,0,1
7a8c30f8574d6d6904ca0daa7ec69f633b562994,Adam Berg,adam@xyzdigital.com,2026-05-06T08:17:25-07:00,2026-05-06,8,3,Wednesday,[AI] Checkout: confirm before removing cart line,1,0,1,1,0,1
d33786122be9fbac61d749169c91e6b709ef962f,Adam Berg,adam@xyzdigital.com,2026-05-06T08:23:05-07:00,2026-05-06,8,3,Wednesday,[AI] Add product inventoryQuantity and decrement on Connect payment success,46,0,46,2,0,1
90ae5c12f2c576058ed38b689c0e7624a9ecb8e0,Adam Berg,adam@xyzdigital.com,2026-05-06T08:24:03-07:00,2026-05-06,8,3,Wednesday,[AI] Expose inventory quantity on no-variant product edit,45,0,45,3,0,1
0183d67d170098a5ec0b4f295760ad6c882b30d6,Adam Berg,adam@xyzdigital.com,2026-05-06T08:40:59-07:00,2026-05-06,8,3,Wednesday,[AI] Reject checkout when product inventory insufficient,95,4,99,4,0,1
e2e3e2d72ca6ec0c2c6693d3dbe062cea8661a3a,Adam Berg,adam@xyzdigital.com,2026-05-06T08:55:48-07:00,2026-05-06,8,3,Wednesday,[AI] Preflight inventory on hosted checkout before Stripe confirm,132,3,135,3,0,1
503e69e763089889f386aa78bab39645a855a0c4,Adam Berg,adam@xyzdigital.com,2026-05-06T09:05:35-07:00,2026-05-06,9,3,Wednesday,[AI] Add has-not-purchased product recipient filter,44,7,51,3,0,1
237127354cdf99e82b7a4f08e34f8f09045dbd57,Adam Berg,adam@xyzdigital.com,2026-05-06T09:07:22-07:00,2026-05-06,9,3,Wednesday,[AI] Load products for SMS compose recipient filters,16,1,17,1,0,1
b512640919a04f7f961fe1e1cd79fe36f578def2,Adam Berg,adam@xyzdigital.com,2026-05-06T13:26:40-07:00,2026-05-06,13,3,Wednesday,[AI] Add checkout Meta Pixel ID setting and funnel events,305,4,309,6,0,1
9eafc08e7a7492c7df2613a8d1b03726cda57b81,Adam Berg,adam@xyzdigital.com,2026-05-06T13:32:59-07:00,2026-05-06,13,3,Wednesday,[AI] Align Meta Pixel with official snippet and noscript fallback,50,23,73,2,0,1
e09a89ce74184ad6f853b9e97c2d548fe0204106,Adam Berg,adam@xyzdigital.com,2026-05-06T13:34:58-07:00,2026-05-06,13,3,Wednesday,[AI] Track Meta Pixel Lead on checkout contact submit,17,0,17,1,0,1
e61be826bf47981e15ef3db6e78c098f1bf177ce,Adam Berg,adam@xyzdigital.com,2026-05-06T13:37:34-07:00,2026-05-06,13,3,Wednesday,[AI] Drop Meta Pixel AddPaymentInfo from checkout,1,25,26,2,0,1
94e8a111ff0a76e6a4e404bf2acfd325390012d7,Adam Berg,adam@xyzdigital.com,2026-05-06T13:45:22-07:00,2026-05-06,13,3,Wednesday,[AI] Add EasyShip integration with access token settings,396,0,396,8,0,1
c03de9ff2375fa7d04d25f94c306a8db3b55751a,Adam Berg,adam@xyzdigital.com,2026-05-06T13:50:00-07:00,2026-05-06,13,3,Wednesday,[AI] Easyship order sync and shipment create API,675,4,679,10,0,1
f7283f9c35eaf555c648cf2978ba9240d647c19d,Adam Berg,adam@xyzdigital.com,2026-05-06T13:50:54-07:00,2026-05-06,13,3,Wednesday,[AI] Store Easyship shipment id on Payment; gate resync,66,3,69,3,0,1
52363afec5a7ac7d2204cf47af63dbe807bdc72c,Adam Berg,adam@xyzdigital.com,2026-05-06T13:57:50-07:00,2026-05-06,13,3,Wednesday,[AI] Parse Easyship nested error body on failed shipment create,23,5,28,1,0,1
d52d704c771f28f1f0999420b6a04bfbb8d3ae3f,Adam Berg,adam@xyzdigital.com,2026-05-06T14:11:01-07:00,2026-05-06,14,3,Wednesday,[AI] Set Easyship parcel item_category_id to 19,2,0,2,1,0,1
5f7256dfdd22e73457c2cbffdb1382575b8a4318,Adam Berg,adam@xyzdigital.com,2026-05-06T14:21:05-07:00,2026-05-06,14,3,Wednesday,[AI] Easyship: single hardcoded catalog product per shipment,9,34,43,1,0,1
4822c88cc371c2348140b0beed69ffce28afc4be,Adam Berg,adam@xyzdigital.com,2026-05-06T14:32:24-07:00,2026-05-06,14,3,Wednesday,[AI] Add Product.easyship.items and build EasyShip parcel items from checkout lines.,120,8,128,2,0,1
98dd4ce49b98c1fc1625f968496b60bf3d3447ee,Adam Berg,adam@xyzdigital.com,2026-05-06T14:33:26-07:00,2026-05-06,14,3,Wednesday,[AI] Add declaredCustomsValue on Product easyship items for EasyShip parcels.,10,8,18,2,0,1
06e9ef164efabe1ffb949a7dcad3766f97aef22f,Adam Berg,adam@xyzdigital.com,2026-05-06T14:38:55-07:00,2026-05-06,14,3,Wednesday,[AI] Remove EasyShip shipment fallback product; require catalog items.,13,19,32,1,0,1
af53b40210697896e4352dbabe2f7730d8992606,Adam Berg,adam@xyzdigital.com,2026-05-06T14:44:24-07:00,2026-05-06,14,3,Wednesday,[AI] One EasyShip parcel per Fanrank product on the order.,36,29,65,1,0,1
51807c53adafcbee5af03114bbcc41399a0cf61d,Adam Berg,adam@xyzdigital.com,2026-05-06T14:59:29-07:00,2026-05-06,14,3,Wednesday,[AI] Create one EasyShip shipment per purchased product line.,200,130,330,5,0,1
788b2a994df6e86f2b88829747169925f4ae8840,Adam Berg,adam@xyzdigital.com,2026-05-06T15:00:24-07:00,2026-05-06,15,3,Wednesday,[AI] EasyShip sync lines use only purchasedProducts.,1,22,23,1,0,1
8f5aa5595c0894c603065d3bf52cb31b6711907d,Adam Berg,adam@xyzdigital.com,2026-05-06T15:02:20-07:00,2026-05-06,15,3,Wednesday,[AI] Store EasyShip sync only as easyShipment.shipmentIds.,9,38,47,3,0,1
1326a27b4652c219d4b248692271b488039aba6c,Adam Berg,adam@xyzdigital.com,2026-05-06T15:45:03-07:00,2026-05-06,15,3,Wednesday,[AI] Add easyship.box on Product; use for EasyShip parcels,43,11,54,2,0,1
672ca45dcfd0217bb6704c3774ab9ff666299f36,Adam Berg,adam@xyzdigital.com,2026-05-06T15:46:15-07:00,2026-05-06,15,3,Wednesday,[AI] Remove EasyShip shipFrom; origin address ID only for shipments,13,262,275,5,0,1
7e449659560a223e55b080cba3703fa3828a194b,Adam Berg,adam@xyzdigital.com,2026-05-06T15:49:34-07:00,2026-05-06,15,3,Wednesday,[AI] Require easyship.box dimensions; remove default parcel box,14,7,21,1,0,1
cff3e5ce227d256fb874c4f5cb95791d3f1db9c2,Adam Berg,adam@xyzdigital.com,2026-05-06T15:56:28-07:00,2026-05-06,15,3,Wednesday,[AI] Remove total_actual_weight from Easyship parcel payload,0,1,1,1,0,1
8cc0dcce8f6c4aa7c33cd0e7d290a21fa1830c92,Adam Berg,adam@xyzdigital.com,2026-05-06T16:13:23-07:00,2026-05-06,16,3,Wednesday,Add body to logs for debugging,2,0,2,1,0,0
77f51bea1baa454033b91855af36d08c077c86e5,Adam Berg,adam@xyzdigital.com,2026-05-06T16:26:15-07:00,2026-05-06,16,3,Wednesday,Add total actual weight property,1,0,1,1,0,0
9c2c64e123324b718539cb38e9291d5c02f506e0,Adam Berg,adam@xyzdigital.com,2026-05-06T17:39:25-07:00,2026-05-06,17,3,Wednesday,[AI] Easyship parcel box uses slug instead of dimensions,10,31,41,2,0,1
ecafa98c8edf33a87636e1acb802f5801d9eca60,Adam Berg,adam@xyzdigital.com,2026-05-07T10:38:24-07:00,2026-05-07,10,4,Thursday,[AI] Checkout: variant select below product name when variants exist,165,6,171,5,0,1
11cdbb91663710af3c20492f2e263152341f947c,Adam Berg,adam@xyzdigital.com,2026-05-07T10:42:38-07:00,2026-05-07,10,4,Thursday,[AI] Checkout: require variant choice before pay; validate Place Order,149,15,164,3,0,1
2d0c6285a28293c8830ead48f078a267601e9cb4,Adam Berg,adam@xyzdigital.com,2026-05-07T10:47:24-07:00,2026-05-07,10,4,Thursday,[AI] Disable sold-out variant options on checkout,18,6,24,2,0,1
442ac416bc1b48cf7f955aecfa1673df29606cdf,Adam Berg,adam@xyzdigital.com,2026-05-07T10:53:01-07:00,2026-05-07,10,4,Thursday,[AI] Add Product.disableRemove; hide checkout Remove when set,11,1,12,3,0,1
7bc93a35a5871b47c86dfc9ea1b7d953044d344c,Adam Berg,adam@xyzdigital.com,2026-05-07T12:25:57-07:00,2026-05-07,12,4,Thursday,[AI] Replace shipping zones with product-based shipping profiles,248,277,525,10,0,1
760217be59b35145746d7f1e602b5ff84949230b,Adam Berg,adam@xyzdigital.com,2026-05-07T12:35:44-07:00,2026-05-07,12,4,Thursday,[AI] Require variant selection before leaving checkout contact step,11,0,11,1,0,1
fd9f9b8fde83d253eda82eca3f6d3e789c2b31ab,Adam Berg,adam@xyzdigital.com,2026-05-07T12:38:02-07:00,2026-05-07,12,4,Thursday,[AI] Keep Continue enabled when variants incomplete on checkout contact step,0,3,3,1,0,1
8dd0a7000048e87e070f9e516ccb4b34d30422f9,Adam Berg,adam@xyzdigital.com,2026-05-07T12:40:52-07:00,2026-05-07,12,4,Thursday,[AI] Show zone price names for shipping label; dedupe duplicates,8,3,11,1,0,1
3bc9970a5fd6cbdc80aca14f6ce640a1b9c05241,Adam Berg,adam@xyzdigital.com,2026-05-07T12:48:57-07:00,2026-05-07,12,4,Thursday,[AI] Persist checkout variant selections on PATCH and hydrate on reload.,297,2,299,4,0,1
e257468ae4f812e983031115ffe600b5e9bb4610,Adam Berg,adam@xyzdigital.com,2026-05-07T12:58:58-07:00,2026-05-07,12,4,Thursday,[AI] Add shipping zones by country to checkout shipping profiles,368,90,458,10,0,1
d73eac0a8b62c9baa12fefc2c289ff27bad7e29b,Adam Berg,adam@xyzdigital.com,2026-05-07T13:01:22-07:00,2026-05-07,13,4,Thursday,[AI] Drop legacy shipping profile top-level prices handling,6,48,54,3,0,1
393c036b681cc978884e0bc957c7eb48ea981f40,Adam Berg,adam@xyzdigital.com,2026-05-07T13:35:22-07:00,2026-05-07,13,4,Thursday,[AI] Add variant easyship config and group Easyship parcels by box slug,181,43,224,3,0,1
8702b6b46c5d285b6e68762fc2d456c61757a751,Adam Berg,adam@xyzdigital.com,2026-05-07T13:45:15-07:00,2026-05-07,13,4,Thursday,[AI] Create one Easyship shipment per parcel from payment,25,19,44,1,0,1
409880187167a682708885cf5a01421d4dfaa59d,Adam Berg,adam@xyzdigital.com,2026-05-07T13:54:30-07:00,2026-05-07,13,4,Thursday,[AI] Add easyship item countries and filter by ship-to country,51,5,56,2,0,1
2c3b204bd869e71d83179999089238450dd917e9,Adam Berg,adam@xyzdigital.com,2026-05-07T14:34:35-07:00,2026-05-07,14,4,Thursday,[AI] Add CSV export on page Responses tab,128,37,165,1,0,1
a2c3004dda02b1f192f33314fa37f1df1c4fea8b,Adam Berg,adam@xyzdigital.com,2026-05-07T14:34:52-07:00,2026-05-07,14,4,Thursday,[AI] Use PapaParse for page responses CSV export,16,26,42,1,0,1
92e83f97a4249c32efb4f6f1541c3ed5532d46f4,Adam Berg,adam@xyzdigital.com,2026-05-07T14:37:21-07:00,2026-05-07,14,4,Thursday,[AI] Move page responses Export CSV above stat cards,7,11,18,1,0,1
0e2e2c297679481fff89a605c817c0f00481acb7,Adam Berg,adam@xyzdigital.com,2026-05-07T14:42:33-07:00,2026-05-07,14,4,Thursday,[AI] E.164 phone formatting for responses columns named phone,38,2,40,1,0,1
ab8c7b026a76e010cb4ad7a9c541efa6199371bd,Adam Berg,adam@xyzdigital.com,2026-05-07T15:18:06-07:00,2026-05-07,15,4,Thursday,[AI] Show variant subtitle on read-only receipts and payment views.,10,4,14,1,0,1
ea6e03577078bd06cca3259aa63e14f3c917a4f9,Adam Berg,adam@xyzdigital.com,2026-05-07T15:47:32-07:00,2026-05-07,15,4,Thursday,[AI] Poll Payment by PI id instead of webhook handler on checkout success,12,6,18,1,0,1
c441b4d93343663f8ae0f23e0549a59850a21ee5,Adam Berg,adam@xyzdigital.com,2026-05-07T15:53:59-07:00,2026-05-07,15,4,Thursday,[AI] Surface PaymentIntent last_payment_error in checkout UI,21,1,22,3,0,1
68f871da32aa18ad31504c6d3dd551391b3f3505,Adam Berg,adam@xyzdigital.com,2026-05-07T16:06:32-07:00,2026-05-07,16,4,Thursday,[AI] Persist checkout line-item removals via PATCH retained indexes,175,78,253,3,0,1
fea13ff3f858be66be1efd5f00d23f00cf446376,Adam Berg,adam@xyzdigital.com,2026-05-07T16:08:40-07:00,2026-05-07,16,4,Thursday,[AI] Derive checkout line removals from lineItemVariants subsequence,30,113,143,3,0,1
73589810b637b18609215144477da9963b0bfd41,Adam Berg,adam@xyzdigital.com,2026-05-12T08:15:53-07:00,2026-05-12,8,2,Tuesday,Add debug log for getRecipients for filters,3,0,3,1,0,0
2ca9aaf9927ef9941173985831a5aacf5262bd86,Adam Berg,adam@xyzdigital.com,2026-05-12T08:25:51-07:00,2026-05-12,8,2,Tuesday,[AI] Fix has_not_purchased MongoDB $expr: wrap $in in $not array,8,3,11,1,0,1
4646ed681f8eb3b58ee2ba71beca06174b195d36,Adam Berg,adam@xyzdigital.com,2026-05-12T08:28:50-07:00,2026-05-12,8,2,Tuesday,[AI] Simplify has_not_purchased product filter using in-memory exclusion,9,19,28,1,0,1
0026e6869871515dc8aba70c27be8359db15247e,Adam Berg,adam@xyzdigital.com,2026-05-12T08:30:17-07:00,2026-05-12,8,2,Tuesday,[AI] Add debug logging for has_not_purchased filter branch,15,1,16,1,0,1
8d332398386528f3e7cef66a556140af17dfaa99,Adam Berg,adam@xyzdigital.com,2026-05-12T08:39:23-07:00,2026-05-12,8,2,Tuesday,Remove console logs,5,19,24,3,0,0
07d864ae45becea7ee325e9a310eaa5390b75158,Adam Berg,adam@xyzdigital.com,2026-05-12T08:43:51-07:00,2026-05-12,8,2,Tuesday,[AI] Match product purchase payments by phone for SMS channel,52,8,60,1,0,1
3e1b784d95cded0d48fc1ab429ed26aa4c8340c4,Adam Berg,adam@xyzdigital.com,2026-05-13T10:36:27-07:00,2026-05-13,10,3,Wednesday,[AI] Orders route at /sales/orders; link email to contact when lead exists,35,16,51,7,0,1
5b5b96c42fb7e19ce6c9311c35c073289ff5b5e3,Adam Berg,adam@xyzdigital.com,2026-05-13T10:37:13-07:00,2026-05-13,10,3,Wednesday,[AI] Orders: always underline links,4,4,8,1,0,1
f902677f5e995b8dd870d176b5810b7ea86d5b99,Adam Berg,adam@xyzdigital.com,2026-05-14T16:38:47-07:00,2026-05-14,16,4,Thursday,[AI] Persist checkout line snapshot with PI sync so Payment.purchasedProducts includes shipping and protection.,165,79,244,3,0,1
6ab4c7b6befcf938bd93882a321660457dc989bb,Adam Berg,adam@xyzdigital.com,2026-05-14T18:58:16-07:00,2026-05-14,18,4,Thursday,[AI] Allow editing order shipping in admin.,252,5,257,2,0,1
4a3783607862a0c0fe7e541fd3308b45681d8929,Adam Berg,adam@xyzdigital.com,2026-05-15T07:07:34-07:00,2026-05-15,7,5,Friday,[AI] Add manual order creation with shared OrderForm,751,413,1164,9,0,1
24f255186b0b0ce026b4562df45b8c2be8338caf,Adam Berg,adam@xyzdigital.com,2026-05-15T07:16:20-07:00,2026-05-15,7,5,Friday,[AI] Support editing order line items (purchasedProducts) in admin.,387,9,396,3,0,1
4e26e5d248b943a48dc9a96688137c8aa268c4b2,Adam Berg,adam@xyzdigital.com,2026-05-15T07:18:39-07:00,2026-05-15,7,5,Friday,[AI] Add line items to new order flow and persist on create,159,135,294,2,0,1
23357ebd1936273cc5cc71e5ba8b027f5aaefcd7,Adam Berg,adam@xyzdigital.com,2026-05-15T07:21:14-07:00,2026-05-15,7,5,Friday,[AI] Order line items: catalog product and variant selects,188,89,277,1,0,1
bd3451d3ca01cb3c00387a546c564674bcb1e6f6,Adam Berg,adam@xyzdigital.com,2026-05-15T07:21:46-07:00,2026-05-15,7,5,Friday,[AI] Full-width product and variant selects in OrderForm line items,2,2,4,1,0,1
dcd3f0c05485afde0898a154a3a6ef531ac7a8ec,Adam Berg,adam@xyzdigital.com,2026-05-15T07:22:43-07:00,2026-05-15,7,5,Friday,[AI] Widen and center order create/edit layout,25,17,42,3,0,1
0f122a8ec20aa985b4a89787b80a3516a0ef4765,Adam Berg,adam@xyzdigital.com,2026-05-15T07:24:21-07:00,2026-05-15,7,5,Friday,[AI] Allow zero order amounts in OrderForm and createPayment API.,7,4,11,2,0,1
fdf8d6992e4ac419c111b1f81f54fefc14c38afc,Adam Berg,adam@xyzdigital.com,2026-05-15T07:26:27-07:00,2026-05-15,7,5,Friday,"[AI] Edit order: customer contact, amount, currency",102,25,127,2,0,1
06bc170e5cc82c11722dce1b1e5a7ec48b239f58,Adam Berg,adam@xyzdigital.com,2026-05-15T07:28:27-07:00,2026-05-15,7,5,Friday,[AI] Show zero-amount orders in list and payments API,2,2,4,2,0,1
dba9660881105e584b3b86e187f6e4b01b648c08,Adam Berg,adam@xyzdigital.com,2026-05-15T07:30:27-07:00,2026-05-15,7,5,Friday,[AI] Orders actions menu and payment delete API,189,25,214,4,0,1
1e5c1370cbe75469eb785ed1c04d4dbcfa18a96f,Adam Berg,adam@xyzdigital.com,2026-05-15T07:33:23-07:00,2026-05-15,7,5,Friday,Re-arrange edit in dropdwon,6,6,12,1,0,0
c8768cc851d7473a2d77ebecebf8a0a2c38f17c0,Adam Berg,adam@xyzdigital.com,2026-05-15T08:34:38-07:00,2026-05-15,8,5,Friday,[AI] Replace EasyShip Delete button with overflow menu,274,0,274,1,0,1
40cc6c38160e3c6e4ccf035c772c96e25041c8c9,Adam Berg,adam@xyzdigital.com,2026-05-15T08:42:32-07:00,2026-05-15,8,5,Friday,Add sync new route,424,271,695,10,0,0
08024e469406cbebe708c03e1b34fcb6275b80c4,Adam Berg,adam@xyzdigital.com,2026-05-15T09:17:16-07:00,2026-05-15,9,5,Friday,[AI] Allow Easyship re-sync: delete existing shipments then recreate,115,44,159,6,0,1
0d620e265d00cc74b80dc0779546450d28b5177b,Adam Berg,adam@xyzdigital.com,2026-05-15T09:26:32-07:00,2026-05-15,9,5,Friday,Allow streaming results,402,57,459,6,0,0
423b264ba905710f1e6cc6fdac0c3570077b772a,Adam Berg,adam@xyzdigital.com,2026-05-15T09:35:27-07:00,2026-05-15,9,5,Friday,Fetch shipment before resyncing,55,0,55,2,0,0
c8528e2c93eb08168291ccd38b9f15894ea84563,Adam Berg,adam@xyzdigital.com,2026-05-15T09:41:30-07:00,2026-05-15,9,5,Friday,[AI] Store Easyship shipments as easyship.shipments with label state,68,27,95,6,0,1
e06fc48ce77a23b24d23a383eb20e3f019c44702,Adam Berg,adam@xyzdigital.com,2026-05-15T09:43:10-07:00,2026-05-15,9,5,Friday,[AI] Persist Easyship labelState on resync when API differs from Payment,29,10,39,1,0,1
dee5d893065f7ed9b0b645de1f7dd9e2649b9486,Adam Berg,adam@xyzdigital.com,2026-05-15T09:43:49-07:00,2026-05-15,9,5,Friday,[AI] Resync EasyShip by iterating stored shipments,7,8,15,1,0,1
34e69f1fede53d031c726d97f642b1d563c7ae36,Adam Berg,adam@xyzdigital.com,2026-05-15T09:44:46-07:00,2026-05-15,9,5,Friday,[AI] Set full easyship.shipments array on label sync during resync,8,7,15,1,0,1
e12bdc1ed7f927a823f6e2449361f35e4b282410,Adam Berg,adam@xyzdigital.com,2026-05-15T09:47:08-07:00,2026-05-15,9,5,Friday,[AI] EasyShip resync: preserve shipments with labels beyond draft,63,14,77,1,0,1
7a98c75652238e7687b70fdc25e9e5ee4c79746d,Adam Berg,adam@xyzdigital.com,2026-05-15T09:52:19-07:00,2026-05-15,9,5,Friday,Remove timeout for easyship sync apis,6,2,8,2,0,0
12a4bf1dd680697039a335d3fc89cbd1987332ed,Adam Berg,adam@xyzdigital.com,2026-05-15T13:17:44-07:00,2026-05-15,13,5,Friday,[AI] Sort GET /api/products by createdAt descending.,1,0,1,1,0,1
6356493c831bea4306a279e89b4d69b1b9b1f729,Adam Berg,adam@xyzdigital.com,2026-05-16T07:33:30-07:00,2026-05-16,7,6,Saturday,[AI] Filter recipients by PageResponse formHtmlId for page filters.,119,7,126,5,0,1
6b8a65044d5324b101f0d854ba496ad44a243fbb,Adam Berg,adam@xyzdigital.com,2026-05-17T12:29:12-07:00,2026-05-17,12,0,Sunday,[AI] Add Orders page CSV export of full payment documents.,56,4,60,1,0,1
bffd15199fbab962e94336dc279367a5d94a9195,Adam Berg,adam@xyzdigital.com,2026-05-17T12:33:30-07:00,2026-05-17,12,0,Sunday,[AI] Flatten payment CSV export for purchasedProducts and shipping.,93,7,100,1,0,1
7f791b149d1c9ebc78045b82b403ced9f1327d60,Adam Berg,adam@xyzdigital.com,2026-05-17T16:41:41-07:00,2026-05-17,16,0,Sunday,[AI] Add Send shipment email from edit order (Easyship parcels + tracking).,486,2,488,9,0,1
3523eb00758c12a5289a2513f2b42861b4251231,Adam Berg,adam@xyzdigital.com,2026-05-17T16:50:38-07:00,2026-05-17,16,0,Sunday,[AI] Shipment email lists Product easyship.items labels (name).,73,3,76,4,0,1
5ae9e9c2299beffe02f665ac73903c77a4645770,Adam Berg,adam@xyzdigital.com,2026-05-18T10:00:15-07:00,2026-05-18,10,1,Monday,[AI] Per-page shipment email template and Payment.page,142,12,154,7,0,1
1ac0ea914de7716202ab450f8b2c802d040ab8c0,Adam Berg,adam@xyzdigital.com,2026-05-18T10:00:33-07:00,2026-05-18,10,1,Monday,[AI] Nest shipment notification email under checkoutSettings,7,7,14,2,0,1
7d6549a107e7cd3a51b434ce6177e821154a3cef,Adam Berg,adam@xyzdigital.com,2026-05-18T10:58:22-07:00,2026-05-18,10,1,Monday,Add handlebars to shipping notication email,73,33,106,3,0,0
4591f3cf2e6110ca8b557b60bc1dada1b87a2477,Adam Berg,adam@xyzdigital.com,2026-05-18T11:52:22-07:00,2026-05-18,11,1,Monday,[AI] Add Orders tab to page editor with per-page payments list,324,3,327,5,0,1
b32d414adfbd72e065016fa89d2065d4eb4b1a22,Adam Berg,adam@xyzdigital.com,2026-05-18T12:01:30-07:00,2026-05-18,12,1,Monday,[AI] Add bulk shipment notifications for page orders,568,293,861,9,0,1
6f24c24937be51aaa5fbe5fcf34c0e82adab4a74,Adam Berg,adam@xyzdigital.com,2026-05-18T12:06:31-07:00,2026-05-18,12,1,Monday,[AI] Batch page shipment emails via SendGrid personalizations,592,263,855,5,0,1
0b6bcecbec1c966c596b0f834c6371207a2f2f93,Adam Berg,adam@xyzdigital.com,2026-05-18T12:07:46-07:00,2026-05-18,12,1,Monday,[AI] Fix Bun parse error in product id filter,1,3,4,1,0,1
9df5a4a393ed2bc0bbd2b03bc20d3238b2e6b13c,Adam Berg,adam@xyzdigital.com,2026-05-18T12:20:55-07:00,2026-05-18,12,1,Monday,[AI] Add shipment email preview for orders,305,74,379,8,0,1
6edd3fc4d48184a3c2015f84eb5977bb5d10f45a,Adam Berg,adam@xyzdigital.com,2026-05-19T12:05:31-07:00,2026-05-19,12,2,Tuesday,[AI] Add save-card checkout flow via SetupIntent,706,107,813,15,0,1
a99e1f1ccd32bdb4889ff5e88845a0817ab7c899,Adam Berg,adam@xyzdigital.com,2026-05-20T09:43:40-07:00,2026-05-20,9,3,Wednesday,[AI] Split integration settings into per-integration routes with gear icons,1725,985,2710,14,0,1
f99923fed9384c11c5ea69798fb1d1fe598d71e3,Adam Berg,adam@xyzdigital.com,2026-05-20T09:45:23-07:00,2026-05-20,9,3,Wednesday,[AI] Add Laylo integration with API key on create,543,0,543,11,0,1
ba18c701007c2eaa4399f278d3ac13e4dd6174ff,Adam Berg,adam@xyzdigital.com,2026-05-20T09:49:43-07:00,2026-05-20,9,3,Wednesday,[AI] Add Laylo Create Subscriber automation step,121,4,125,9,0,1
edb2b01ec57598ea161d62e970d09e06ebeb0e14,Adam Berg,adam@xyzdigital.com,2026-05-20T09:59:26-07:00,2026-05-20,9,3,Wednesday,Don't make data required on AutomationRun,1,2,3,1,0,0
7c939d2899df5d8b7c7c404c4a3d013cd3b76643,Adam Berg,adam@xyzdigital.com,2026-05-20T10:13:47-07:00,2026-05-20,10,3,Wednesday,[AI] Add Manychat integration and automation create subscriber step,822,7,829,22,0,1
bc782be11b65ab5ea3d971c97be4dfc6513d18c0,Adam Berg,adam@xyzdigital.com,2026-05-20T10:21:31-07:00,2026-05-20,10,3,Wednesday,[AI] Map Contact Manychat ID form field to lead manychat.id,5,0,5,1,0,1
73944e71c99cf750f6ea19d4befd5cccd5cdd4cd,Adam Berg,adam@xyzdigital.com,2026-05-20T10:25:53-07:00,2026-05-20,10,3,Wednesday,[AI] Add automation run detail view with full JSON data,120,3,123,4,0,1
3ccbd3297c47f65199dfbf422b4cbced7b295643,Adam Berg,adam@xyzdigital.com,2026-05-20T10:52:29-07:00,2026-05-20,10,3,Wednesday,[AI] Put quantity select below variant in checkout,49,52,101,1,0,1
3d6ac53d147b9c4719706fc47dbea25dac2ceb50,Adam Berg,adam@xyzdigital.com,2026-05-20T10:53:50-07:00,2026-05-20,10,3,Wednesday,"[AI] Show single checkout variant as text, not dropdown",41,28,69,2,0,1
0cd210c66bdbfcde8126c3009abc79b5d8ac247b,Adam Berg,adam@xyzdigital.com,2026-05-20T12:39:46-07:00,2026-05-20,12,3,Wednesday,[AI] Pre-fill checkout contact fields from sessionStorage,36,3,39,1,0,1
ec6ab7b2e268b365e15c47b6533ef699bd43d90b,Adam Berg,adam@xyzdigital.com,2026-05-20T12:47:18-07:00,2026-05-20,12,3,Wednesday,[AI] Add configurable checkout submit button text,50,6,56,8,0,1
a678d90a34dca7c3bd5f4ecbeabda0332beb74bb,Adam Berg,adam@xyzdigital.com,2026-05-20T12:58:32-07:00,2026-05-20,12,3,Wednesday,[AI] Add Beehiiv integration and create-subscriber automation step,797,5,802,21,0,1
a5e16b4e3d4dc79c13c0ca7f34112a6b6be4f1d3,Adam Berg,adam@xyzdigital.com,2026-05-20T14:45:14-07:00,2026-05-20,14,3,Wednesday,[AI] Stay on edit pages after save,5,14,19,4,0,1
275cabeea6c87a54e19ef39908d5bfa834bf02ba,Adam Berg,adam@xyzdigital.com,2026-05-20T14:45:54-07:00,2026-05-20,14,3,Wednesday,[AI] Remove cancel button from product edit,0,20,20,2,0,1
1083c55d2bf5719718c6ed55c62ae1c89a838ca5,Adam Berg,adam@xyzdigital.com,2026-05-20T14:46:47-07:00,2026-05-20,14,3,Wednesday,[AI] Remove cancel from order and contact edit,6,13,19,2,0,1
6272b619d05ff955040e4e9c793f38328a44758d,Adam Berg,adam@xyzdigital.com,2026-05-21T15:06:24-07:00,2026-05-21,15,4,Thursday,[AI] Add script to backfill lead names from payment shipping,160,0,160,1,0,1
5098139783e813af89fa138a01318ec6159c23a4,Adam Berg,adam@xyzdigital.com,2026-05-21T15:16:10-07:00,2026-05-21,15,4,Thursday,Update lead name when shipping info is set,100,2,102,4,0,0
68a6e9d4617d2c120397eb9e7914004faaf48721,Adam Berg,adam@xyzdigital.com,2026-05-21T15:19:05-07:00,2026-05-21,15,4,Thursday,[AI] Update lead purchase stats when payments are created,88,1,89,4,0,1
71eefb20ec36792ba323a732c312b8bfe7740525,Adam Berg,adam@xyzdigital.com,2026-05-21T15:20:01-07:00,2026-05-21,15,4,Thursday,[AI] Revert lead purchase stats when payment is deleted,96,36,132,3,0,1
9c79d2d39b49f73e164b5c435e97c1cf1a57595c,Adam Berg,adam@xyzdigital.com,2026-05-21T15:23:09-07:00,2026-05-21,15,4,Thursday,[AI] Add searchable contact picker to order edit,430,12,442,7,0,1
570385af8904e29a3c57e5e415b3cd869dcea825,Adam Berg,adam@xyzdigital.com,2026-05-21T15:24:29-07:00,2026-05-21,15,4,Thursday,[AI] Remove clear button and view contact link from picker,64,96,160,2,0,1
b7f224e609a4dbc2dec6616f19f3df455c7087f2,Adam Berg,adam@xyzdigital.com,2026-05-21T15:25:00-07:00,2026-05-21,15,4,Thursday,[AI] Hide unnamed contacts from order contact picker,28,3,31,2,0,1
d9eec2d44d3d8aab918cbe5b5215b787101b46d6,Adam Berg,adam@xyzdigital.com,2026-05-21T15:26:00-07:00,2026-05-21,15,4,Thursday,[AI] Add contact selection when creating orders,45,2,47,2,0,1
58ff006aaa61e84f81ef106d56b1d94279b54cba,Adam Berg,adam@xyzdigital.com,2026-05-22T10:03:59-07:00,2026-05-22,10,5,Friday,[AI] Add flows.trigger API scope and POST /api/flows/:id/trigger route,203,0,203,6,0,1
f06053b3fb2565c83f564d418c9492cf8f8f0853,Adam Berg,adam@xyzdigital.com,2026-05-22T10:42:04-07:00,2026-05-22,10,5,Friday,[AI] Duplicate FLOWS_TRIGGER_SCOPE in apiKeyScopes,1,1,2,1,0,1
82587fdc7baa725992b02ae195e3122e44fc904c,Adam Berg,adam@xyzdigital.com,2026-05-22T10:44:03-07:00,2026-05-22,10,5,Friday,[AI] Add optional name field to API keys,605,0,605,10,0,1
992ceddb374474af9f2d62c130495aa9bb90fd90,Adam Berg,adam@xyzdigital.com,2026-05-22T10:47:43-07:00,2026-05-22,10,5,Friday,[AI] Upsert lead from Manychat subscriber when triggering flow without leadId,198,19,217,3,0,1
ef4cf3879aa0263888feed7597966505f938b2f3,Adam Berg,adam@xyzdigital.com,2026-05-22T10:51:47-07:00,2026-05-22,10,5,Friday,[AI] Upsert lead from subscriber only in triggerFlow,12,42,54,1,0,1
679270073c09aa008d8770ae6dd7051603754aaa,Adam Berg,adam@xyzdigital.com,2026-05-22T10:57:00-07:00,2026-05-22,10,5,Friday,[AI] Move Manychat contact sync to ManychatController,44,86,130,7,0,1
090543beca8d8e2c789e51f90c23f1ca097a7203,Adam Berg,adam@xyzdigital.com,2026-05-22T11:05:27-07:00,2026-05-22,11,5,Friday,[AI] Route Manychat lead sync through createOrUpdateLead for automation triggers,38,59,97,2,0,1
66874538bf2922113f78528ba0b129cb48c4506d,Adam Berg,adam@xyzdigital.com,2026-05-22T11:13:57-07:00,2026-05-22,11,5,Friday,[AI] Replace deprecated mongoose `new` option with returnDocument,1,1,2,1,0,1
7dfb3d6c2c80b24e439c6e6a0cda843fd990a52d,Adam Berg,adam@xyzdigital.com,2026-05-22T11:20:40-07:00,2026-05-22,11,5,Friday,Remove log,0,1,1,1,0,0
ed47b09c73331e876054c28b584f0a35e048c908,Adam Berg,adam@xyzdigital.com,2026-05-22T11:36:08-07:00,2026-05-22,11,5,Friday,[AI] Skip Laylo subscriber step when lead has no phone,1,1,2,1,0,1
18f898eafe560317ed2bb9d4dcfe5c5f5a737b7d,Adam Berg,adam@xyzdigital.com,2026-05-22T11:42:02-07:00,2026-05-22,11,5,Friday,lowercase email from manychat,1,1,2,1,0,0
2d13f55b9493e239ca48b33d7111a935a583ed24,Adam Berg,adam@xyzdigital.com,2026-05-22T11:55:25-07:00,2026-05-22,11,5,Friday,[AI] Pass email and/or phone to Laylo subscribeToUser mutation,22,6,28,1,0,1
00b543cd202409799b4fd8b393759ea3a8f58e20,Adam Berg,adam@xyzdigital.com,2026-05-22T11:57:24-07:00,2026-05-22,11,5,Friday,[AI] Return early when lead has no Manychat subscriber ID,1,1,2,1,0,1
989f26d1440c29e61ef95ee57c41d1e8fff2c18d,Adam Berg,adam@xyzdigital.com,2026-05-22T12:23:37-07:00,2026-05-22,12,5,Friday,[AI] Add contact type dropdown to Laylo subscriber step,81,13,94,5,0,1
f70ac8d43ae462294c9264f40aced9dc079f47c6,Adam Berg,adam@xyzdigital.com,2026-05-22T14:07:59-07:00,2026-05-22,14,5,Friday,[AI] Add skipHandleNewLead query param to Manychat sync endpoint,8,1,9,3,0,1
6908f67edf1e3acb7dfe86e579222afbf1cecaa0,Adam Berg,adam@xyzdigital.com,2026-05-23T08:28:44-07:00,2026-05-23,8,6,Saturday,[AI] Add Instagram merge duplicates page and API,299,1,300,5,0,1
b0ef5edebc255f4fe4b6d8bc0c66003fdef63fd9,Adam Berg,adam@xyzdigital.com,2026-05-23T08:30:57-07:00,2026-05-23,8,6,Saturday,[AI] Show createdAt instead of purchases on Instagram merge leads,12,4,16,1,0,1
e52df8dc42ea6c963c7f5a34b4116b2cfb4139d3,Adam Berg,adam@xyzdigital.com,2026-05-23T08:35:51-07:00,2026-05-23,8,6,Saturday,[AI] Add Instagram duplicate lead merge UI and API,343,26,369,7,0,1
6daaaebee064880e0c2a96ba24ed5459db06bb7a,Adam Berg,adam@xyzdigital.com,2026-05-23T08:40:07-07:00,2026-05-23,8,6,Saturday,[AI] Always use earliest joinedAt when merging Instagram leads,31,1,32,1,0,1
c9f9f15c3bc73b1fb281012fb3ada2c1aead5e36,Adam Berg,adam@xyzdigital.com,2026-05-23T08:41:48-07:00,2026-05-23,8,6,Saturday,"[AI] Remove track, album, supportTier, livestream, source from Instagram merge fields",0,10,10,1,0,1
1fa11ea3b53185b9062288e2b756fdf39a196fdf,Adam Berg,adam@xyzdigital.com,2026-05-23T08:44:47-07:00,2026-05-23,8,6,Saturday,[AI] Replace Instagram merge table with ag-grid,383,205,588,3,0,1
5b4886024316577366a46529721eaed358929fcf,Adam Berg,adam@xyzdigital.com,2026-05-23T08:47:09-07:00,2026-05-23,8,6,Saturday,[AI] Use AG Grid row grouping for Instagram merge duplicates,110,219,329,3,0,1
b8062c6194c8d9b2e1c56a521ec39fb65a17b7dc,Adam Berg,adam@xyzdigital.com,2026-05-23T08:48:09-07:00,2026-05-23,8,6,Saturday,[AI] Fix isRowSelectable callback signature in Instagram merge grid,2,3,5,1,0,1
d0c9a26a3f10bd6c2637df989ef156563d70c56d,Adam Berg,adam@xyzdigital.com,2026-05-23T08:50:44-07:00,2026-05-23,8,6,Saturday,[AI] Enable text selection in Instagram merge grid,2,1,3,1,0,1
36e211aa6a1c83fe686afd1acf1b840f36459347,Adam Berg,adam@xyzdigital.com,2026-05-23T08:55:43-07:00,2026-05-23,8,6,Saturday,[AI] Batch-fetch leads and bulk-write Instagram merge updates,61,29,90,1,0,1
c0b03d9e5679664b47afe01c1b36d5ec144becaf,Adam Berg,adam@xyzdigital.com,2026-05-23T08:58:42-07:00,2026-05-23,8,6,Saturday,[AI] Show column values on Instagram merge group rows,64,19,83,1,0,1
16435eee4825b5ed243c77b82dbf39046e8180ea,Adam Berg,adam@xyzdigital.com,2026-05-23T09:01:29-07:00,2026-05-23,9,6,Saturday,[AI] Return mergedLead preview from Instagram merge API,116,56,172,3,0,1
93cda29898b8874272647969ac8e647b0b333ed1,Adam Berg,adam@xyzdigital.com,2026-05-23T09:02:09-07:00,2026-05-23,9,6,Saturday,[AI] Show joinedAt instead of createdAt in Instagram merge table,3,4,7,1,0,1
d09689352e7aa937d0dd4197bf7cf304a6e08ee1,Adam Berg,adam@xyzdigital.com,2026-05-23T09:03:48-07:00,2026-05-23,9,6,Saturday,[AI] Lowercase email when merging Instagram duplicate leads,36,2,38,1,0,1
91e56fea46655fabecf19bc764a2403116c3f889,Adam Berg,adam@xyzdigital.com,2026-05-23T09:04:48-07:00,2026-05-23,9,6,Saturday,[AI] Add confirmation before Instagram merge,7,0,7,1,0,1
7556d934f9392e4e1664a1919d3c21966587f1ae,Adam Berg,adam@xyzdigital.com,2026-05-23T09:08:09-07:00,2026-05-23,9,6,Saturday,[AI] Add email merge page for duplicate contacts,671,1,672,9,0,1
3d8741dccdf60f42b31a73ed7e6b2713caef4ddc,Adam Berg,adam@xyzdigital.com,2026-05-23T09:12:52-07:00,2026-05-23,9,6,Saturday,[AI] Add phone number merge page and API,732,0,732,8,0,1
8b42fb6ee3b2ced60187a12576bf7cc4f1354709,Adam Berg,adam@xyzdigital.com,2026-05-23T09:15:36-07:00,2026-05-23,9,6,Saturday,[AI] Fix phone merge grid group expansion and dedupe Phone column,15,25,40,1,0,1
42aa2e77910f554a3cb7f298c67486263ff8cf62,Adam Berg,adam@xyzdigital.com,2026-05-23T09:16:35-07:00,2026-05-23,9,6,Saturday,[AI] Skip invalid phone numbers in merge duplicate groups,18,2,20,2,0,1
3283f4c814a371074311652cec03d232bebb7ba2,Adam Berg,adam@xyzdigital.com,2026-05-23T09:26:35-07:00,2026-05-23,9,6,Saturday,[AI] Add email exists filter to recipient filters,73,5,78,3,0,1
156134ae66efefd6895f7143d3fe34077b2806aa,Adam Berg,adam@xyzdigital.com,2026-05-25T08:25:33-07:00,2026-05-25,8,1,Monday,[AI] Remove contactCustomFields logic from patchCheckout,1,25,26,1,0,1
81b99158c5404ed82618a1cd0cfe983cf1cc4117,Adam Berg,adam@xyzdigital.com,2026-05-25T08:29:54-07:00,2026-05-25,8,1,Monday,[AI] Add POST /api/checkout to create Checkout documents,281,2,283,3,0,1
35376e9cbd71cda255fb961be1a7ed1eb2fedf2a,Adam Berg,adam@xyzdigital.com,2026-05-25T08:36:02-07:00,2026-05-25,8,1,Monday,[AI] Allow firstName and lastName on POST /api/checkout,32,0,32,2,0,1
cef66ab292482e3cae808c39fe1908f8149a86e2,Adam Berg,adam@xyzdigital.com,2026-05-25T08:43:41-07:00,2026-05-25,8,1,Monday,[AI] Default checkout quantities from stored line items,49,10,59,3,0,1
a5826669a40a0261678a7e25c15ab623f303428f,Adam Berg,adam@xyzdigital.com,2026-05-25T08:51:30-07:00,2026-05-25,8,1,Monday,[AI] Persist checkout line items only on explicit cart/variant changes,168,66,234,1,0,1
a466d34b7d7236cb2bd0b2aa15e4d46884d0a812,Adam Berg,adam@xyzdigital.com,2026-05-25T08:58:04-07:00,2026-05-25,8,1,Monday,[AI] Throw when checkout artist has no Stripe config,6,3,9,1,0,1
6b1f2f1321d61b43b4fba10ffd3c306d99a93a78,Adam Berg,adam@xyzdigital.com,2026-05-25T10:45:00-07:00,2026-05-25,10,1,Monday,[AI] Allow patch checkout to add products not on original checkout,98,33,131,2,0,1
661e9708c1b25b1212907cae76c84e0f302635fd,Adam Berg,adam@xyzdigital.com,2026-05-25T10:56:34-07:00,2026-05-25,10,1,Monday,[AI] Add optional checkout orderBump upsell with shipping-protection-style UI,662,11,673,13,0,1
daf54ff15c97a16882f523e0cc620802c180b5af,Adam Berg,adam@xyzdigital.com,2026-05-25T11:55:34-07:00,2026-05-25,11,1,Monday,[AI] Allow setting orderBump via PATCH /api/checkout/:id,112,71,183,3,0,1
bc34f58a5a14ec94e1823002f85a16a4f36b6741,Adam Berg,adam@xyzdigital.com,2026-05-25T12:04:01-07:00,2026-05-25,12,1,Monday,[AI] Add orderBump preSelected flag for hosted checkout opt-in default,49,6,55,5,0,1
b219fd60393e40509f8696c1ce10f20de0651288,Adam Berg,adam@xyzdigital.com,2026-05-25T12:11:26-07:00,2026-05-25,12,1,Monday,[AI] Send full lineItems array in checkout PATCH,239,394,633,5,0,1
eee6d8a356f4fd54981242ef84c23b6f74e483a1,Adam Berg,adam@xyzdigital.com,2026-05-25T15:18:13-07:00,2026-05-25,15,1,Monday,[AI] Allow checkout create API to set page and success options,158,1,159,1,0,1
0bf57e19cde086577acf45e914c65844b8b41a9b,Adam Berg,adam@xyzdigital.com,2026-05-25T15:21:51-07:00,2026-05-25,15,1,Monday,[AI] Set productId on checkout line items when order bump is a product,69,23,92,3,0,1
f9b72352e3306c1aa2a70fd8eeb1475ac3b0a02f,Adam Berg,adam@xyzdigital.com,2026-05-25T15:39:17-07:00,2026-05-25,15,1,Monday,[AI] Add custom context for checkout-triggered AutomationRuns,82,0,82,8,0,1
eb4fcb560f244f12b14d8cbfdcc349abff0a9d81,Adam Berg,adam@xyzdigital.com,2026-05-25T15:49:07-07:00,2026-05-25,15,1,Monday,[AI] Upsert lead when creating checkout via API,26,0,26,1,0,1
d251f6c972e4e159e1003a9da5be014a480144a4,Adam Berg,adam@xyzdigital.com,2026-05-26T14:53:07-07:00,2026-05-26,14,2,Tuesday,[AI] Add hasProduct Handlebars helper for automation emails,32,3,35,1,0,1
42a0d057892b629742e15eaea4ec7f8484dad486,Adam Berg,adam@xyzdigital.com,2026-05-26T15:47:43-07:00,2026-05-26,15,2,Tuesday,[AI] Add ticket product type and per-unit payment attendance tracking,438,22,460,14,0,1
93500fd7aa8cf6cbe43fc78696328e433852ea30,Adam Berg,adam@xyzdigital.com,2026-05-26T15:49:27-07:00,2026-05-26,15,2,Tuesday,[AI] Move ProductTypeEnum to types folder for FE imports,19,17,36,8,0,1
c6de0a157dfd6096f05d171aa9f2be20853c748e,Adam,adam@xyzdigital.com,2026-05-27T09:13:07-07:00,2026-05-27,9,3,Wednesday,Merge pull request #1 from xyz-digital/ticket-products,0,0,0,0,1,0
29638b24ec502c95b3f8e899c6b02292f9e28939,Adam Berg,adam@xyzdigital.com,2026-05-27T09:15:18-07:00,2026-05-27,9,3,Wednesday,[AI] Add Collect Payment option to Orders dropdown,22,15,37,1,0,1
70608d2ad90045c09ff8c0d9d0c7f9b781dd26bc,Adam Berg,adam@xyzdigital.com,2026-05-27T09:41:06-07:00,2026-05-27,9,3,Wednesday,[AI] Add Stripe Terminal collect payment route and settings,1072,7,1079,16,0,1
8f38ab0e8065666b6eaec056477582d3577ec57d,Adam Berg,adam@xyzdigital.com,2026-05-27T09:51:28-07:00,2026-05-27,9,3,Wednesday,[AI] Move PaymentSchemaType to shared types folder,114,107,221,5,0,1
f2221a0fc1a7c5d768f13971d87e3b182a817b9c,Adam Berg,adam@xyzdigital.com,2026-05-27T09:51:42-07:00,2026-05-27,9,3,Wednesday,Merge branch 'stripe-terminal',0,0,0,0,1,0
9d864623d4a766a4c1575eda977b72f2bc4725a9,Adam Berg,adam@xyzdigital.com,2026-05-27T10:00:18-07:00,2026-05-27,10,3,Wednesday,[AI] Move loadProductTypeById to PaymentService,23,20,43,3,0,1
a3f6b143e63968cde97c70c0f31fd7c929773766,Adam Berg,adam@xyzdigital.com,2026-05-27T10:00:41-07:00,2026-05-27,10,3,Wednesday,[AI] Move applyTicketAttendanceForProductIds to PaymentService,21,18,39,5,0,1
25edc908c2bf8b4d184ae964d7604c5a56485911,Adam Berg,adam@xyzdigital.com,2026-05-27T10:02:12-07:00,2026-05-27,10,3,Wednesday,[AI] Add required Stripe Terminal disconnect handler,8,0,8,1,0,1
694c3f43857c1966db6269f07daa52ca1ef1a71f,Adam Berg,adam@xyzdigital.com,2026-05-27T10:12:30-07:00,2026-05-27,10,3,Wednesday,[AI] Default order currency from Stripe account on create,26,2,28,1,0,1
162c66880c7fbc91e62a16cb1556da36cb7325ae,Adam Berg,adam@xyzdigital.com,2026-05-27T10:35:03-07:00,2026-05-27,10,3,Wednesday,[AI] Hide order nav chrome on new order page,14,16,30,2,0,1
5025af0b7127f41dc5976ed1a5820be1bb91227d,Adam Berg,adam@xyzdigital.com,2026-05-27T10:35:31-07:00,2026-05-27,10,3,Wednesday,[AI] Hide order nav chrome on edit order page,8,24,32,2,0,1
4b23e6c7dcb0943fa9ec2941ba8778e89f9915bd,Adam Berg,adam@xyzdigital.com,2026-05-27T10:37:46-07:00,2026-05-27,10,3,Wednesday,[AI] Reorganize order form sections and labels,70,64,134,1,0,1
cc2914243b7a5e14f0e6d02a10bfbf4abfdf7837,Adam Berg,adam@xyzdigital.com,2026-05-27T10:39:36-07:00,2026-05-27,10,3,Wednesday,[AI] Improve order line defaults and auto-fill unit price from catalog,48,3,51,1,0,1
8ad2accafb2932fb83e24ad0e37d8987b47103bb,Adam Berg,adam@xyzdigital.com,2026-05-27T10:40:16-07:00,2026-05-27,10,3,Wednesday,[AI] Auto-fill order line description from product and variant,22,0,22,1,0,1
edf1e1cbcb60316d5d26272f5a48429ecd1e872a,Adam Berg,adam@xyzdigital.com,2026-05-27T10:45:26-07:00,2026-05-27,10,3,Wednesday,[AI] Add product archiving with admin tabs and grouped select dropdowns,382,88,470,19,0,1
48e1ed8852f4abdd4b1b54ec75c5b456f89b8362,Adam Berg,adam@xyzdigital.com,2026-05-27T10:46:12-07:00,2026-05-27,10,3,Wednesday,[AI] Allow archived products in checkout and storefront queries,22,25,47,9,0,1
9c0081ddb0909e4efed830e9b56e10c8c2f60f67,Adam Berg,adam@xyzdigital.com,2026-05-27T10:48:10-07:00,2026-05-27,10,3,Wednesday,[AI] Add product search filter to OrderForm product picker,50,4,54,1,0,1
cc93fe0ce3fb556c8bb5cd652a5e884ec88109d6,Adam Berg,adam@xyzdigital.com,2026-05-27T10:50:08-07:00,2026-05-27,10,3,Wednesday,[AI] Focus product search input when opening product dropdown,4,1,5,1,0,1
df31195383b9359f8927d01f2baf1ad9198e42cc,Adam Berg,adam@xyzdigital.com,2026-05-27T10:51:12-07:00,2026-05-27,10,3,Wednesday,[AI] Replace order product Select with Popover picker for search focus,234,71,305,2,0,1
db960dbad35c3895e742308d489d0a8c0d8213a7,Adam Berg,adam@xyzdigital.com,2026-05-27T10:53:09-07:00,2026-05-27,10,3,Wednesday,[AI] Consolidate shipping fulfillment controls into Shipping card,121,137,258,1,0,1
45058ad4ff6afd7385fe0e23baf4304809200d15,Adam Berg,adam@xyzdigital.com,2026-05-27T10:54:36-07:00,2026-05-27,10,3,Wednesday,"[AI] Add collapsible sections to OrderForm, default collapsed",141,27,168,1,0,1
872402f350c7c116392477ac6f6f42494c0d9238,Adam Berg,adam@xyzdigital.com,2026-05-27T10:56:10-07:00,2026-05-27,10,3,Wednesday,[AI] Fix breadcrumbs on order create and edit routes,19,6,25,2,0,1
7a500d6863d034562a51d7f9955cc3ed6c74bac1,Adam Berg,adam@xyzdigital.com,2026-05-27T10:57:26-07:00,2026-05-27,10,3,Wednesday,[AI] Move internal note to bottom Internal section,18,12,30,1,0,1
e370b0723cfd2b889dd095acc49da43ed5965232,Adam Berg,adam@xyzdigital.com,2026-05-27T10:59:03-07:00,2026-05-27,10,3,Wednesday,[AI] Expand new line item and collapse others on add,3,1,4,1,0,1
c99d1269df7a35451dcaa615bf3564e12f07256b,Adam Berg,adam@xyzdigital.com,2026-05-27T11:00:00-07:00,2026-05-27,11,3,Wednesday,[AI] Default OrderForm Items section to expanded,1,1,2,1,0,1
49e17559511dc6313dfbed66fd8c5329249772bd,Adam,adam@xyzdigital.com,2026-05-27T13:11:06-07:00,2026-05-27,13,3,Wednesday,[AI] Show unit price on OrderForm line item headers (#2),41,0,41,1,0,1
0b1721bf892db487793be733d0c0dd9e1de15c61,Adam Berg,adam@xyzdigital.com,2026-05-27T13:17:52-07:00,2026-05-27,13,3,Wednesday,[AI] Remove stripe-terminal complete payment route,0,18,18,2,0,1
7801460515e7f6210817c46ead81abfd4e09865b,Adam Berg,adam@xyzdigital.com,2026-05-27T13:19:52-07:00,2026-05-27,13,3,Wednesday,[AI] Stack order line items flush with muted detail panels,8,5,13,1,0,1
01078a7953adb4bc57ecacae2733ebc033226ea4,Adam Berg,adam@xyzdigital.com,2026-05-27T13:22:10-07:00,2026-05-27,13,3,Wednesday,[AI] Show payment amount next to Total section header,17,0,17,1,0,1
6d6d2dec8045addfd1e2ce324c76de2e7e185e01,Adam Berg,adam@xyzdigital.com,2026-05-27T13:24:53-07:00,2026-05-27,13,3,Wednesday,[AI] Keep edit order amount from payment until line items change,87,1,88,1,0,1
783de598eeb72abd402d80449a46ff05544843e9,Adam Berg,adam@xyzdigital.com,2026-05-27T13:26:48-07:00,2026-05-27,13,3,Wednesday,[AI] Start new orders with no default line item,2,4,6,1,0,1
18aeb5f96fd9912045f3768f92291ce810d05906,Adam Berg,adam@xyzdigital.com,2026-05-27T13:27:13-07:00,2026-05-27,13,3,Wednesday,[AI] Do not add default line item when editing orders,1,1,2,1,0,1
bb20a176cce2a69dba556ceda9f3e932c7110a20,Adam Berg,adam@xyzdigital.com,2026-05-27T13:28:53-07:00,2026-05-27,13,3,Wednesday,[AI] Keep Items order section always expanded,34,20,54,1,0,1
3364e4801926a5398c809346ee72a694da14cb11,Adam Berg,adam@xyzdigital.com,2026-05-27T13:30:01-07:00,2026-05-27,13,3,Wednesday,[AI] Hide Items section border when no line items,5,1,6,1,0,1
6feb506bda349f5e51899223086a6b54a4def3e3,Adam Berg,adam@xyzdigital.com,2026-05-27T13:31:31-07:00,2026-05-27,13,3,Wednesday,[AI] Allow only one open item line dropdown at a time,2,4,6,1,0,1
d5dfe0767a1dc7d7d5d31d2ed77d27c3f792cdea,Adam Berg,adam@xyzdigital.com,2026-05-27T13:32:34-07:00,2026-05-27,13,3,Wednesday,[AI] Highlight selected order line item instead of caret,34,10,44,1,0,1
91330565cd1ba3603b247fa475c6293b38148e4a,Adam Berg,adam@xyzdigital.com,2026-05-27T13:33:17-07:00,2026-05-27,13,3,Wednesday,[AI] Remove accent background from selected line item button,3,19,22,1,0,1
aff5f40bce0fea748c081d6340be2954d5ac1024,Adam Berg,adam@xyzdigital.com,2026-05-27T13:34:09-07:00,2026-05-27,13,3,Wednesday,[AI] Apply line item hover highlight to full header row,7,5,12,1,0,1
b46410f366552dac5ed3af787dfc0a6e9323b496,Adam Berg,adam@xyzdigital.com,2026-05-27T13:36:08-07:00,2026-05-27,13,3,Wednesday,[AI] Remove background colors from order line items,2,5,7,1,0,1
9df477668e8e6040c5d85bf0ada2e9d1c3c76c9b,Adam Berg,adam@xyzdigital.com,2026-05-27T13:36:58-07:00,2026-05-27,13,3,Wednesday,[AI] Make full line item header row clickable to expand,17,10,27,1,0,1
ac96931a937bca0434e33529b061abf7fa61e70e,Adam Berg,adam@xyzdigital.com,2026-05-27T13:38:03-07:00,2026-05-27,13,3,Wednesday,[AI] Keep hover background on expanded order line items,1,0,1,1,0,1
6fa1479f592c50d221f926462f20f34596298a8b,Adam Berg,adam@xyzdigital.com,2026-05-27T13:40:03-07:00,2026-05-27,13,3,Wednesday,[AI] Preserve payment total on order form load until line items change,11,1,12,1,0,1
4c4e13956f315bd099462719b331a1f40cf76b49,Adam Berg,adam@xyzdigital.com,2026-05-27T13:49:16-07:00,2026-05-27,13,3,Wednesday,[AI] Simplify order form actions with Save and Collect buttons,9,5,14,1,0,1
6b9f76d91d9faec7179d1465da4bd8c9eacf372c,Adam Berg,adam@xyzdigital.com,2026-05-27T13:49:52-07:00,2026-05-27,13,3,Wednesday,Remove rule,0,9,9,1,0,0
ef7f5561b54ee9fcd0f06713ea6bcd2a07be74cb,Adam Berg,adam@xyzdigital.com,2026-05-27T13:52:59-07:00,2026-05-27,13,3,Wednesday,[AI] Add editable payment status on orders with create default open,140,3,143,6,0,1
5b593d4fa01a35fb875ed7b4b4441400ede71525,Adam Berg,adam@xyzdigital.com,2026-05-27T13:55:04-07:00,2026-05-27,13,3,Wednesday,[AI] Redesign collect payment page as order summary table,111,22,133,1,0,1
5f4d2c4321574e95546b23a8540371ecfefbbef0,Adam Berg,adam@xyzdigital.com,2026-05-27T13:58:54-07:00,2026-05-27,13,3,Wednesday,[AI] Move Stripe Terminal connection to AppContext,489,355,844,5,0,1
13a94bb769b7d62e329c0e11c50ef4ca733ea7f7,Adam Berg,adam@xyzdigital.com,2026-05-27T14:01:27-07:00,2026-05-27,14,3,Wednesday,[AI] Allow terminal discover/connect on collect payment route,129,108,237,3,0,1
befbf871ee4e738c14b59fe1f5d17c72ada80eeb,Adam Berg,adam@xyzdigital.com,2026-05-27T14:02:34-07:00,2026-05-27,14,3,Wednesday,[AI] Show dollar sign and currency code on collect payment amounts,4,2,6,1,0,1
3262afc93b0bcdd3191a3a50c0626fd0a092789d,Adam Berg,adam@xyzdigital.com,2026-05-27T14:03:48-07:00,2026-05-27,14,3,Wednesday,[AI] Show dollar sign without currency code on collect payment amounts,4,6,10,2,0,1
a574a4e987e3589f4872a86411716a9c5eeca001,Adam Berg,adam@xyzdigital.com,2026-05-27T14:05:51-07:00,2026-05-27,14,3,Wednesday,[AI] Format collect payment amounts with Intl.NumberFormat,5,3,8,1,0,1
dc216f021ca25e7dcc12f804dd0336427404ebf4,Adam Berg,adam@xyzdigital.com,2026-05-27T14:06:38-07:00,2026-05-27,14,3,Wednesday,[AI] Stay on order form after creating a new order,12,4,16,2,0,1
e06371e559b8fdcdec69b425cf07cbadf1c235f8,Adam Berg,adam@xyzdigital.com,2026-05-27T14:08:02-07:00,2026-05-27,14,3,Wednesday,[AI] Save order before navigating to collect payment,26,16,42,1,0,1
78049547f88accb527297694eadad759dcc80812,Adam Berg,adam@xyzdigital.com,2026-05-27T14:08:45-07:00,2026-05-27,14,3,Wednesday,[AI] Show Collect on new orders and navigate after create,31,20,51,1,0,1
d161f9cf13fe7fc54df4d002d8631c06284e8695,Adam Berg,adam@xyzdigital.com,2026-05-27T14:10:50-07:00,2026-05-27,14,3,Wednesday,[AI] Move Total section below Items and keep it always expanded,60,61,121,1,0,1
1ced84a82e6a86cc7e14bd8f9a56987ccc8e13b0,Adam Berg,adam@xyzdigital.com,2026-05-27T14:15:29-07:00,2026-05-27,14,3,Wednesday,[AI] Rename Payment section labels and add Stripe link,27,6,33,1,0,1
e5563934c5b910258ab04627fa2c20741c8aed53,Adam Berg,adam@xyzdigital.com,2026-05-27T14:17:19-07:00,2026-05-27,14,3,Wednesday,[AI] Remove unused completeTerminalPayment controller,0,124,124,2,0,1
6e9882f99af8c29e3f1f79f5fe7d048771966a8c,Adam Berg,adam@xyzdigital.com,2026-05-27T14:19:48-07:00,2026-05-27,14,3,Wednesday,[AI] Persist paymentIntentId when terminal charge starts,51,3,54,4,0,1
95f1781b3d98b4d956fc5b568d9295809d986b56,Adam Berg,adam@xyzdigital.com,2026-05-27T14:23:43-07:00,2026-05-27,14,3,Wednesday,[AI] Remove paymentIntentId guard on collect payment route,0,14,14,1,0,1
62608dfe0170e2d41ba4bfe88e7fd72545b0d9cb,Adam Berg,adam@xyzdigital.com,2026-05-27T14:31:40-07:00,2026-05-27,14,3,Wednesday,[AI] Set Payment status to complete on idempotent webhook replay,4,0,4,1,0,1
e9b19c455d49b143325425cd6ac183aae67c22eb,Adam Berg,adam@xyzdigital.com,2026-05-27T14:33:28-07:00,2026-05-27,14,3,Wednesday,[AI] Navigate to orders after payment and show payment status column,14,4,18,3,0,1
567d92f859b75b6ba8c9806bdba2eac75a2fa59d,Adam Berg,adam@xyzdigital.com,2026-05-27T14:35:46-07:00,2026-05-27,14,3,Wednesday,[AI] Poll payment status before redirect after terminal charge,74,10,84,1,0,1
2eed90bad52385031196efd62b2e3b3e0dd8bd21,Adam Berg,adam@xyzdigital.com,2026-05-27T14:37:00-07:00,2026-05-27,14,3,Wednesday,[AI] Show one default line item when creating a new order,14,3,17,1,0,1
736d84ec4efe2254438ac65d810597d74ef6e00c,Adam Berg,adam@xyzdigital.com,2026-05-27T14:38:35-07:00,2026-05-27,14,3,Wednesday,[AI] Paginate orders list with server-side summary stats,167,46,213,2,0,1
15f276fe21733f38b2bdf44c8d51f49fcb4ac8ca,Adam Berg,adam@xyzdigital.com,2026-05-27T14:42:53-07:00,2026-05-27,14,3,Wednesday,[AI] Add email search filter to Orders page,41,1,42,2,0,1
b5163e700fff94d12fca9dc046320ae7ec72169c,Adam Berg,adam@xyzdigital.com,2026-05-27T14:43:42-07:00,2026-05-27,14,3,Wednesday,[AI] Keep Orders search bar mounted during refetch,11,3,14,1,0,1
932be8883605724162702a3e26aeb1a10a05069f,Adam Berg,adam@xyzdigital.com,2026-05-27T14:55:13-07:00,2026-05-27,14,3,Wednesday,[AI] Hide Collect Payment for complete orders; show ticket attendance column,200,15,215,1,0,1
0fe7e38066c9e3584accf1bab5fc49cbc7ed7458,Adam Berg,adam@xyzdigital.com,2026-05-27T14:59:57-07:00,2026-05-27,14,3,Wednesday,[AI] Show empty attendance state and hide date column on small screens,14,4,18,1,0,1
5b5b25f2a155c1737aba11d6bf1f4064b9afbc5a,Adam Berg,adam@xyzdigital.com,2026-05-27T15:00:41-07:00,2026-05-27,15,3,Wednesday,[AI] Fix duplicate attendance labels in Orders select trigger,4,8,12,1,0,1
b01dfb479af52683804787c911d4326aa5ea3248,Adam Berg,adam@xyzdigital.com,2026-05-27T15:02:21-07:00,2026-05-27,15,3,Wednesday,[AI] Default sidebar open only on home page,5,1,6,1,0,1
4665481be9f33359a6d9debfbccf6e4acb91334a,Adam Berg,adam@xyzdigital.com,2026-05-27T15:04:14-07:00,2026-05-27,15,3,Wednesday,[AI] Remove Ticket # label from attendance status in Orders,2,6,8,1,0,1
7058f43da0ea350f81deb4b811c751729c00d1f6,Adam Berg,adam@xyzdigital.com,2026-05-27T15:05:49-07:00,2026-05-27,15,3,Wednesday,[AI] Fix attendance dropdown clicks blocked in Orders table,27,12,39,2,0,1
1ad9bd3921fa880cd832fbec289bd412b58b2800,Adam Berg,adam@xyzdigital.com,2026-05-28T06:50:45-07:00,2026-05-28,6,4,Thursday,[AI] Add meeting product type with RealtimeKit provisioning on create,124,2,126,7,0,1
dc19ba3508f173f1dca24d28ed50d42622591a2a,Adam Berg,adam@xyzdigital.com,2026-05-28T06:52:02-07:00,2026-05-28,6,4,Thursday,[AI] Add product type selector to Create Product dialog,50,7,57,1,0,1
28b9d3574f93ebea9273f36214dc6b840cb996fd,Adam Berg,adam@xyzdigital.com,2026-05-28T06:55:42-07:00,2026-05-28,6,4,Thursday,[AI] Use icon squares for product type in Create Product modal,51,30,81,1,0,1
52620e8e801204ded68c1a27b7acf4d5d32c8a6f,Adam Berg,adam@xyzdigital.com,2026-05-28T06:56:57-07:00,2026-05-28,6,4,Thursday,[AI] Lock product type on edit page,2,38,40,3,0,1
082ee4fc81ba33c0f4ef53fd636baa9c3d7789e6,Adam Berg,adam@xyzdigital.com,2026-05-28T09:04:25-07:00,2026-05-28,9,4,Thursday,[AI] Add Meeting tab to product edit for meeting products,59,0,59,3,0,1
f04f65fd4a865d8510876cb7bfe3436238343ef2,Adam Berg,adam@xyzdigital.com,2026-05-28T09:06:13-07:00,2026-05-28,9,4,Thursday,[AI] Add join meeting button to product meeting tab,234,42,276,8,0,1
783c4603329bbec35f3d9c01c096056fdb5411db,Adam Berg,adam@xyzdigital.com,2026-05-28T09:12:04-07:00,2026-05-28,9,4,Thursday,[AI] Fix RealtimeKit join URL to use Cloudflare hosted meeting,18,15,33,3,0,1
9211dd93438dc857f223ef33a945072155aed38a,Adam Berg,adam@xyzdigital.com,2026-05-28T09:16:16-07:00,2026-05-28,9,4,Thursday,[AI] Add recreate meeting button to product edit meeting tab,128,13,141,3,0,1
1f56c8fba0060f7201d2b5359185948a4f1d3330,Adam Berg,adam@xyzdigital.com,2026-05-28T09:49:55-07:00,2026-05-28,9,4,Thursday,[AI] Add meetings route with RealtimeKit UI Kit,313,2,315,8,0,1
c66f883e3e23c53bd4ded84527dc4b511c0c1c8b,Adam Berg,adam@xyzdigital.com,2026-05-28T09:53:23-07:00,2026-05-28,9,4,Thursday,[AI] Require explicit RealtimeKit preset and switch to webinar presets,15,6,21,3,0,1
8427723e63795f393e1bb71c494240cf26e5e676,Adam Berg,adam@xyzdigital.com,2026-05-28T09:54:20-07:00,2026-05-28,9,4,Thursday,[AI] Change RTK host preset to webinar_presenter,1,1,2,1,0,1
7b27c4bbf178f8e7dcf25d7f2c9f60e775eb8c6c,Adam Berg,adam@xyzdigital.com,2026-05-28T09:55:37-07:00,2026-05-28,9,4,Thursday,[AI] Route presenter join through custom domain meeting page,35,14,49,4,0,1
d48b7cdf109067877787510936d5c6d21282910f,Adam Berg,adam@xyzdigital.com,2026-05-28T11:58:30-07:00,2026-05-28,11,4,Thursday,[AI] Add Recordings tab to Product Edit for RTK meetings,361,1,362,7,0,1
51bde9ec6f46f6533f6639b62ed767f2c7309770,Adam Berg,adam@xyzdigital.com,2026-05-28T12:00:25-07:00,2026-05-28,12,4,Thursday,[AI] Remove file column from recordings table,1,6,7,1,0,1
81410afadad868e17631bbda5ea89311bdfe18e9,Adam Berg,adam@xyzdigital.com,2026-05-28T12:34:44-07:00,2026-05-28,12,4,Thursday,[AI] Add code and preview tabs to email campaign compose,43,17,60,1,0,1
8a56e8f7a7d0c11d348d928cc7a928306dfec8a4,Adam Berg,adam@xyzdigital.com,2026-05-28T14:22:12-07:00,2026-05-28,14,4,Thursday,[AI] Make realtimeKit meetingId and appId optional on Product,0,2,2,1,0,1
6fe9290efdf8ad3f47363d8540d4577894429e22,Adam Berg,adam@xyzdigital.com,2026-05-29T10:17:25-07:00,2026-05-29,10,5,Friday,[AI] Add Track product type UI with cover art and audio file configuration.,467,7,474,9,0,1
1bacf274f515f8b2e699f7212f12e48482cc0738,Adam Berg,adam@xyzdigital.com,2026-05-29T10:21:01-07:00,2026-05-29,10,5,Friday,[AI] Add admin artist creation flow with superuser-only API,192,4,196,6,0,1
3731a06241395d94d9111050aa4895fda89d898e,Adam Berg,adam@xyzdigital.com,2026-05-29T10:55:03-07:00,2026-05-29,10,5,Friday,[AI] Add read-only Flow tab for track product edit with React Flow visualization.,186,0,186,8,0,1
32bf60e00c491c3f34a6925447336fabc3e8af88,Adam Berg,adam@xyzdigital.com,2026-05-29T11:03:35-07:00,2026-05-29,11,5,Friday,[AI] Add public product page with image carousel and lead form,247,0,247,2,0,1
51e62f9499d29c1531125b9502c53882b96e6b85,Adam Berg,adam@xyzdigital.com,2026-05-29T11:05:50-07:00,2026-05-29,11,5,Friday,[AI] Add external links to flow page nodes,50,31,81,5,0,1
3a9d555a2f1871aa616bd1413a3a88c6e1de8596,Adam Berg,adam@xyzdigital.com,2026-05-29T11:06:45-07:00,2026-05-29,11,5,Friday,[AI] Use artist custom domain for flow page links,29,5,34,1,0,1
0adcd1c56774b02678ca066a190c137ceafcd14c,Adam Berg,adam@xyzdigital.com,2026-05-29T11:09:38-07:00,2026-05-29,11,5,Friday,[AI] Constrain product carousel images to 1:1 at 256px max width,2,2,4,1,0,1
d88893ca5768d96fb7a1283e1e85cda3f3ad485c,Adam Berg,adam@xyzdigital.com,2026-05-29T11:20:03-07:00,2026-05-29,11,5,Friday,[AI] Replace PhoneInput with Input and libphonenumber-js parsing,15,5,20,1,0,1
8bc10c21d1cdc094f017e0bc84d1fc97f9aba67f,Adam Berg,adam@xyzdigital.com,2026-05-29T11:21:04-07:00,2026-05-29,11,5,Friday,[AI] Format phone input with AsYouType as user types,11,4,15,1,0,1
2cf474ff8fe310fa90ffeafe4158a498dd08bddd,Adam Berg,adam@xyzdigital.com,2026-05-29T11:28:00-07:00,2026-05-29,11,5,Friday,[AI] Add website design global theme for product pages,837,900,1737,30,0,1
a62b83d3f767aae1498da88ddd78808ae87b32d6,Adam Berg,adam@xyzdigital.com,2026-05-29T11:29:27-07:00,2026-05-29,11,5,Friday,[AI] Add background color to website design settings,22,0,22,4,0,1
e521419105573a2ce68512fab3ec361d8c5b424f,Adam Berg,adam@xyzdigital.com,2026-05-29T11:32:12-07:00,2026-05-29,11,5,Friday,[AI] Load and apply website design settings on product pages,141,9,150,6,0,1
93aee9027c41841705f7c082cac3e82d8e653447,Adam Berg,adam@xyzdigital.com,2026-05-29T12:41:20-07:00,2026-05-29,12,5,Friday,[AI] Add product flow generation from Pages and formOnSubmit,667,72,739,10,0,1
c8981e937f3212b37f02d6d306a5f434d6938a7b,Adam Berg,adam@xyzdigital.com,2026-05-29T12:41:48-07:00,2026-05-29,12,5,Friday,[AI] Remove empty flow placeholder text from ProductEditFlowTab,0,3,3,1,0,1
77b6d50420fc2baa94c3e42a3e5b04ed9d381342,Adam Berg,adam@xyzdigital.com,2026-05-29T12:44:04-07:00,2026-05-29,12,5,Friday,[AI] Fix external link clicks on flow page nodes,2,1,3,1,0,1
8a331a0015bfd5899296c2ea88a392aa6d11084d,Adam Berg,adam@xyzdigital.com,2026-05-29T13:13:01-07:00,2026-05-29,13,5,Friday,[AI] Inject website design theme CSS variables into served pages,93,8,101,3,0,1
5aef2a85dce31c907903eda3f133eec613e3c35f,Adam Berg,adam@xyzdigital.com,2026-05-29T13:14:30-07:00,2026-05-29,13,5,Friday,[AI] Add regenerate flow button that deletes and recreates flow pages,168,12,180,4,0,1
379d2f127bffe67c6300be3d56ab9f932b7cc842,Adam Berg,adam@xyzdigital.com,2026-05-29T13:16:53-07:00,2026-05-29,13,5,Friday,[AI] Move product flow generation logic to ProductService,9,3,12,3,0,1
e9d951a86e242a109b7730d63ac77b9717f46a69,Adam Berg,adam@xyzdigital.com,2026-05-29T13:19:59-07:00,2026-05-29,13,5,Friday,[AI] Split generateProductFlow into separate module files,335,314,649,10,0,1
8798c8aa6142663925f435c9473775f4d1c52a8d,Adam Berg,adam@xyzdigital.com,2026-05-29T13:21:53-07:00,2026-05-29,13,5,Friday,[AI] Add sticky audio bar to product success page,101,10,111,1,0,1
41bd7dc65e76c725b4fdb322d11e057906fb7e43,Adam Berg,adam@xyzdigital.com,2026-05-29T13:22:51-07:00,2026-05-29,13,5,Friday,[AI] Show product name in success page audio player,1,4,5,2,0,1
6df342147333ae58f01559b44238f4763f1d1cb7,Adam Berg,adam@xyzdigital.com,2026-05-29T13:31:23-07:00,2026-05-29,13,5,Friday,[AI] Show clickable page URL in flow graph nodes,11,9,20,1,0,1
7c09ec8f742e2d8291da8727551d44dab2296a9a,Adam Berg,adam@xyzdigital.com,2026-05-29T13:34:21-07:00,2026-05-29,13,5,Friday,[AI] Show page path and fix flow node link clicks,20,13,33,3,0,1
6caf52a457ef5802886980e9bb7d018a41f1955d,Adam Berg,adam@xyzdigital.com,2026-05-29T13:34:41-07:00,2026-05-29,13,5,Friday,[AI] Add pointer cursor to flow page path link,1,1,2,1,0,1
2368dd749b22e71965599c81b74d714d92d63138,Adam Berg,adam@xyzdigital.com,2026-05-29T13:35:40-07:00,2026-05-29,13,5,Friday,[AI] Add page node dropdown with Edit action in product flow tab,47,5,52,3,0,1
a8f6d2992ab7068aaf38471c7175e4594121e5c3,Adam Berg,adam@xyzdigital.com,2026-05-29T13:37:13-07:00,2026-05-29,13,5,Friday,[AI] Add URL routes for Edit Product tabs,190,20,210,5,0,1
d147ecadb0a1d567acf1bce165aae0ef5dea8cb5,Adam Berg,adam@xyzdigital.com,2026-05-29T13:39:43-07:00,2026-05-29,13,5,Friday,[AI] Remove public ProductRoute page,0,319,319,2,0,1
afde1a4be287acee27cab48aa4c6fefd7e4b7370,Adam,adam@xyzdigital.com,2026-05-29T13:40:07-07:00,2026-05-29,13,5,Friday,Merge pull request #4 from xyz-digital/products/track,0,0,0,0,1,0
88cbcac03a11769824f5c38dc808e302eaaae53d,Adam Berg,adam@xyzdigital.com,2026-05-29T14:00:48-07:00,2026-05-29,14,5,Friday,[AI] Switch page HTML generation to Claude and make chat thread collapsible,89,47,136,2,0,1
f0ca6d14d457a8bac26fbf14605d346541a433bc,Adam Berg,adam@xyzdigital.com,2026-05-29T14:02:24-07:00,2026-05-29,14,5,Friday,[AI] Collapse AI chat panel horizontally to give code editor full width,109,94,203,1,0,1
f965bdf7262a7041f880022c0482f86b40b41eca,Adam Berg,adam@xyzdigital.com,2026-05-29T14:32:38-07:00,2026-05-29,14,5,Friday,[AI] Add full vs diff mode to AI Chat panel,255,14,269,3,0,1
14f61a174a08f9688483019e1e4b9ecdccb0324c,Adam Berg,adam@xyzdigital.com,2026-05-29T14:33:56-07:00,2026-05-29,14,5,Friday,[AI] Strip line numbers from HTML after applying diffs,11,8,19,2,0,1
f6a7dd76530c64eccca119898feefea39de6890d,Adam Berg,adam@xyzdigital.com,2026-05-29T14:36:41-07:00,2026-05-29,14,5,Friday,[AI] Add sample diff format to diff mode system prompt,8,2,10,1,0,1
9bf16965ab4085b846e7d49985581ca2d6717106,Adam Berg,adam@xyzdigital.com,2026-05-29T14:37:27-07:00,2026-05-29,14,5,Friday,Update system prompt for diff,2,2,4,1,0,0
50ae7bd9b22a80fa2b0a63b897011678edae39fa,Adam Berg,adam@xyzdigital.com,2026-05-29T14:38:58-07:00,2026-05-29,14,5,Friday,[AI] Add compact model picker to page code tab,70,16,86,2,0,1
e6bac6bde7e68a69b9995e8ba22a52475b6cb58e,Adam Berg,adam@xyzdigital.com,2026-05-29T14:39:58-07:00,2026-05-29,14,5,Friday,[AI] Default CodeTab to diff mode and Haiku,2,2,4,1,0,1
2b3c7ec04712e63efb0a1bdce1d76f0895d0b3b7,Adam Berg,adam@xyzdigital.com,2026-05-29T14:40:30-07:00,2026-05-29,14,5,Friday,[AI] Persist CodeTab output mode and model in localStorage,29,2,31,1,0,1
3e6f8605a3e33c32bd35afd3f8d8bb71d003b55d,Adam Berg,adam@xyzdigital.com,2026-05-29T14:42:32-07:00,2026-05-29,14,5,Friday,[AI] Add global theme variable context to page HTML generation prompt,22,0,22,1,0,1
d36a36598f0d8947d0da626de8bcf7faf8af17dc,Adam Berg,adam@xyzdigital.com,2026-05-29T14:56:45-07:00,2026-05-29,14,5,Friday,[AI] Show query cost and token count in CodeTab chat,117,8,125,3,0,1
48f25fcb4aa26b9e66ec75eab358739b57e1bc52,Adam Berg,adam@xyzdigital.com,2026-05-29T14:58:13-07:00,2026-05-29,14,5,Friday,[AI] Show input/output token breakdown on hover in CodeTab,37,20,57,1,0,1
6500b5a2675b3ba3805d440b6607135acfee640b,Adam Berg,adam@xyzdigital.com,2026-05-29T15:44:18-07:00,2026-05-29,15,5,Friday,[AI] Add Preview tab as default page editor view with iframe and shared AI chat,738,553,1291,6,0,1
cf67e9c7c6c40a2268ad9b389367b80536399a72,Adam Berg,adam@xyzdigital.com,2026-05-29T15:45:22-07:00,2026-05-29,15,5,Friday,[AI] Load page preview iframe from actual custom domain URL,8,42,50,3,0,1
7d34e88932d967ea40f537094c72108457bc4af1,Adam Berg,adam@xyzdigital.com,2026-05-29T15:46:31-07:00,2026-05-29,15,5,Friday,[AI] Reload preview iframe after chat prompt completes,25,3,28,3,0,1
534da7df100935d3be01b77933103cc512768570,Adam Berg,adam@xyzdigital.com,2026-05-29T15:52:36-07:00,2026-05-29,15,5,Friday,[AI] Add artist edit page with balance tab and row dropdown,438,32,470,7,0,1
5eb2d3769c282f7a4131fe4c459db0c124a7fc50,Adam Berg,adam@xyzdigital.com,2026-05-29T15:54:13-07:00,2026-05-29,15,5,Friday,Add balance updating for prompts,108,4,112,4,0,0
d88bb5cbbd6e00ac7d8e77341fa3abb656aeb1d1,Adam Berg,adam@xyzdigital.com,2026-05-29T15:59:48-07:00,2026-05-29,15,5,Friday,Add 10% AI markup,12,3,15,3,0,0
b80c21e6690e048470a6aa30f00c61f798fa9b8e,Adam Berg,adam@xyzdigital.com,2026-05-29T16:54:58-07:00,2026-05-29,16,5,Friday,[AI] Skip page HTML generation billing for superusers,23,13,36,1,0,1
1f3ae2ad15a0ca1a49e0d4c08c5eb0b5f901e4a9,Adam Berg,adam@xyzdigital.com,2026-05-29T16:55:52-07:00,2026-05-29,16,5,Friday,[AI] Skip page HTML chat balance UI block for superusers,6,1,7,1,0,1
cc2d26ed71272e81cf6d06364caca6b0b4964951,Adam Berg,adam@xyzdigital.com,2026-05-29T16:59:02-07:00,2026-05-29,16,5,Friday,[AI] Restyle product flow landing page to match kaizen dark theme,60,27,87,1,0,1
cb9b9cd50fddf5a7c58ee883060c73a9fe9046a0,Adam Berg,adam@xyzdigital.com,2026-05-29T17:04:04-07:00,2026-05-29,17,5,Friday,[AI] Add cover image as og/twitter meta image on product flow pages,16,1,17,1,0,1
0df1c46adf0060c55829317e47033666541294d7,Adam Berg,adam@xyzdigital.com,2026-05-29T17:07:11-07:00,2026-05-29,17,5,Friday,[AI] Format product flow landing phone input as you type,31,0,31,1,0,1
a1548833743b58752aa9a721c0041b280b90b266,Adam Berg,adam@xyzdigital.com,2026-05-29T17:09:41-07:00,2026-05-29,17,5,Friday,[AI] Show artist name below song title on product flow landing page,14,1,15,2,0,1
f9c19f596deb51e64608ed7bdc77d559633e99f0,Adam Berg,adam@xyzdigital.com,2026-05-29T17:14:21-07:00,2026-05-29,17,5,Friday,[AI] Align product flow landing page with success page theme vars,27,54,81,1,0,1
649a8f0aa8d448c8ac7b342ad37b582b7bf77920,Adam Berg,adam@xyzdigital.com,2026-05-29T17:16:18-07:00,2026-05-29,17,5,Friday,[AI] Migrate product flow pages to Tailwind CSS,38,81,119,1,0,1
24cfb844b89d1500d09e58a5074d1f4b3b6e149b,Adam Berg,adam@xyzdigital.com,2026-05-29T17:18:26-07:00,2026-05-29,17,5,Friday,[AI] Show artist name on product flow success page,10,2,12,2,0,1
f92291630e738a4d5854c1b852b3b854bdb6fa4d,Adam Berg,adam@xyzdigital.com,2026-06-01T10:38:58-07:00,2026-06-01,10,1,Monday,[AI] Update Lead amountSpent when order payment amount changes,103,10,113,3,0,1
814efe67f8dd54db1852998d892d5edb6fbf108c,Adam Berg,adam@xyzdigital.com,2026-06-01T12:41:32-07:00,2026-06-01,12,1,Monday,[AI] Add optional purchase verification for meeting products,1258,2,1260,26,0,1
e6e818599251e94f99497c7ca2e121cebfd00fa1,Adam Berg,adam@xyzdigital.com,2026-06-01T12:43:25-07:00,2026-06-01,12,1,Monday,[AI] Use website design theme for meeting auth buttons,14,36,50,2,0,1
d222645de6d2494165de9d89716b33ca36375d46,Adam Berg,adam@xyzdigital.com,2026-06-01T12:52:29-07:00,2026-06-01,12,1,Monday,[AI] Return meeting participant name from auth session for RTK setup,74,10,84,5,0,1
f2490f9e559ca8b8aef789eaf9bbf4f03053e5c3,Adam Berg,adam@xyzdigital.com,2026-06-01T12:54:02-07:00,2026-06-01,12,1,Monday,[AI] Add logout button to meeting join screen,131,7,138,6,0,1
adc1082f2e3312916e77966e1f1563578518052e,Adam Berg,adam@xyzdigital.com,2026-06-01T13:02:55-07:00,2026-06-01,13,1,Monday,[AI] Require meeting auth for paid products,42,8,50,3,0,1
ac28ec0675bb0e8ca4ac1154609b369081fde3d7,Adam Berg,adam@xyzdigital.com,2026-06-01T13:03:07-07:00,2026-06-01,13,1,Monday,[AI] Enforce paid meeting auth across login and join API,26,8,34,6,0,1
c2c23333a21b5e117ec451196f9397106b5e8fb5,Adam Berg,adam@xyzdigital.com,2026-06-01T13:06:15-07:00,2026-06-01,13,1,Monday,[AI] Use generic lead session logout route in meeting UI,75,9,84,7,0,1
acffd39c88b77d377cda24c4593260b609d3712d,Adam Berg,adam@xyzdigital.com,2026-06-01T13:08:09-07:00,2026-06-01,13,1,Monday,[AI] Migrate meeting auth client to generic lead session API,94,155,249,12,0,1
92fe2e8a44b6c5c82956f8edd9b54f1ff771c0e9,Adam Berg,adam@xyzdigital.com,2026-06-01T13:10:05-07:00,2026-06-01,13,1,Monday,[AI] Add copy meeting URL link and move recreate to menu,71,17,88,1,0,1
b0f8d6bfbb889665ac5a3f56ca7f0a684cee5022,Adam Berg,adam@xyzdigital.com,2026-06-01T13:11:18-07:00,2026-06-01,13,1,Monday,[AI] Show meeting URL in input with copy button,26,12,38,1,0,1
d20ad3e9a9bdf2a2c242cf0d10ec8d6869abb8ea,Adam Berg,adam@xyzdigital.com,2026-06-01T14:33:27-07:00,2026-06-01,14,1,Monday,[AI] Use dvh for meeting viewport height,6,6,12,1,0,1
37e10bbeac24a26d9914da405888070850ea0bc1,Adam Berg,adam@xyzdigital.com,2026-06-01T14:34:39-07:00,2026-06-01,14,1,Monday,[AI] Hide meeting logout button after join,4,1,5,1,0,1
75dbf8a9b4eefddc4f6820830ecdf7d6016798da,Adam Berg,adam@xyzdigital.com,2026-06-01T15:33:43-07:00,2026-06-01,15,1,Monday,[AI] Add meeting livestream subtype and split meeting route by format,776,212,988,14,0,1
770310ef9ef010641fa12127162ef2b278139413,Adam Berg,adam@xyzdigital.com,2026-06-01T15:36:29-07:00,2026-06-01,15,1,Monday,[AI] Fullscreen cover layout for single livestream viewer video,13,2,15,1,0,1
73c8ef180f859700b6ea44c403360bda0e9aca4e,Adam Berg,adam@xyzdigital.com,2026-06-01T15:43:07-07:00,2026-06-01,15,1,Monday,[AI] Add livestream host sidebar and viewer chat overlay,311,49,360,5,0,1
b4a7f379f8cc26a8d215fdb2c4445cf39d743897,Adam Berg,adam@xyzdigital.com,2026-06-01T15:52:02-07:00,2026-06-01,15,1,Monday,[AI] Enable livestream host chat sending,55,4,59,2,0,1
391c34eda9f6816b644ee4c08cf00bd08a7387cb,Adam Berg,adam@xyzdigital.com,2026-06-01T15:52:42-07:00,2026-06-01,15,1,Monday,[AI] Keep chat input focused after sending a message,7,1,8,2,0,1
97094619a5781b8842351a2e058f5b197991001e,Adam Berg,adam@xyzdigital.com,2026-06-01T15:54:53-07:00,2026-06-01,15,1,Monday,[AI] Show participant names in livestream host and viewer views,37,11,48,3,0,1
d9bad57507b927dbf4404e5bf4db0a51fd2397b1,Adam Berg,adam@xyzdigital.com,2026-06-01T15:56:06-07:00,2026-06-01,15,1,Monday,[AI] Show initials avatar in livestream host chat,12,3,15,1,0,1
1b81f1790e8b3a331e7f4ac76c74a296347f6eb2,Adam Berg,adam@xyzdigital.com,2026-06-01T15:57:13-07:00,2026-06-01,15,1,Monday,[AI] Fix text colors on livestream host sidebar,18,8,26,1,0,1
e4fc05db82df7df7d4e7ab678648b6ad098f4a8c,Adam Berg,adam@xyzdigital.com,2026-06-01T15:59:18-07:00,2026-06-01,15,1,Monday,[AI] Keep host chat input focused after send,10,2,12,1,0,1
b91a7093e51a0b2c87d3665430cafd2d7e868b4b,Adam Berg,adam@xyzdigital.com,2026-06-01T16:00:50-07:00,2026-06-01,16,1,Monday,[AI] Add collapsible host livestream sidebar,48,30,78,1,0,1
c91491790ce27df15540465a5e1c7727e82912a6,Adam Berg,adam@xyzdigital.com,2026-06-01T16:01:29-07:00,2026-06-01,16,1,Monday,[AI] Remove artist name overlay from livestream host view,0,6,6,1,0,1
37e575808aae3a131415b3ba4bff1ef1e0c68c64,Adam Berg,adam@xyzdigital.com,2026-06-01T16:07:03-07:00,2026-06-01,16,1,Monday,[AI] Add livestream stage join requests for viewers and hosts,356,14,370,5,0,1
9043ab21aa9d2267a5fbc2f2ffe0bbd82781c9ab,Adam Berg,adam@xyzdigital.com,2026-06-01T16:08:24-07:00,2026-06-01,16,1,Monday,[AI] Fix stage join timing for livestream viewers,29,12,41,1,0,1
ce0c4aded429b1fd66e7465df8a2bb77d0f4d9bf,Adam Berg,adam@xyzdigital.com,2026-06-01T17:36:21-07:00,2026-06-01,17,1,Monday,[AI] Use webinar presenter preset for livestream host view,3,2,5,1,0,1
a2a5bec56b3c2299b0fe75673999e5d4971ea490,Adam Berg,adam@xyzdigital.com,2026-06-01T17:37:35-07:00,2026-06-01,17,1,Monday,[AI] Add FE realtimeKit host preset constant,3,1,4,2,0,1
2f7f397c3ee7821feddbb686513ee229a7b008f3,Adam Berg,adam@xyzdigital.com,2026-06-01T17:43:44-07:00,2026-06-01,17,1,Monday,[AI] Display multiple livestream stage feeds in a grid,232,138,370,6,0,1
7ccfa1d352370732e3ed5249ad0f41259a313f45,Adam Berg,adam@xyzdigital.com,2026-06-01T17:45:50-07:00,2026-06-01,17,1,Monday,[AI] Fix host livestream view showing waiting state instead of video,46,32,78,5,0,1
028938e5fb417e66248594814f804a0b539ddda2,Adam Berg,adam@xyzdigital.com,2026-06-01T17:47:56-07:00,2026-06-01,17,1,Monday,[AI] Fix host video not starting after joining stage,7,3,10,1,0,1
2578899eba4a06a748419fefca8d90d68291704f,Adam Berg,adam@xyzdigital.com,2026-06-02T06:53:32-07:00,2026-06-02,6,2,Tuesday,[AI] Fix page save failing from Settings tab click event,2,2,4,2,0,1
b15071f309f1befb66034a2616e44ca538dc87d3,Adam Berg,adam@xyzdigital.com,2026-06-02T08:49:13-07:00,2026-06-02,8,2,Tuesday,Merge branch 'main' into livestream,0,0,0,0,1,0
ac4da630303d641ef965ea9f386138d4426c87bd,Adam Berg,adam@xyzdigital.com,2026-06-02T08:54:18-07:00,2026-06-02,8,2,Tuesday,[AI] Use RTK join_stage icon on Request Join button,6,1,7,1,0,1
4394f27b6170f370ea8e28d3c5183ec0a8f47030,Adam Berg,adam@xyzdigital.com,2026-06-02T08:55:33-07:00,2026-06-02,8,2,Tuesday,[AI] Use RtkIcon directly for join stage action in viewer view,13,10,23,1,0,1
da10f739c8ddcb53d9ef51da4c38c7110cf3401b,Adam Berg,adam@xyzdigital.com,2026-06-02T09:15:57-07:00,2026-06-02,9,2,Tuesday,[AI] Add 9:16 viewer frame overlay on host livestream video,21,1,22,2,0,1
bc2affcc54f2f7589005319f3aa03aebe2eeac80,Adam Berg,adam@xyzdigital.com,2026-06-02T09:21:38-07:00,2026-06-02,9,2,Tuesday,[AI] Add screen share control to livestream host settings,77,8,85,4,0,1
2abbcf4e24aa147d0757513a690f0e8eb74611e4,Adam Berg,adam@xyzdigital.com,2026-06-02T09:23:14-07:00,2026-06-02,9,2,Tuesday,[AI] Show camera and screen share together during screenshare,100,26,126,1,0,1
01f56c6b6005abf0b7f56b099578f5ddf23edf58,Adam Berg,adam@xyzdigital.com,2026-06-02T09:25:20-07:00,2026-06-02,9,2,Tuesday,[AI] Hide 9:16 frame overlay when screen sharing or multiple participants,7,1,8,1,0,1
e4e9ec9fbc15fa264ca2c964bc369d6a0fb78e52,Adam Berg,adam@xyzdigital.com,2026-06-02T09:27:38-07:00,2026-06-02,9,2,Tuesday,[AI] Move presenter PiP to top-right during screen share,1,1,2,1,0,1
24665b3f235da895efdb05294de098581c87d501,Adam Berg,adam@xyzdigital.com,2026-06-02T09:31:02-07:00,2026-06-02,9,2,Tuesday,[AI] Hide Request Join button during live screen share,40,20,60,2,0,1
d29de21f116641410db800a35965f5628cdeea31,Adam Berg,adam@xyzdigital.com,2026-06-02T09:31:29-07:00,2026-06-02,9,2,Tuesday,[AI] Disable stage accept while screen sharing,11,2,13,2,0,1
c03a269e540dffa31d151e41761f716e7999d383,Adam Berg,adam@xyzdigital.com,2026-06-02T09:33:41-07:00,2026-06-02,9,2,Tuesday,[AI] Add remove-from-stage control in host People tab,62,21,83,3,0,1
b5f53d0edade80050fca102e4d0aa6ab5a32bb04,Adam Berg,adam@xyzdigital.com,2026-06-02T09:37:29-07:00,2026-06-02,9,2,Tuesday,[AI] Show self on stage and stack stage videos vertically,76,23,99,4,0,1
ec9bd9f2c225eca0a6fd8d80dd07288a743dc7ac,Adam Berg,adam@xyzdigital.com,2026-06-02T09:42:48-07:00,2026-06-02,9,2,Tuesday,[AI] Add leave stage button for livestream viewers,57,3,60,3,0,1
4232aa0cd55e50c7d2b56c12c72923308770475e,Adam Berg,adam@xyzdigital.com,2026-06-02T09:46:42-07:00,2026-06-02,9,2,Tuesday,[AI] Allow cancelling a pending join stage request,41,2,43,2,0,1
eb9f1a1ec73ce245308edd8d9a852735ec53a93f,Adam Berg,adam@xyzdigital.com,2026-06-02T09:47:47-07:00,2026-06-02,9,2,Tuesday,[AI] Make leave stage icon red for leave and cancel actions,2,2,4,1,0,1
8e8e845a5eb9eda4a19f55e18ade294e8e5e70b1,Adam Berg,adam@xyzdigital.com,2026-06-02T09:57:08-07:00,2026-06-02,9,2,Tuesday,[AI] Require auth for livestream viewers when product requires it,89,3,92,5,0,1
999d42bf833516772cd9a529f7d7a742e4e199d1,Adam Berg,adam@xyzdigital.com,2026-06-02T09:57:12-07:00,2026-06-02,9,2,Tuesday,[AI] Fix MeetingViewerAuthGate ReactNode import,4,4,8,1,0,1
3edec8ff3e03698343d3dff92022c0ccc4f13393,Adam Berg,adam@xyzdigital.com,2026-06-02T10:03:19-07:00,2026-06-02,10,2,Tuesday,[AI] Nest meeting fields under product.meeting,120,84,204,12,0,1
10645d3f4bce8ae861fbbe4e433256610f3304ca,Adam Berg,adam@xyzdigital.com,2026-06-02T10:18:21-07:00,2026-06-02,10,2,Tuesday,[AI] Add meeting shop overlay for livestream viewers,188,1,189,8,0,1
5f267ebcd2baf703b1b1946c1bf945e8907251bc,Adam Berg,adam@xyzdigital.com,2026-06-02T10:19:18-07:00,2026-06-02,10,2,Tuesday,[AI] Add meeting shop product picker in admin,168,0,168,3,0,1
5665fdc9dd0075807b5363495f3c8d483a1b2592,Adam Berg,adam@xyzdigital.com,2026-06-02T10:20:23-07:00,2026-06-02,10,2,Tuesday,[AI] Move meeting shop products to dedicated Shop tab,151,105,256,5,0,1
60e275e374e90f5cf52f5597a9dc3bb38906cba8,Adam Berg,adam@xyzdigital.com,2026-06-02T10:22:09-07:00,2026-06-02,10,2,Tuesday,Update shopping bag icon size,1,1,2,1,0,0
01dd662a628c707f009a872d69c4d3f65762a97b,Adam Berg,adam@xyzdigital.com,2026-06-02T10:27:16-07:00,2026-06-02,10,2,Tuesday,[AI] Add multi-step checkout flow to livestream shop overlay,918,38,956,5,0,1
474b1ad699e43a34c5ab67cc3006019fef448ce1,Adam Berg,adam@xyzdigital.com,2026-06-02T10:31:14-07:00,2026-06-02,10,2,Tuesday,[AI] Fix livestream viewer host video not playing after connect,76,33,109,3,0,1
8e1179251a1a6697c7129bffbc695cc561292f76,Adam Berg,adam@xyzdigital.com,2026-06-02T10:43:09-07:00,2026-06-02,10,2,Tuesday,[AI] Fix livestream checkout confirmPayment before Payment Element mounts,23,4,27,2,0,1
03636c0560f038e10bf8ea4e1c9aca2e4d5fc046,Adam Berg,adam@xyzdigital.com,2026-06-02T10:47:04-07:00,2026-06-02,10,2,Tuesday,[AI] Prevent Stripe Elements remount during livestream checkout submit,75,40,115,2,0,1
4eb0de70fc9aa88e090f2b1f48e27da2c453d1bd,Adam Berg,adam@xyzdigital.com,2026-06-02T10:48:53-07:00,2026-06-02,10,2,Tuesday,[AI] Show order confirmation page in livestream shop instead of alert,111,5,116,1,0,1
e7f1e1ef0c90a70635bc3bb4ac4d17a0e5da3cd4,Adam,adam@xyzdigital.com,2026-06-03T06:49:32-07:00,2026-06-03,6,3,Wednesday,Merge pull request #5 from xyz-digital/livestream,0,0,0,0,1,0
25ca06db579815b1c864ca898fd226b365b28894,Adam Berg,adam@xyzdigital.com,2026-06-03T07:05:14-07:00,2026-06-03,7,3,Wednesday,[AI] Add default email template HTML for new campaigns,67,9,76,4,0,1
5e860f6886d2ba38e316d14c144d06acfc27e762,Adam Berg,adam@xyzdigital.com,2026-06-03T07:10:13-07:00,2026-06-03,7,3,Wednesday,[AI] Add per-recipient email preview on campaign report page,294,33,327,6,0,1
08761fd91aa2743401aba0068f74cf31f340ceaa,Adam Berg,adam@xyzdigital.com,2026-06-03T07:10:46-07:00,2026-06-03,7,3,Wednesday,[AI] Replace Preview Email button with actions dropdown on report,20,10,30,1,0,1
8eba183ca000ca40e132bb16b1fd97dda723f91a,Adam Berg,adam@xyzdigital.com,2026-06-03T07:15:36-07:00,2026-06-03,7,3,Wednesday,"[AI] Add Report, Preview, and Code tabs to email campaign report",100,52,152,2,0,1
72d006f206fd24992dd2be2d47d840a1c5c94a98,Adam Berg,adam@xyzdigital.com,2026-06-03T07:17:12-07:00,2026-06-03,7,3,Wednesday,[AI] Route email campaign report tabs to separate URLs,342,293,635,6,0,1
887f1bfeeaa394b9a739235949795d68dc0faae3,Adam Berg,adam@xyzdigital.com,2026-06-03T07:17:51-07:00,2026-06-03,7,3,Wednesday,[AI] Shorten email campaign preview and code tab URLs,4,4,8,2,0,1
1a1c73239c6151c59dd89c0241c92e61a80cf0e4,Adam Berg,adam@xyzdigital.com,2026-06-03T07:19:20-07:00,2026-06-03,7,3,Wednesday,[AI] Add copy button to email campaign report code tab,27,1,28,1,0,1
d39ed82354dd833cd64da3a2badeb4d42efe0d4e,Adam Berg,adam@xyzdigital.com,2026-06-03T07:23:24-07:00,2026-06-03,7,3,Wednesday,[AI] Add multi-step flow to email campaign compose,375,111,486,1,0,1
224bfa47b698a92ecb63ace09fe0927046dff335,Adam Berg,adam@xyzdigital.com,2026-06-03T07:26:57-07:00,2026-06-03,7,3,Wednesday,[AI] Add AI code helper sidebar to email campaign compose,51,41,92,1,0,1
499dfe89df4e8d203f87c266c81c573f26a2d800,Adam Berg,adam@xyzdigital.com,2026-06-03T07:28:07-07:00,2026-06-03,7,3,Wednesday,[AI] Fix PageHtmlChatPanel outside SidebarProvider,34,2,36,2,0,1
20e93c325a234d11755145d0a9e3775662e3a7fc,Adam Berg,adam@xyzdigital.com,2026-06-03T07:52:38-07:00,2026-06-03,7,3,Wednesday,[AI] Fix email campaign sending to all filtered leads instead of selected subset,11,1,12,1,0,1
0d89a433be0c7777b39bab231f544bbe11eff5d8,Adam Berg,adam@xyzdigital.com,2026-06-03T08:02:58-07:00,2026-06-03,8,3,Wednesday,[AI] Add start/stop recording control to livestream host settings,57,0,57,2,0,1
0ea22dd5d7c1ed3d70d62786d2396327bcae0fe6,Adam Berg,adam@xyzdigital.com,2026-06-03T08:26:19-07:00,2026-06-03,8,3,Wednesday,[AI] Move shop checkout email/phone to cart step with lead prefill,98,21,119,7,0,1
46e43fce9c4a0e097c4fb0b4828e693230f671ee,Adam Berg,adam@xyzdigital.com,2026-06-03T08:51:56-07:00,2026-06-03,8,3,Wednesday,[AI] Rename user-facing Automations to Flows with Fan icon,60,60,120,14,0,1
613bdf329d9cb383ede6907446356a7f991f76ad,Adam Berg,adam@xyzdigital.com,2026-06-03T08:53:36-07:00,2026-06-03,8,3,Wednesday,[AI] Persist main sidebar open state in localStorage,20,10,30,2,0,1
0f931ebf647af18f870623473d6823dcd5e37ced,Adam Berg,adam@xyzdigital.com,2026-06-03T08:57:11-07:00,2026-06-03,8,3,Wednesday,[AI] Add AI sidebar and code/preview tabs to automation email body editor,52,14,66,1,0,1
177c09f1df000c0bb31591e8c55d1513e420e82f,Adam Berg,adam@xyzdigital.com,2026-06-03T08:59:18-07:00,2026-06-03,8,3,Wednesday,[AI] Add no em dash rule to page HTML generation prompts,2,0,2,1,0,1
3d4a1767d0bff0ead26dd51d889295252de08b88,Adam Berg,adam@xyzdigital.com,2026-06-03T08:59:41-07:00,2026-06-03,8,3,Wednesday,Remove hyphen suggestion,2,2,4,1,0,0
b28ff055f8827ea27fb3e14284edbed7c11d96ab,Adam Berg,adam@xyzdigital.com,2026-06-03T09:03:16-07:00,2026-06-03,9,3,Wednesday,[AI] Add AI settings tab with configurable system prompt,265,1,266,8,0,1
0856aed26c13d43783b1f1f351abe598290372e4,Adam Berg,adam@xyzdigital.com,2026-06-03T09:39:11-07:00,2026-06-03,9,3,Wednesday,[AI] Add script to bulk-seed 1000 faker leads for an artist,157,0,157,3,0,1
02a6c86b8fc06b5fc20877584d5d7f29e3b45028,Adam Berg,adam@xyzdigital.com,2026-06-03T09:41:56-07:00,2026-06-03,9,3,Wednesday,[AI] Pass first/last name into faker Instagram usernames,1,1,2,1,0,1
7c0da2e8cb5cf51eba0e99be46fefca94ab3af5a,Adam Berg,adam@xyzdigital.com,2026-06-03T09:42:58-07:00,2026-06-03,9,3,Wednesday,[AI] Generate seed lead phone numbers with +1555 prefix,6,1,7,1,0,1
3747db3218b253e2633fb95da9677b59aaa46f46,Adam Berg,adam@xyzdigital.com,2026-06-03T09:45:29-07:00,2026-06-03,9,3,Wednesday,[AI] Seed Payment docs for leads with purchases,59,1,60,1,0,1
727ff541c254869d4fd7285ce5e283bbb9385084,Adam Berg,adam@xyzdigital.com,2026-06-03T09:46:47-07:00,2026-06-03,9,3,Wednesday,[AI] Store seed lead amountSpent and payment amounts in cents,6,4,10,1,0,1
4bb7d99688267bd75b7c717a10a12ef6e44afc74,Adam Berg,adam@xyzdigital.com,2026-06-03T09:57:34-07:00,2026-06-03,9,3,Wednesday,[AI] Weight lead coordinates by US city population in seed script,67,13,80,1,0,1
7c99c8a6bc58e2a0518607a7f1d47e37d762a82f,Adam Berg,adam@xyzdigital.com,2026-06-03T10:00:06-07:00,2026-06-03,10,3,Wednesday,[AI] Cluster contact map markers at wide zoom levels,161,28,189,1,0,1
54fb2beb31ef9a1c5719b612382c1532167d9f9d,Adam Berg,adam@xyzdigital.com,2026-06-03T10:01:29-07:00,2026-06-03,10,3,Wednesday,[AI] Widen contact map cluster radius per zoom level,64,2,66,1,0,1
8ee8a196649fc571522780284fbeb459053dbbcb,Adam Berg,adam@xyzdigital.com,2026-06-03T10:02:49-07:00,2026-06-03,10,3,Wednesday,[AI] Tighten contact map cluster radius,2,58,60,1,0,1
8c9c1b1c327cf457da305bfc99e574c94ce2977a,Adam Berg,adam@xyzdigital.com,2026-06-03T10:10:47-07:00,2026-06-03,10,3,Wednesday,[AI] Tighten seed lead location jitter to ±0.1°,2,2,4,1,0,1
e7bd0f193c94fa853199b61fad8180c53058b87b,Adam Berg,adam@xyzdigital.com,2026-06-03T11:05:29-07:00,2026-06-03,11,3,Wednesday,[AI] Fix livestream viewer audio not playing,96,62,158,1,0,1
99f2f9aac3f8284535999ebd0e288e74ed62acb3,Adam Berg,adam@xyzdigital.com,2026-06-03T13:25:03-07:00,2026-06-03,13,3,Wednesday,[AI] Pin host livestream chat to bottom when scrolled there,37,6,43,1,0,1
4bf78ab85b9edf8a2db1abbef76505ef0754dc1a,Adam Berg,adam@xyzdigital.com,2026-06-03T13:26:08-07:00,2026-06-03,13,3,Wednesday,[AI] Add iOS audio unlock overlay for livestream viewers,90,10,100,2,0,1
521e4b420ab0ab84982779522c8324c388d8f074,Adam Berg,adam@xyzdigital.com,2026-06-03T13:27:09-07:00,2026-06-03,13,3,Wednesday,[AI] Allow dragging host camera PIP in livestream viewer,128,3,131,3,0,1
e5cbf6c59e722cc184542ccf4a0158f2205f79c1,Adam Berg,adam@xyzdigital.com,2026-06-03T13:30:56-07:00,2026-06-03,13,3,Wednesday,[AI] Show unread count badge on host Chat tab,39,3,42,2,0,1
38dfecfef5fb1afc11898185e53ca60c2e843e06,Adam Berg,adam@xyzdigital.com,2026-06-03T13:59:50-07:00,2026-06-03,13,3,Wednesday,[AI] Combine Request Join and Shop into overflow menu,42,27,69,1,0,1
49e1e93c1021032c7558d574a20b645b758db9b7,Adam Berg,adam@xyzdigital.com,2026-06-03T14:01:29-07:00,2026-06-03,14,3,Wednesday,[AI] Add kick from meeting in livestream host People tab,63,11,74,3,0,1
902103892356cb55b2f211379ddf53ac9f141149,Adam Berg,adam@xyzdigital.com,2026-06-03T14:10:47-07:00,2026-06-03,14,3,Wednesday,[AI] Add microphone and camera device pickers to livestream host settings.,209,3,212,2,0,1
d4245c5b30a8f5d0bb6a4dc8490cf137c8120e88,Adam Berg,adam@xyzdigital.com,2026-06-03T14:11:33-07:00,2026-06-03,14,3,Wednesday,[AI] Add speaker output device picker to livestream host settings.,63,1,64,2,0,1
40a2e1a9adae702c24ade045ff08b26e265acde2,Adam Berg,adam@xyzdigital.com,2026-06-03T14:12:48-07:00,2026-06-03,14,3,Wednesday,[AI] Place mute and camera toggles beside device selects,117,90,207,1,0,1
e8b624f892024c8fabfffb83a11a25fa93d7b283,Adam Berg,adam@xyzdigital.com,2026-06-03T14:13:51-07:00,2026-06-03,14,3,Wednesday,[AI] Constrain speaker select width to prevent horizontal scroll,2,0,2,1,0,1
dfdd1ce14b35576cd70ccf2209ae1c003bfb7ce1,Adam Berg,adam@xyzdigital.com,2026-06-03T14:40:57-07:00,2026-06-03,14,3,Wednesday,[AI] Format product flow page HTML with Prettier before save,28,9,37,2,0,1
cf069cf570e398f8dcd13ccc773470d08289306f,Adam Berg,adam@xyzdigital.com,2026-06-03T15:02:49-07:00,2026-06-03,15,3,Wednesday,Change function name,4,4,8,2,0,0
b9cec1467099521528ac2ca003a39d3ddfa382ca,Adam Berg,adam@xyzdigital.com,2026-06-03T15:11:07-07:00,2026-06-03,15,3,Wednesday,[AI] Replace Contacts date filters with segment tiles,293,298,591,4,0,1
e9444c941a4ce63d79311878562c15bcbb529c25,Adam Berg,adam@xyzdigital.com,2026-06-03T15:13:05-07:00,2026-06-03,15,3,Wednesday,[AI] Fix contacts lead query artist ObjectId in aggregation,12,5,17,1,0,1
808df62fc793a98a5c77202973ed61a0d79df094,Adam Berg,adam@xyzdigital.com,2026-06-03T15:15:51-07:00,2026-06-03,15,3,Wednesday,[AI] Randomize lead engagement fields in seed script,3,0,3,1,0,1
99a9ffa31cecf8b1d046a7801f4e220d473f8e72,Adam Berg,adam@xyzdigital.com,2026-06-03T15:31:29-07:00,2026-06-03,15,3,Wednesday,[AI] Add Active dashboard tile with lastActive chart and layout,97,17,114,3,0,1
ca49d16c7744e2636d0d9970dbcdc6097e7968cc,Adam Berg,adam@xyzdigital.com,2026-06-03T15:32:43-07:00,2026-06-03,15,3,Wednesday,[AI] Rename dashboard contact tile labels,2,2,4,1,0,1
27a37acaa9f8d7c8aa0fbe0a6187dba00e126d4f,Adam Berg,adam@xyzdigital.com,2026-06-03T15:35:58-07:00,2026-06-03,15,3,Wednesday,[AI] Restore date filters on Contacts page with segment URL params,259,22,281,2,0,1
16d9666eedab6332c72be83275f1e12b6d8c04d3,Adam Berg,adam@xyzdigital.com,2026-06-03T15:38:08-07:00,2026-06-03,15,3,Wednesday,"[AI] Show ""New"" on contacts tile when date filter is not All",12,1,13,1,0,1
858644c751d1613561896f75eb93cbb73bf2dc9f,Adam Berg,adam@xyzdigital.com,2026-06-03T15:41:47-07:00,2026-06-03,15,3,Wednesday,[AI] Show single Contacts tile on dashboard when All is selected,95,72,167,1,0,1
946c98f41a11110aee20d706fa2be900c5f77b99,Adam Berg,adam@xyzdigital.com,2026-06-03T15:42:05-07:00,2026-06-03,15,3,Wednesday,[AI] Keep revenue tile on dashboard when All is selected,27,18,45,1,0,1
55627f59cf013792bdd9a11c1dcb37d0be7b3839,Adam Berg,adam@xyzdigital.com,2026-06-03T16:05:41-07:00,2026-06-03,16,3,Wednesday,[AI] Show livestream audio unlock overlay on all devices,2,5,7,1,0,1
137be10978500bcb86ebde5cf695a8537cbccbd7,Adam Berg,adam@xyzdigital.com,2026-06-03T16:11:08-07:00,2026-06-03,16,3,Wednesday,[AI] Replace livestream audio overlay with video unmute button,81,37,118,3,0,1
367fa59c0f3c799737fce53ec96d24001d468d77,Adam Berg,adam@xyzdigital.com,2026-06-03T16:19:00-07:00,2026-06-03,16,3,Wednesday,[AI] Always mount livestream remote audio element for viewers,30,4,34,1,0,1
590ef0761b4389b9da775397efd0e59d2cc70ae3,Adam Berg,adam@xyzdigital.com,2026-06-03T21:11:29-07:00,2026-06-03,21,3,Wednesday,[AI] Rename Sales sidebar section to Products with List above Orders,26,21,47,8,0,1
0f4a2ec5fc0b7086e20f1d4d2ab613919bf76a81,Adam Berg,adam@xyzdigital.com,2026-06-03T21:11:57-07:00,2026-06-03,21,3,Wednesday,[AI] Use package icon for Products in sidebar,2,2,4,1,0,1
5c5c5bf5998b670fbc7ccefd20ca3e9a14f5d83a,Adam Berg,adam@xyzdigital.com,2026-06-04T07:28:22-07:00,2026-06-04,7,4,Thursday,[AI] Unlock livestream audio on page touchend instead of Unmute click,23,5,28,2,0,1
d89e3563ff459e17ff676619d115f7f052935157,Adam Berg,adam@xyzdigital.com,2026-06-04T07:34:04-07:00,2026-06-04,7,4,Thursday,[AI] Remove global livestream audio unlock helpers,28,98,126,2,0,1
7f24b5cb7e50f17ff318542361a62ac723638014,Adam Berg,adam@xyzdigital.com,2026-06-04T07:36:13-07:00,2026-06-04,7,4,Thursday,[AI] Unlock livestream audio on desktop interaction events,18,5,23,1,0,1
8dae0ac35dc1b4e8bb5754d9c8b0ee1e92d9f7b8,Adam Berg,adam@xyzdigital.com,2026-06-04T07:42:41-07:00,2026-06-04,7,4,Thursday,[AI] Centralize livestream audio unlock state in viewer view,21,29,50,4,0,1
1fbd4b2a861470bbbcc54574bfcdc6223552d87c,Adam Berg,adam@xyzdigital.com,2026-06-04T10:20:41-07:00,2026-06-04,10,4,Thursday,[AI] Prompt for guest name before joining livestreams without requireAuthentication,239,18,257,4,0,1
4115f9ab841acf22b8fd9ce44740187ea0e0f209,Adam Berg,adam@xyzdigital.com,2026-06-05T05:04:37-07:00,2026-06-05,5,5,Friday,[AI] Add purchase access gate for priced meetings,103,2,105,2,0,1
6a842f35201092afa26f8d08b76fad760d31b68a,Adam Berg,adam@xyzdigital.com,2026-06-05T05:27:38-07:00,2026-06-05,5,5,Friday,[AI] Apply website theme colors to meeting purchase button,11,3,14,1,0,1
f55f0f6ff41378ae6076abfc0a304c00490968be,Adam Berg,adam@xyzdigital.com,2026-06-05T05:28:51-07:00,2026-06-05,5,5,Friday,[AI] Add Having Trouble mailto link to meeting routes,42,19,61,4,0,1
b001666b632d3663536304bc69d33f9080f55912,Adam Berg,adam@xyzdigital.com,2026-06-05T05:32:34-07:00,2026-06-05,5,5,Friday,[AI] Use CustomEmail for support email on product hostname lookup,12,4,16,1,0,1
dd5973b0501576192eb8a522c0e929474f24ecc8,Adam Berg,adam@xyzdigital.com,2026-06-05T09:41:40-07:00,2026-06-05,9,5,Friday,[AI] Add product access grants for meeting login,452,2,454,10,0,1
535d0024cae415a76dd2ff5ceb4b44417f5e4f85,Adam Berg,adam@xyzdigital.com,2026-06-05T09:48:06-07:00,2026-06-05,9,5,Friday,[AI] Add livestream start/end schedule with pre-start waiting UI,586,21,607,11,0,1
815b36f10982edf44880fd3415ad37b20294c14c,Adam Berg,adam@xyzdigital.com,2026-06-05T09:50:31-07:00,2026-06-05,9,5,Friday,[AI] Show livestream start time in browser timezone with TZ label,8,0,8,2,0,1
e4929071bd34216bcad3982e2d02f210457cfadf,Adam Berg,adam@xyzdigital.com,2026-06-05T09:51:08-07:00,2026-06-05,9,5,Friday,[AI] Put livestream start date on its own line,28,24,52,2,0,1
d7f51473c6a49f81c8f02bdc70846b12ecbd77cf,Adam Berg,adam@xyzdigital.com,2026-06-05T09:52:15-07:00,2026-06-05,9,5,Friday,"[AI] Remove ""Livestream starts"" label and enlarge date on waiting screen",11,9,20,1,0,1
382bb3a4288fa259523cbe2459e0a89e080a4076,Adam Berg,adam@xyzdigital.com,2026-06-05T09:54:18-07:00,2026-06-05,9,5,Friday,"[AI] Show product image during ""Starts soon"" waiting state",3,1,4,1,0,1
b01673c93da8c9ee5bc56b30850bd1e4013f3b49,Adam Berg,adam@xyzdigital.com,2026-06-05T09:56:02-07:00,2026-06-05,9,5,Friday,[AI] Set livestream waiting image max width to 300px,1,1,2,1,0,1
afcfe2d6e52e95eb6e758e610bd75fa74cd3f780,Adam Berg,adam@xyzdigital.com,2026-06-05T10:00:19-07:00,2026-06-05,10,5,Friday,[AI] Add generic checkout confirmation email when no success actions.,297,11,308,6,0,1
9500a3c69004497f5eb8659a9b2b4a4b59602dc6,Adam Berg,adam@xyzdigital.com,2026-06-05T10:05:37-07:00,2026-06-05,10,5,Friday,[AI] Send checkout confirmation when no StartAutomation actions,2,1,3,1,0,1
8a7218628b829e29ac26f79335a225620981b610,Adam Berg,adam@xyzdigital.com,2026-06-05T10:06:59-07:00,2026-06-05,10,5,Friday,[AI] Use automation run count for checkout confirmation email,17,16,33,1,0,1
7599da8f5a400ff6b326f3e2426d4852b1d18ac0,Adam Berg,adam@xyzdigital.com,2026-06-05T10:14:58-07:00,2026-06-05,10,5,Friday,[AI] Add redirect page type with target URL and view analytics,157,56,213,9,0,1
61e3ec0ea400073288171900c8b4347758143840,Adam Berg,adam@xyzdigital.com,2026-06-05T10:24:11-07:00,2026-06-05,10,5,Friday,[AI] Show participant count overlay on livestream host view,11,0,11,1,0,1
54404427e53381a8f826a661377fd2d23360fbcc,Adam Berg,adam@xyzdigital.com,2026-06-05T14:32:52-07:00,2026-06-05,14,5,Friday,[AI] Add random participant selection with slot machine animation,367,3,370,6,0,1
4683cca76fa2c1657d3d7a155e6f145138d50d5b,Adam Berg,adam@xyzdigital.com,2026-06-05T14:36:06-07:00,2026-06-05,14,5,Friday,[AI] Let hosts bypass livestream ended schedule screen,18,20,38,1,0,1
01eb9617ed1a5614e4ae4b9c0a2740f13e836bb6,Adam Berg,adam@xyzdigital.com,2026-06-05T14:38:37-07:00,2026-06-05,14,5,Friday,[AI] Fix random participant draw ID when crypto.randomUUID is unavailable,9,1,10,2,0,1
a7ffa4b413ce5987f3c0f6c8f5c94ccdfc133a0c,Adam Berg,adam@xyzdigital.com,2026-06-05T14:46:09-07:00,2026-06-05,14,5,Friday,[AI] Fix random participant reel animation jank and show on host view,36,46,82,3,0,1
cb3071f3cd2b65073a94e60e0c17c0c3c14c3c40,Adam Berg,adam@xyzdigital.com,2026-06-08T08:32:28-07:00,2026-06-08,8,1,Monday,Go live button livestream,193,39,232,5,0,0
684cbfb3434f3a19a09a696fb3976c8861a54174,Adam Berg,adam@xyzdigital.com,2026-06-08T10:19:36-07:00,2026-06-08,10,1,Monday,[AI] Skip stage.join when host is already on stage,3,1,4,1,0,1
5a72eec7089358ab309dde67976661e926453bad,Adam Berg,adam@xyzdigital.com,2026-06-08T11:02:09-07:00,2026-06-08,11,1,Monday,"[AI] Show livestream to viewers when host is broadcasting, ignoring schedule",141,35,176,4,0,1
4681d36cb967eb8cf037751ec3b71c4896ae47ff,Adam Berg,adam@xyzdigital.com,2026-06-08T11:02:42-07:00,2026-06-08,11,1,Monday,[AI] Add End Stream button for host to return to preview mode,59,1,60,2,0,1
5c7c575e131c27148ccaf6da39a0d487a00d5167,Adam Berg,adam@xyzdigital.com,2026-06-08T11:06:03-07:00,2026-06-08,11,1,Monday,[AI] Fix host rejoining stage after ending stream,4,1,5,1,0,1
35981653c168ad3f9b9acf59f95bf2d213b7a1d7,Adam Berg,adam@xyzdigital.com,2026-06-08T11:09:28-07:00,2026-06-08,11,1,Monday,[AI] Add host toggle to show or hide viewer request-to-join,142,1,143,5,0,1
2e0a9c4884e52462c045161407a9107beb21b0de,Adam Berg,adam@xyzdigital.com,2026-06-08T11:15:04-07:00,2026-06-08,11,1,Monday,[AI] Default request-to-join hidden and sync state to late joiners,86,7,93,2,0,1
3fb141330bd3e5bc3d0cfcb2b698d720f5701374,Adam Berg,adam@xyzdigital.com,2026-06-08T11:22:22-07:00,2026-06-08,11,1,Monday,[AI] Fix request join visibility broadcast to use broadcastMessage target,4,9,13,1,0,1
8ab4431f8eafccdea432df7c217d98a21a4d2c9a,Adam Berg,adam@xyzdigital.com,2026-06-08T11:36:55-07:00,2026-06-08,11,1,Monday,[AI] Use viewer-initiated sync for livestream config instead of join broadcast,99,56,155,3,0,1
eecff9f3573611c9f6e63449e235faffceec327c,Adam Berg,adam@xyzdigital.com,2026-06-08T11:50:54-07:00,2026-06-08,11,1,Monday,[AI] Show Request Join and Shop as labeled icon buttons in viewer,36,43,79,1,0,1
1453033c1cd0463caf252e1e7861cadc61d36c62,Adam Berg,adam@xyzdigital.com,2026-06-08T11:52:57-07:00,2026-06-08,11,1,Monday,[AI] Compact Join and Shop buttons to align with chat input,26,32,58,2,0,1
421743a2da2c07e035449899d723d8a39e737d8d,Adam Berg,adam@xyzdigital.com,2026-06-08T12:02:10-07:00,2026-06-08,12,1,Monday,Add cancel text,6,6,12,1,0,0
da66bcec63ef5600f63800d811c5d29b8908c244,Adam Berg,adam@xyzdigital.com,2026-06-08T12:02:23-07:00,2026-06-08,12,1,Monday,Remove hot from dev and force exit on error,3,3,6,2,0,0
fa219b7e816f6d7b14a5fd6882d07325ef6f9f7d,Adam Berg,adam@xyzdigital.com,2026-06-08T12:14:49-07:00,2026-06-08,12,1,Monday,[AI] Hide mic/camera selects when no devices available,75,69,144,1,0,1
1d0103e368da636be30c1f5a3ae1fee69ed99868,Adam Berg,adam@xyzdigital.com,2026-06-08T12:15:41-07:00,2026-06-08,12,1,Monday,[AI] Hide speaker select when no devices available,36,34,70,1,0,1
f5d0de85680460cb4d020993710feba03acb03a2,Adam Berg,adam@xyzdigital.com,2026-06-08T12:22:28-07:00,2026-06-08,12,1,Monday,[AI] Add livestream admin view with host/admin join dropdown,276,64,340,12,0,1
914d4ab0ffcb57c0f57f1d80a79bc3802c70477b,Adam Berg,adam@xyzdigital.com,2026-06-08T12:24:57-07:00,2026-06-08,12,1,Monday,[AI] Exclude admin participants from livestream stage feeds,32,6,38,3,0,1
c96e4b529e1d3f0e56ec9ca5e3c4cc6b86e77ff3,Adam Berg,adam@xyzdigital.com,2026-06-08T12:33:48-07:00,2026-06-08,12,1,Monday,Fix go live text,1,1,2,1,0,0
3e83a9ca2f30a681605440c5bd046a0929eb4b69,Adam Berg,adam@xyzdigital.com,2026-06-09T06:40:18-07:00,2026-06-09,6,2,Tuesday,[AI] Record host media stream locally when cloud recording starts,108,0,108,2,0,1
d61d2ec19c17842ecf90e095ec80d63e32a44e22,Adam Berg,adam@xyzdigital.com,2026-06-09T06:54:50-07:00,2026-06-09,6,2,Tuesday,[AI] Use getUserMedia for host local recording at 1080p,19,23,42,1,0,1
2ff732512f0cbe2dd6160dfe79d574910c1945fd,Adam Berg,adam@xyzdigital.com,2026-06-09T07:03:25-07:00,2026-06-09,7,2,Tuesday,[AI] Add MP4 codec candidates for host media recording,13,3,16,1,0,1
6a5a5e034a11b94fb3de42ced22aced594783d15,Adam Berg,adam@xyzdigital.com,2026-06-09T07:13:01-07:00,2026-06-09,7,2,Tuesday,[AI] Use H.264 High profile for host MP4 recording,2,2,4,1,0,1
1f1d589c31c074219f2289536672089871c8edcd,Adam Berg,adam@xyzdigital.com,2026-06-09T07:28:03-07:00,2026-06-09,7,2,Tuesday,[AI] Unify host getUserMedia for preview and go-live via custom RTK tracks.,216,112,328,7,0,1
7d957d518b15f71af4ffb97e3586985e73a0171a,Adam Berg,adam@xyzdigital.com,2026-06-09T11:38:12-07:00,2026-06-09,11,2,Tuesday,[AI] Add host toggle for shop visibility in livestream sidebar,175,21,196,7,0,1
2c61c3c9c93cc1bd0d3bd9015b950b91dd773eaa,Adam Berg,adam@xyzdigital.com,2026-06-09T11:42:17-07:00,2026-06-09,11,2,Tuesday,[AI] Add host ability to pin livestream chat comments,367,13,380,7,0,1
720439ff291708e1143a6f11ab1c6df9d5f373e3,Adam Berg,adam@xyzdigital.com,2026-06-09T11:44:30-07:00,2026-06-09,11,2,Tuesday,[AI] Stack chat bubbles above pinned comment with icon-only label,35,13,48,3,0,1
13c446af2c5656d2a181b14144b3cfea35bccf77,Adam Berg,adam@xyzdigital.com,2026-06-09T11:46:17-07:00,2026-06-09,11,2,Tuesday,[AI] Reposition pinned comment overlays on host and viewer views,17,3,20,3,0,1
4d13a7b4f144a6d804e962593763dfb1cfca2b1d,Adam Berg,adam@xyzdigital.com,2026-06-09T11:47:25-07:00,2026-06-09,11,2,Tuesday,[AI] Stack viewer chat bubbles above pinned comment in one column,25,8,33,3,0,1
99969e8f42f93d14531761814b1d689688627c38,Adam Berg,adam@xyzdigital.com,2026-06-09T11:48:08-07:00,2026-06-09,11,2,Tuesday,[AI] Let pinned comment bubble span full overlay width,1,1,2,1,0,1
e66e580abb9413e09a30b02f855b052a644b15c3,Adam Berg,adam@xyzdigital.com,2026-06-09T11:50:32-07:00,2026-06-09,11,2,Tuesday,[AI] Skip historical chat messages for livestream viewers,8,3,11,2,0,1
620edf821075908050c5a2f71c999c4ea5902c48,Adam Berg,adam@xyzdigital.com,2026-06-09T11:52:02-07:00,2026-06-09,11,2,Tuesday,[AI] Show livestream start date on pre-access pages,30,2,32,4,0,1
1d44f34a4a995a4c7e1ac83fac8203665f2f8356,Adam Berg,adam@xyzdigital.com,2026-06-09T11:53:53-07:00,2026-06-09,11,2,Tuesday,"[AI] Show product image, title, and date on verify code page",14,3,17,1,0,1
baa542361464245f063fd9823d0c06bf15d00931,Adam Berg,adam@xyzdigital.com,2026-06-09T11:55:34-07:00,2026-06-09,11,2,Tuesday,[AI] Pre-populate meeting login from email/phone query params,19,4,23,1,0,1
11cba6392ce396685d06f0f1676932776f5d8c0e,Adam Berg,adam@xyzdigital.com,2026-06-09T11:57:50-07:00,2026-06-09,11,2,Tuesday,[AI] Add purchase access link on livestream login page for paid products,16,2,18,1,0,1
1a029f1270604b231c2777fa0d30005e30095051,Adam Berg,adam@xyzdigital.com,2026-06-09T11:58:49-07:00,2026-06-09,11,2,Tuesday,[AI] Shorten meeting sign-in purchase error message,1,1,2,1,0,1
f73feba48a07bbfbe8736f345ed3e19314fe9ca3,Adam Berg,adam@xyzdigital.com,2026-06-09T11:59:52-07:00,2026-06-09,11,2,Tuesday,[AI] Default host camera getUserMedia to 720p instead of 1080p,2,2,4,1,0,1
e87b99f1de6e4699f595ea2a1110ff5492cda34c,Adam Berg,adam@xyzdigital.com,2026-06-09T12:32:54-07:00,2026-06-09,12,2,Tuesday,[AI] Add meeting product flow tab and livestream shop checkout automations,1023,300,1323,24,0,1
ed2857edd062ef9abbf8a7de768fdc8cd1887fb1,Adam Berg,adam@xyzdigital.com,2026-06-09T12:38:59-07:00,2026-06-09,12,2,Tuesday,[AI] Merge meeting product onSuccessActions into hosted checkout creation,56,6,62,2,0,1
3212eec8c5dd1320fd230e5508ddeba9214d5099,Adam Berg,adam@xyzdigital.com,2026-06-09T15:38:56-07:00,2026-06-09,15,2,Tuesday,[AI] Split meeting checkout into access and shop configs,316,114,430,13,0,1
a352233367c59cca46bd9415d7d251e1ec3ebe7b,Adam Berg,adam@xyzdigital.com,2026-06-09T15:43:39-07:00,2026-06-09,15,2,Tuesday,[AI] Fix meeting.access.checkout validation on product update,21,26,47,1,0,1
772622891788356784b01b6b5d02a1bc10746ebd,Adam Berg,adam@xyzdigital.com,2026-06-10T07:03:48-07:00,2026-06-10,7,3,Wednesday,[AI] Add Add to Calendar button on livestream meeting pages,258,9,267,7,0,1
5a8eca3132657b4fac0cc39a5ab4f7292abc709d,Adam Berg,adam@xyzdigital.com,2026-06-10T07:26:26-07:00,2026-06-10,7,3,Wednesday,[AI] Create order on free meeting sign-in when auth is required,82,11,93,4,0,1
a8484217541bd102cff6e02d1cf67c4c0f726ea2,Adam Berg,adam@xyzdigital.com,2026-06-10T07:36:27-07:00,2026-06-10,7,3,Wednesday,[AI] Add meeting shop tipping for livestream viewer checkout,501,116,617,11,0,1
cf8c3fed8fd1237a0b283ee72e52bfd6ab169f8f,Adam Berg,adam@xyzdigital.com,2026-06-10T07:38:26-07:00,2026-06-10,7,3,Wednesday,[AI] Fix meeting shop tipping save CastError on checkout path,76,39,115,1,0,1
55729a3252dca6083a44e41ffa6ded27591513f5,Adam Berg,adam@xyzdigital.com,2026-06-10T07:41:23-07:00,2026-06-10,7,3,Wednesday,[AI] Allow enabling shop when tipping is configured without products,22,2,24,4,0,1
4bfa825d8727ac7a3bf36280d02a22c5fd2dbf95,Adam Berg,adam@xyzdigital.com,2026-06-10T07:45:15-07:00,2026-06-10,7,3,Wednesday,[AI] Move livestream shop tip selection to cart step,231,138,369,4,0,1
ae4bf578a6f3a55406666af2348e358768c0edaa,Adam Berg,adam@xyzdigital.com,2026-06-10T07:47:12-07:00,2026-06-10,7,3,Wednesday,[AI] Show tip amounts immediately without checkbox toggle,78,104,182,1,0,1
77684dd213a87113f4aa73b070d31156c0abb67d,Adam Berg,adam@xyzdigital.com,2026-06-10T07:48:50-07:00,2026-06-10,7,3,Wednesday,[AI] Enable Place Order when checkout total is tip-only,14,6,20,1,0,1
75b7bb40c228fcb99e881f1fe86fa60dbb19bbd5,Adam Berg,adam@xyzdigital.com,2026-06-10T08:42:22-07:00,2026-06-10,8,3,Wednesday,[AI] Show simpler auth prompt for free meetings,3,1,4,1,0,1
b0a8e6c2419f88094d89fa3d14d13d44e3f36f6c,Adam Berg,adam@xyzdigital.com,2026-06-10T08:57:44-07:00,2026-06-10,8,3,Wednesday,Fix test text,1,1,2,1,0,0
9af443838a84fc7f30091bc09b5f0cf58997b7a5,Adam Berg,adam@xyzdigital.com,2026-06-10T09:02:11-07:00,2026-06-10,9,3,Wednesday,[AI] Save shop tip amounts on blur instead of on change,88,11,99,1,0,1
1e253863837efa8e0111dbb26a4d22966a26e04e,Adam Berg,adam@xyzdigital.com,2026-06-10T09:54:20-07:00,2026-06-10,9,3,Wednesday,[AI] Update checkout variant select label and full width,2,2,4,1,0,1
293a5fa46090d0c0e7b61b5722b4476fd04ed74b,Adam Berg,adam@xyzdigital.com,2026-06-10T09:56:08-07:00,2026-06-10,9,3,Wednesday,[AI] Put checkout price inline with product name,45,38,83,1,0,1
c3cf05d4db87c818090575cab14f375a9e4873af,Adam Berg,adam@xyzdigital.com,2026-06-10T09:57:11-07:00,2026-06-10,9,3,Wednesday,[AI] Move shop heading inline with close button in overlay header,17,16,33,1,0,1
4f05e351bb29ea13728bdd08cde8f8b22a24516c,Adam Berg,adam@xyzdigital.com,2026-06-10T09:57:46-07:00,2026-06-10,9,3,Wednesday,[AI] Center-align shop heading in overlay header,3,3,6,1,0,1
3d8119af61d18b3c928ed50465e3baa4d010d00f,Adam Berg,adam@xyzdigital.com,2026-06-10T09:58:54-07:00,2026-06-10,9,3,Wednesday,[AI] Balance vertical spacing around checkout step indicators,1,1,2,1,0,1
f719671e638252443356397a3328ae2bc915a7ec,Adam Berg,adam@xyzdigital.com,2026-06-10T10:10:35-07:00,2026-06-10,10,3,Wednesday,[AI] Include product images on livestream order confirmation,2,0,2,1,0,1
3dce2ccf9e1eaf407208b5a6dfad903f7e4c5067,Adam Berg,adam@xyzdigital.com,2026-06-11T15:19:00-07:00,2026-06-11,15,4,Thursday,[AI] Enable high-quality audio for livestream host and screenshare,31,3,34,3,0,1
2a39d142a67c8bb249796c3e60d968e6abdc9d92,Adam Berg,adam@xyzdigital.com,2026-06-11T15:28:58-07:00,2026-06-11,15,4,Thursday,[AI] Move meeting auth settings to Access tab and add allowed auth types,405,117,522,9,0,1
91f2e22a5a2354bc1a30b7628e9ab5b35c35f498,Adam Berg,adam@xyzdigital.com,2026-06-11T15:35:29-07:00,2026-06-11,15,4,Thursday,[AI] Collect lead name after meeting auth verification,321,37,358,9,0,1
780dfd2c0b867b25557d6cd748149a0c6fc336db,Adam Berg,adam@xyzdigital.com,2026-06-11T15:39:25-07:00,2026-06-11,15,4,Thursday,[AI] Add livestream name placeholders and display preview on auth verify.,15,3,18,1,0,1
023a6db877568b9ebfe9ce1ca51459a0cc9f5845,Adam Berg,adam@xyzdigital.com,2026-06-11T15:41:17-07:00,2026-06-11,15,4,Thursday,[AI] Move formatMeetingParticipantName to lib.,23,25,48,5,0,1
d2079c1109c936baff3f200ec4e6ce4f3cec68f9,Adam Berg,adam@xyzdigital.com,2026-06-11T15:46:17-07:00,2026-06-11,15,4,Thursday,[AI] Unify meeting name collection into Display Name gate,177,208,385,12,0,1
bd25871f26789f55e8588b1cf0cc72c5f2ed5f01,Adam Berg,adam@xyzdigital.com,2026-06-11T15:48:27-07:00,2026-06-11,15,4,Thursday,[AI] Fix paid meeting display name prompt skipped after verify,14,9,23,5,0,1
f924a8a2167fd60b50fcfb0c49799162fc136826,Adam Berg,adam@xyzdigital.com,2026-06-11T15:48:29-07:00,2026-06-11,15,4,Thursday,[AI] Remove unused explicitRequireAuth variable,0,1,1,1,0,1
469d8e652418d9730890a6b5956de91fd7bf5e2b,Adam Berg,adam@xyzdigital.com,2026-06-11T15:54:25-07:00,2026-06-11,15,4,Thursday,[AI] Prompt for livestream display name each visit without persisting,15,299,314,16,0,1
1ca786629803c084bf5932a21be8a0106ce4dedf,Adam Berg,adam@xyzdigital.com,2026-06-11T16:03:49-07:00,2026-06-11,16,4,Thursday,[AI] Show product description above variant and quantity on checkout,3,3,6,1,0,1
52c11486e4fad1b9661a90d7f963c633875599c9,Adam Berg,adam@xyzdigital.com,2026-06-12T12:10:47-07:00,2026-06-12,12,5,Friday,[AI] Remove host device selects and fix livestream audio publishing,44,250,294,3,0,1
b948b8e8a9af1f67b34f74514ea5aa65584b4535,Adam Berg,adam@xyzdigital.com,2026-06-12T12:13:23-07:00,2026-06-12,12,5,Friday,[AI] Update livestream host sidebar controls styling and confirmations,53,108,161,3,0,1
76189cdedffb78e39609075e8f1dcc23722451b7,Adam Berg,adam@xyzdigital.com,2026-06-12T12:16:05-07:00,2026-06-12,12,5,Friday,[AI] Move stream controls above viewer controls and hide until live,48,48,96,1,0,1
683fb3e0ba0788a1e062455237cc8cf96afe6848,Adam Berg,adam@xyzdigital.com,2026-06-12T12:16:40-07:00,2026-06-12,12,5,Friday,[AI] Remove pre-live setup helper text from host sidebar,0,3,3,1,0,1
ac05f3b34184334d3a108335d2ad794a0eeb7d17,Adam Berg,adam@xyzdigital.com,2026-06-12T12:20:34-07:00,2026-06-12,12,5,Friday,[AI] Re-acquire host media after ending stream,72,21,93,2,0,1
5bcb62ef9899f3f9045baa2d722f970acd9c3686,Adam Berg,adam@xyzdigital.com,2026-06-12T12:25:50-07:00,2026-06-12,12,5,Friday,[AI] Fix host preview and re-go-live after ending stream,62,35,97,3,0,1
d9e37444222718d3194072b09c5117f3ec10525e,Adam Berg,adam@xyzdigital.com,2026-06-12T12:30:22-07:00,2026-06-12,12,5,Friday,[AI] Reset viewer audio unlock when host stream ends,17,4,21,2,0,1
ba4bfd39e3b98744b366c9ce8c26fe145ba5e46f,Adam Berg,adam@xyzdigital.com,2026-06-12T13:39:09-07:00,2026-06-12,13,5,Friday,[AI] Mirror host video in livestream host view,28,4,32,4,0,1
6130af34f2917fbed6efae5e872ac703d37d8479,Adam Berg,adam@xyzdigital.com,2026-06-12T13:39:19-07:00,2026-06-12,13,5,Friday,Remove log,0,2,2,1,0,0
3eafa9ee41d9a8af636d0f78572f13339942177f,Adam Berg,adam@xyzdigital.com,2026-06-12T13:41:04-07:00,2026-06-12,13,5,Friday,[AI] Start recording automatically when host goes live,39,5,44,2,0,1
93b58123d152c4b9b29388867db9a353b7366e37,Adam Berg,adam@xyzdigital.com,2026-06-12T13:41:07-07:00,2026-06-12,13,5,Friday,[AI] Fix indentation in useHostMediaLocalRecording,18,18,36,1,0,1
633234aa862b784f19503c11107ef5e8df159b6b,Adam Berg,adam@xyzdigital.com,2026-06-12T13:43:17-07:00,2026-06-12,13,5,Friday,[AI] Show Initializing Recording while recording starts,12,4,16,1,0,1
3e606e14257de452ae0b463bf5431207f99e7e26,Adam Berg,adam@xyzdigital.com,2026-06-12T13:44:25-07:00,2026-06-12,13,5,Friday,[AI] Replace Stop recording with red End Stream button,24,69,93,3,0,1
1a0d05016c54e0852a68a550b345268e27ba6915,Adam Berg,adam@xyzdigital.com,2026-06-12T13:45:54-07:00,2026-06-12,13,5,Friday,[AI] Prefer H.265 codec for host local recording when supported,2,0,2,1,0,1
78708031946e530120748f16f543406d76b54a0f,Adam Berg,adam@xyzdigital.com,2026-06-12T13:51:05-07:00,2026-06-12,13,5,Friday,[AI] Delay end stream button until recording actually starts,22,3,25,1,0,1
4d6d2bd2106c6cf5df3322e36a5787d1b061159c,Adam Berg,adam@xyzdigital.com,2026-06-12T13:56:00-07:00,2026-06-12,13,5,Friday,[AI] Grey out End Stream button during recording initialization,6,11,17,1,0,1
6e64e9ce4dc6cc89c9b7eacb230134b7a51ed552,Adam Berg,adam@xyzdigital.com,2026-06-12T13:58:32-07:00,2026-06-12,13,5,Friday,[AI] Show recording init loader below End Stream button,13,5,18,1,0,1
840a5a3b0ee060677bd3a8c5eca26abb49c9510b,Adam Berg,adam@xyzdigital.com,2026-06-12T14:03:55-07:00,2026-06-12,14,5,Friday,[AI] Stream host recording to disk via File System Access API,104,19,123,2,0,1
38843da200641f1c6b93c07737770d2f42c2d11c,Adam Berg,adam@xyzdigital.com,2026-06-12T14:09:35-07:00,2026-06-12,14,5,Friday,[AI] Close host recording stream when host tab is closed during livestream.,34,15,49,2,0,1
b4d69a106565f27effe82ddb99a1dc4de35a1218,Adam Berg,adam@xyzdigital.com,2026-06-12T14:12:15-07:00,2026-06-12,14,5,Friday,[AI] Rely on beforeunload dialog only for livestream tab close.,10,16,26,2,0,1
4e7d22c02e5907c8150f8f8a6d0bdecf0cc983cf,Adam Berg,adam@xyzdigital.com,2026-06-12T14:15:46-07:00,2026-06-12,14,5,Friday,[AI] Use product name in host recording save filename,51,5,56,3,0,1
5fe8d7886e92647000db4ac344746f00b1785c82,Adam Berg,adam@xyzdigital.com,2026-06-12T14:17:25-07:00,2026-06-12,14,5,Friday,[AI] Show initializing recording state inside disabled End Stream button,17,14,31,1,0,1
3a33b370ba78916cafee8647c1d8a167c3423878,Adam Berg,adam@xyzdigital.com,2026-06-12T14:26:38-07:00,2026-06-12,14,5,Friday,[AI] Show chat timestamps and link viewer names to contacts in host sidebar,87,2,89,10,0,1
5b40c50e5f96e6d3f10f4ca1b3d0730b1e673de0,Adam Berg,adam@xyzdigital.com,2026-06-12T14:34:34-07:00,2026-06-12,14,5,Friday,[AI] Link People tab participant names to contact pages in host sidebar,63,11,74,1,0,1
4d05c89f9ae67151701591469ed5ad432d209142,Adam Berg,adam@xyzdigital.com,2026-06-12T14:35:51-07:00,2026-06-12,14,5,Friday,[AI] Wait for recording file picker before going live,65,15,80,2,0,1
97157a7438bd373e35ee46d54471db0de083b87f,Adam Berg,adam@xyzdigital.com,2026-06-12T14:40:04-07:00,2026-06-12,14,5,Friday,[AI] Send chat messages when livestream shop purchase completes,8,0,8,2,0,1
32185ba2153fbcedda8e768ce395ac5ff777f173,Adam Berg,adam@xyzdigital.com,2026-06-12T14:43:36-07:00,2026-06-12,14,5,Friday,[AI] Include variant name in livestream purchase chat messages,10,1,11,1,0,1
0be3b3dbf2864baa2dd7793efb3e669aa03b6f3a,Adam Berg,adam@xyzdigital.com,2026-06-12T14:54:03-07:00,2026-06-12,14,5,Friday,[AI] Add shared inventory pool for variant products,239,63,302,10,0,1
2950797c1430e6b91f920f068d590f880d572adb,Adam Berg,adam@xyzdigital.com,2026-06-12T14:56:56-07:00,2026-06-12,14,5,Friday,[AI] Fix variantId trim error on payment inventory decrement,2,1,3,1,0,1
3c37cfb6710f35a9023db3a41ac46e2914ed7cef,Adam Berg,adam@xyzdigital.com,2026-06-12T15:00:04-07:00,2026-06-12,15,5,Friday,[AI] Cap livestream shop quantities by inventory and show sold out,85,16,101,2,0,1
316c6d59eb85790e20f0b863d568ad7642c93cbd,Adam Berg,adam@xyzdigital.com,2026-06-12T15:01:51-07:00,2026-06-12,15,5,Friday,[AI] Hide quantity selector until variant is chosen,18,2,20,3,0,1
35b1274de49e089e5f9db971220af8f7af449865,Adam Berg,adam@xyzdigital.com,2026-06-12T15:04:42-07:00,2026-06-12,15,5,Friday,[AI] Allow deselecting automation on meeting checkout flow nodes,7,2,9,1,0,1
d5376553b2c89ba894dbe2f6e7a08e7b3a87f36e,Adam Berg,adam@xyzdigital.com,2026-06-12T15:06:39-07:00,2026-06-12,15,5,Friday,[AI] Fix clearing meeting checkout automation on product update,22,9,31,1,0,1
27f99233e093924d21d116f8456ac54da20c7094,Adam Berg,adam@xyzdigital.com,2026-06-12T15:09:22-07:00,2026-06-12,15,5,Friday,[AI] Persist cleared meeting checkout automations via product.set,23,27,50,1,0,1
6f9e4f8119cf22f66a92e0eeff994461fac591af,Adam Berg,adam@xyzdigital.com,2026-06-12T15:15:40-07:00,2026-06-12,15,5,Friday,[AI] Unify livestream host join for multiple hosts with co-host stage requests,351,313,664,13,0,1
70bc5eef5644a5bd79b633b67746c4915a2c8268,Adam Berg,adam@xyzdigital.com,2026-06-12T15:19:00-07:00,2026-06-12,15,5,Friday,[AI] Use explicit Join Stage for co-hosts instead of auto stage join,102,87,189,3,0,1
ed8d0b15f771957c9260035223929d6fae7ab6ba,Adam Berg,adam@xyzdigital.com,2026-06-12T15:22:58-07:00,2026-06-12,15,5,Friday,[AI] Kick co-hosts off stage when main host goes live,21,0,21,1,0,1
392cf4315bfab9586135d566a79a30d5dd6b86e1,Adam Berg,adam@xyzdigital.com,2026-06-12T15:24:11-07:00,2026-06-12,15,5,Friday,[AI] Mirror all livestream stage videos in host and viewer views,6,5,11,3,0,1
2716bca08557491ff995a2b0da4a0bd3ecc529be,Adam Berg,adam@xyzdigital.com,2026-06-12T15:26:54-07:00,2026-06-12,15,5,Friday,"Revert ""[AI] Mirror all livestream stage videos in host and viewer views""",5,6,11,3,0,0
0553c034f3e73e746fb9c766953db3caad10c463,Adam Berg,adam@xyzdigital.com,2026-06-12T15:37:17-07:00,2026-06-12,15,5,Friday,[AI] Add host display name to meeting join flow,32,5,37,2,0,1
739d760a7ed4b6e253ce5dafe6c72d33af752d5a,Adam Berg,adam@xyzdigital.com,2026-06-12T15:38:15-07:00,2026-06-12,15,5,Friday,[AI] Remove display name editing from livestream host sidebar,0,63,63,2,0,1
ffd3fac81b4f9e65c227c76375e83369ef361335,Adam Berg,adam@xyzdigital.com,2026-06-12T15:52:30-07:00,2026-06-12,15,5,Friday,[AI] Append host display name to customParticipantId,1,1,2,1,0,1
1bca624c3364e89f5bd66a8c4fd5d5531fc0dd91,Adam Berg,adam@xyzdigital.com,2026-06-12T15:55:13-07:00,2026-06-12,15,5,Friday,[AI] Exclude hosts from Select Random participant draw,7,1,8,3,0,1
c0846e4eddd708a8ae43e72257fac7a3a499f2a6,Adam Berg,adam@xyzdigital.com,2026-06-12T15:57:15-07:00,2026-06-12,15,5,Friday,[AI] Highlight random draw winner in host participants list,32,4,36,3,0,1
af38cf80b9012dcd4b196b98682f18d8e089dfc5,Adam Berg,adam@xyzdigital.com,2026-06-13T09:24:13-07:00,2026-06-13,9,6,Saturday,[AI] Add custom meeting sign-in authentication message,94,8,102,5,0,1
bc9c4e8edd488def62ad3a73b09255065611c895,Adam Berg,adam@xyzdigital.com,2026-06-13T09:42:14-07:00,2026-06-13,9,6,Saturday,[AI] Stack host video below screen share on small screens in viewer,53,15,68,1,0,1
ddb4c1a03a727655fd507d084ea91ac9907c1736,Adam Berg,adam@xyzdigital.com,2026-06-13T09:51:26-07:00,2026-06-13,9,6,Saturday,[AI] Add host mute control to livestream Settings tab,30,0,30,2,0,1
83e8d8cbf8d18115d2e19365a27d89c86454de63,Adam Berg,adam@xyzdigital.com,2026-06-13T09:56:44-07:00,2026-06-13,9,6,Saturday,[AI] Add host microphone volume control for livestreams,152,11,163,3,0,1
25bc9707f88ed6f34d4a01d33ca97dfd5aff2bdb,Adam Berg,adam@xyzdigital.com,2026-06-13T09:58:36-07:00,2026-06-13,9,6,Saturday,[AI] Replace mute button with inline volume toggle,39,31,70,2,0,1
ec25c5190153051f9bf38f6351d64086550ef88f,Adam Berg,adam@xyzdigital.com,2026-06-13T10:17:46-07:00,2026-06-13,10,6,Saturday,Fix audio not working for host,7,14,21,2,0,0
c2fe7fbc99ba2c7ca7e95c57de34594461b8ee24,Adam Berg,adam@xyzdigital.com,2026-06-13T10:38:21-07:00,2026-06-13,10,6,Saturday,[AI] Add meeting support chat with admin inbox,976,20,996,19,0,1
f78301ee015df3226063be59f415142f9a855ee8,Adam Berg,adam@xyzdigital.com,2026-06-13T10:39:05-07:00,2026-06-13,10,6,Saturday,[AI] Add support chat link to display name gate,63,45,108,2,0,1
787d622f56cec171e5b11d2de32d879f991c9d15,Adam Berg,adam@xyzdigital.com,2026-06-13T10:42:39-07:00,2026-06-13,10,6,Saturday,[AI] Replace support chat polling with websocket updates,391,22,413,15,0,1
961ca50bf7079beaa760997bd11745d97933395f,Adam Berg,adam@xyzdigital.com,2026-06-13T10:46:10-07:00,2026-06-13,10,6,Saturday,[AI] Fix support chat received semantics and duplicate messages,13,17,30,5,0,1
e4f1b7bf5d400f603a68d02f8597d6bb6b39d1a8,Adam Berg,adam@xyzdigital.com,2026-06-13T10:51:46-07:00,2026-06-13,10,6,Saturday,[AI] Fix cross-process support chat websocket delivery,307,11,318,12,0,1
5726c17ade478fc7450579cb61400e721303ec41,Adam Berg,adam@xyzdigital.com,2026-06-13T10:54:22-07:00,2026-06-13,10,6,Saturday,[AI] Revert support chat websockets and restore polling,125,750,875,21,0,1
ac17e7ca7164d58eec26ab0a3a8e0f7cb4d97879,Adam Berg,adam@xyzdigital.com,2026-06-13T10:57:40-07:00,2026-06-13,10,6,Saturday,[AI] Add Having Trouble link to meeting auth verify route,11,0,11,1,0,1
a520853d6a4739f3f040e881689b237d7053e2c2,Adam Berg,adam@xyzdigital.com,2026-06-13T11:00:50-07:00,2026-06-13,11,6,Saturday,Remove we rply soon text,0,1,1,1,0,0
d735afb638a82a4f39825ebf990695d565fdcf10,Adam Berg,adam@xyzdigital.com,2026-06-13T11:01:08-07:00,2026-06-13,11,6,Saturday,[AI] Add max height to livestream waiting screen image,1,1,2,1,0,1
931387fd8280260caf57a20999bf5b8552b6485e,Adam Berg,adam@xyzdigital.com,2026-06-13T11:02:11-07:00,2026-06-13,11,6,Saturday,[AI] Use square product images on pre-join livestream screens,3,3,6,3,0,1
8fae85ff6c30495cda68c98851825f20dd99b236,Adam Berg,adam@xyzdigital.com,2026-06-13T11:06:00-07:00,2026-06-13,11,6,Saturday,[AI] Add Having trouble link to livestream waiting screen,89,66,155,3,0,1
807173bcb550e561d8ca874c988d6bb8ca0ccb64,Adam Berg,adam@xyzdigital.com,2026-06-13T11:16:48-07:00,2026-06-13,11,6,Saturday,Update support chat message,1,1,2,1,0,0
692644c05c432da9a73cb66e430cef79137b92d4,Adam Berg,adam@xyzdigital.com,2026-06-13T11:18:20-07:00,2026-06-13,11,6,Saturday,[AI] Show support chat welcome message in overlay only,25,31,56,3,0,1
4ec794903f066496804101a7cff8ffb49c022e2b,Adam Berg,adam@xyzdigital.com,2026-06-13T11:30:55-07:00,2026-06-13,11,6,Saturday,[AI] Add filtersOperator for AND/OR campaign recipient filtering,127,18,145,14,0,1
1824337322deda4b8ccda3df5670d84c71685b99,Adam Berg,adam@xyzdigital.com,2026-06-13T11:40:46-07:00,2026-06-13,11,6,Saturday,[AI] Allow removing country code filter from SMS campaigns,9,11,20,2,0,1
92aeb51fa8586a959629bf647632375390e17dc3,Adam Berg,adam@xyzdigital.com,2026-06-13T11:41:58-07:00,2026-06-13,11,6,Saturday,[AI] Restore US/CA country code as default SMS campaign filter,25,15,40,2,0,1
afa30213268505a4e17afcb36a1a12de43142d5e,Adam Berg,adam@xyzdigital.com,2026-06-15T14:58:55-07:00,2026-06-15,14,1,Monday,[AI] Route livestream viewer audio through a single unlocked Web Audio sink,225,56,281,4,0,1
60212999bce4511053320053e0b9701fa244d9e9,Adam Berg,adam@xyzdigital.com,2026-06-15T15:36:16-07:00,2026-06-15,15,1,Monday,Add echo cancellation to guest participants,2,2,4,1,0,0
863dfb64b793d21dacba4e08652145b0ad13767f,Adam Berg,adam@xyzdigital.com,2026-06-15T15:36:30-07:00,2026-06-15,15,1,Monday,Update default hhaving trouble message,1,1,2,1,0,0
a0dc85111720aa636cbacae190bca3b1acc688f4,Adam Berg,adam@xyzdigital.com,2026-06-15T15:57:33-07:00,2026-06-15,15,1,Monday,[AI] Skip EasyShip sync for fulfilled payments,12,1,13,4,0,1
6d9f71af9bd81e5ed5b27f6baa09a5bbfb520049,Adam Berg,adam@xyzdigital.com,2026-06-17T08:58:09-07:00,2026-06-17,8,3,Wednesday,[AI] Apply checkout theme text color to tip buttons,29,29,58,1,0,1
f97593a15eeae22238b4c0f55ffd5a9501347438,Adam Berg,adam@xyzdigital.com,2026-06-17T09:00:27-07:00,2026-06-17,9,3,Wednesday,[AI] Fix order bump duplicating on checkout refresh,81,5,86,4,0,1
d03909ed2ca3bf0cf2fe6ba18a745bc596b6e86d,Adam Berg,adam@xyzdigital.com,2026-06-17T09:03:22-07:00,2026-06-17,9,3,Wednesday,[AI] Fix empty products on first checkout payment session request,10,2,12,1,0,1
268c93474bc14ef834e6942e19672b0fd0006bb8,Adam Berg,adam@xyzdigital.com,2026-06-17T09:05:13-07:00,2026-06-17,9,3,Wednesday,[AI] Move payment step total below tip selector,79,23,102,2,0,1
009876af99b9de98be496f8a3f3533fdef25e20c,Adam Berg,adam@xyzdigital.com,2026-06-17T09:16:54-07:00,2026-06-17,9,3,Wednesday,[AI] Add customizable checkout tip prompt with order-bump-style UI,495,69,564,17,0,1
6e0e4e51f3573b19061bed85cf5b4508c45d059c,Adam Berg,adam@xyzdigital.com,2026-06-17T09:19:32-07:00,2026-06-17,9,3,Wednesday,[AI] Use accent border styling for order bumps and tipping,62,72,134,3,0,1
cc390cca70c8e4beda31a17239c88c338a6095e6,Adam Berg,adam@xyzdigital.com,2026-06-17T09:47:35-07:00,2026-06-17,9,3,Wednesday,Improve tipping customization,321,12,333,21,0,0
0d5d09411260fb841ecc4d24ed8cd22d89846d0d,Adam Berg,adam@xyzdigital.com,2026-06-17T10:14:36-07:00,2026-06-17,10,3,Wednesday,[AI] Update .agents rules to Antigravity format,137,26,163,12,0,1
80fd48583c83440c8e2afd52c634fea2ed87fe48,Adam Berg,adam@xyzdigital.com,2026-06-17T10:14:49-07:00,2026-06-17,10,3,Wednesday,First attempt at multiple order bumps,660,275,935,14,0,0
97eac5eb0e9dcb36c09386033f34052470b89c64,Adam Berg,adam@xyzdigital.com,2026-06-17T10:19:40-07:00,2026-06-17,10,3,Wednesday,[AI] Remove singular orderBump database field and enable plural orderBumps support,25,129,154,10,0,1
0731734167cc613bec025311dc9e28f43732b1a4,Adam Berg,adam@xyzdigital.com,2026-06-17T10:20:12-07:00,2026-06-17,10,3,Wednesday,[AI] Fix ReferenceError in CheckoutFlow.tsx dependency array,0,2,2,1,0,1
f3ae934d043b7d0f756a71c6fe3e5c7bcc221680,Adam Berg,adam@xyzdigital.com,2026-06-17T10:23:25-07:00,2026-06-17,10,3,Wednesday,[AI] Fix tipping component spacing in checkout to be identical to order bumps,174,151,325,4,0,1
f01e356dff7fc3f7289b6f1c9b4cc66237dd9868,Adam Berg,adam@xyzdigital.com,2026-06-17T10:25:16-07:00,2026-06-17,10,3,Wednesday,[AI] Fix Mongoose CastError on product ID lookup in getCheckout,7,3,10,1,0,1
c6406ac4706e78b56c9574fea50c885d9060b183,Adam Berg,adam@xyzdigital.com,2026-06-17T10:34:27-07:00,2026-06-17,10,3,Wednesday,[AI] Add quantity and variant selection to checkout order bumps,409,23,432,7,0,1
d5b744a771f12d367f0760f9f526c0bfbd3f1013,Adam Berg,adam@xyzdigital.com,2026-06-17T10:40:15-07:00,2026-06-17,10,3,Wednesday,[AI] Fix order bump quantity and variant selection bug,302,156,458,4,0,1
44f1c59b666c3b68bbaf664490012caf029b1f15,Adam Berg,adam@xyzdigital.com,2026-06-17T10:44:58-07:00,2026-06-17,10,3,Wednesday,[AI] Fix order bump quantity and variant selection UI locking,17,46,63,3,0,1
dd3b6fa0b38fc881ca32221254e73242302e3777,Adam Berg,adam@xyzdigital.com,2026-06-17T11:08:55-07:00,2026-06-17,11,3,Wednesday,[AI] Fix persistOrderBumps called without required argument,2,2,4,1,0,1
899032adb67e95bc8254407a23db5b8dbf925b7e,Adam Berg,adam@xyzdigital.com,2026-06-17T13:41:11-07:00,2026-06-17,13,3,Wednesday,[AI] Add horizontal rules between checkout line items,11,1,12,1,0,1
74eb5e708ba1c3b616b9a417f749d3c5c6d80587,Adam Berg,adam@xyzdigital.com,2026-06-17T13:43:35-07:00,2026-06-17,13,3,Wednesday,Add hr to checkout,22,22,44,1,0,0
2a465b035ceeecfd7c58d1dce0da710ce7a2af47,Adam Berg,adam@xyzdigital.com,2026-06-18T07:34:26-07:00,2026-06-18,7,4,Thursday,[AI] Add Access-Control-Allow-Origin: * to MapController/getCities.ts,18,2,20,1,0,1
596cd2567080a8bf318028dfebc92d25bf181e27,Adam Berg,adam@xyzdigital.com,2026-06-18T07:35:11-07:00,2026-06-18,7,4,Thursday,[AI] Handle CORS Preflight OPTIONS requests for map/cities,10,0,10,1,0,1
0f63b698edcb5af3fb7a36be05c3ab5d2ef6b04f,Adam Berg,adam@xyzdigital.com,2026-06-18T08:29:01-07:00,2026-06-18,8,4,Thursday,[AI] Support max quantity on order bumps and hide quantity selector if max quantity is 1,71,19,90,6,0,1
77baa7b75d817f8857efb1df759b5b2324df46ce,Adam Berg,adam@xyzdigital.com,2026-06-18T08:38:58-07:00,2026-06-18,8,4,Thursday,[AI] Prevent payment intent update when order bump variant is missing,24,1,25,1,0,1
df0aeb681bc677e870d6f05d2580d25cb18f94a7,Adam Berg,adam@xyzdigital.com,2026-06-18T08:45:15-07:00,2026-06-18,8,4,Thursday,[AI] Support generic missing fields block and highlight incomplete order bumps/tips in checkout,66,17,83,3,0,1
aed92d0f4cff0c7e2fab60fd2e22375bfe105440,Adam Berg,adam@xyzdigital.com,2026-06-18T08:46:57-07:00,2026-06-18,8,4,Thursday,[AI] Rename button to Show Missing Fields and implement smooth scrolling to the first incomplete element,14,2,16,3,0,1
603271f53f6f5ca6fac3bcb6c80ad4cb256f1a29,Adam Berg,adam@xyzdigital.com,2026-06-18T08:48:18-07:00,2026-06-18,8,4,Thursday,[AI] Update missing fields error message to be more user friendly,1,1,2,1,0,1
69b07776c8150f4a19ac51cf021baa4d8d3cdbcf,Adam Berg,adam@xyzdigital.com,2026-06-18T08:49:24-07:00,2026-06-18,8,4,Thursday,[AI] Hide the Place Order button while there are errors,25,25,50,1,0,1
d1200946935fb5e77a4b7f31681362b62b9da85d,Adam Berg,adam@xyzdigital.com,2026-06-18T08:55:36-07:00,2026-06-18,8,4,Thursday,[AI] Fix order bump quantity update causing invalid total error,86,20,106,6,0,1
c8a4f1bd3ade3b6a013f89436acfbfdc83b23814,Adam Berg,adam@xyzdigital.com,2026-06-18T08:56:23-07:00,2026-06-18,8,4,Thursday,[AI] Import parseRequestOrderBumps in controller and session controller,2,0,2,2,0,1
6d8ddd8c78fb43c10ef4aec95e82ad5d81d75bf6,Adam Berg,adam@xyzdigital.com,2026-06-18T09:07:32-07:00,2026-06-18,9,4,Thursday,[AI] Save card information for future use and attach Stripe customer and payment method IDs to Lead model,175,7,182,5,0,1
f9d55f2bae40d58832d2ca1921542216e9c31739,Adam Berg,adam@xyzdigital.com,2026-06-18T09:13:10-07:00,2026-06-18,9,4,Thursday,[AI] Move stripeCustomerId and stripePaymentMethodId to nested stripe object in Lead schema,15,11,26,3,0,1
228992cd6cbb9119cb499a33e32d9763fcd4afd8,Adam Berg,adam@xyzdigital.com,2026-06-18T09:29:28-07:00,2026-06-18,9,4,Thursday,[AI] Fix Stripe confirmPayment error by preventing unmounting of Elements during processing,5,5,10,1,0,1
c5e17367dca8c921babdcd4b10902363643cd74a,Adam Berg,adam@xyzdigital.com,2026-06-18T09:31:52-07:00,2026-06-18,9,4,Thursday,[AI] Check setup_future_usage match in syncCheckoutStripePaymentIntent reuse check,2,1,3,1,0,1
606a61f22de70de12d26f361dbcf31a29c8a9d44,Adam Berg,adam@xyzdigital.com,2026-06-18T09:36:58-07:00,2026-06-18,9,4,Thursday,[AI] Forward payment/setup intent ID to checkout completion endpoint,47,9,56,2,0,1
53661ec2e3d8efb08b0cd1bc60b697762414e2ba,Adam Berg,adam@xyzdigital.com,2026-06-18T10:32:37-07:00,2026-06-18,10,4,Thursday,[AI] Add orderUrl to handleSMSStep template context,5,0,5,1,0,1
d2474549c4e15b53a321cec8e3f60a9ce8e25b2d,Adam Berg,adam@xyzdigital.com,2026-06-18T10:41:30-07:00,2026-06-18,10,4,Thursday,"[AI] Add receiptFooterHtml to Checkout models, settings editor, and receipt page",110,2,112,9,0,1
631733818b004a2e48b17a52a4ee075e0e29c22f,Adam Berg,adam@xyzdigital.com,2026-06-18T14:40:30-07:00,2026-06-18,14,4,Thursday,[AI] Add ability to delete files from /files route,151,11,162,3,0,1
b624b3e22741a640bbe9aa69a4d0bee81b1ade78,Adam Berg,adam@xyzdigital.com,2026-06-18T14:41:26-07:00,2026-06-18,14,4,Thursday,[AI] Move file action buttons behind a DropdownMenu action button,41,28,69,1,0,1
cacadea7fbce9219d283342a2ad301e2bc7617aa,Adam Berg,adam@xyzdigital.com,2026-06-18T14:48:02-07:00,2026-06-18,14,4,Thursday,[AI] Allow editing name of file in Files route,156,2,158,3,0,1
1812985997657d75be9cbd23f52e55571d1feec0,Adam Berg,adam@xyzdigital.com,2026-06-18T14:48:30-07:00,2026-06-18,14,4,Thursday,[AI] Change dropdown text to Edit not Edit Name,1,1,2,1,0,1
2d5474cd9735c49f996a8eecd55c9828da6d9bd9,Adam Berg,adam@xyzdigital.com,2026-06-18T15:01:34-07:00,2026-06-18,15,4,Thursday,[AI] Allow setting savePaymentMethod in postCheckout,11,0,11,1,0,1
8bc8c78bf9016fbd4e432e93f39fb83eba1cbc75,Adam Berg,adam@xyzdigital.com,2026-06-18T15:07:41-07:00,2026-06-18,15,4,Thursday,[AI] Store payment with status uncaptured for savePaymentMethod checkouts,145,9,154,1,0,1
375ec2f84ff0fbb6d77a46b9dd3b35a0632792b3,Adam Berg,adam@xyzdigital.com,2026-06-18T15:48:26-07:00,2026-06-18,15,4,Thursday,[AI] Show order bump price even when variant selection is pending,5,2,7,2,0,1
853cac36e3b6020670da0946dcca29a1088e3cff,Adam Berg,adam@xyzdigital.com,2026-06-18T19:41:46-07:00,2026-06-18,19,4,Thursday,Add Discount codes,2283,720,3003,25,0,0
1ef8c0d195966d3029f66fb429ee38bdad0ad4f2,Adam Berg,adam@xyzdigital.com,2026-06-20T08:37:59-07:00,2026-06-20,8,6,Saturday,Prevent multiple stripe customers being created and update existing payment intent,168,92,260,2,0,0
df703058a5cf6edeff3a92cc6fb24bc3096b3e2c,Adam Berg,adam@xyzdigital.com,2026-06-20T09:31:33-07:00,2026-06-20,9,6,Saturday,Fix multiple payment intents and payment amount mismatches,126,75,201,5,0,0
c8059a1c82654bc65b5a3a255c1e548c1e1aa989,Adam Berg,adam@xyzdigital.com,2026-06-20T09:34:25-07:00,2026-06-20,9,6,Saturday,Tidy up logs,2,34,36,8,0,0
44c136eb9ffd727bf19071a1eed065431f18ba77,Adam Berg,adam@xyzdigital.com,2026-06-21T10:05:59-07:00,2026-06-21,10,0,Sunday,Add link tracking to SMS,239,8,247,11,0,0
ba751d105c360d2e997c9064423158ef87355cca,Adam Berg,adam@xyzdigital.com,2026-06-21T10:34:07-07:00,2026-06-21,10,0,Sunday,[AI] Create script to set lead locations from CSV and CLI parameters,157,0,157,1,0,1
995534af630000306f4f3f8e080a08d46c3899cf,Adam Berg,adam@xyzdigital.com,2026-06-21T10:37:58-07:00,2026-06-21,10,0,Sunday,[AI] Resolve home directory tilde paths in set-lead-locations script,8,0,8,1,0,1
8de3c7bb2bd50ab86c116394130539e750a52200,Adam Berg,adam@xyzdigital.com,2026-06-21T10:42:05-07:00,2026-06-21,10,0,Sunday,[AI] Only set lat/lng in set-lead-locations script if not already set,4,0,4,1,0,1
59e3b5ef138bd4e89fa57417701f219a4705b9f9,Adam Berg,adam@xyzdigital.com,2026-06-21T10:43:14-07:00,2026-06-21,10,0,Sunday,[AI] Find leads by email and iterate to set location only if unset,17,12,29,1,0,1
893a6cb17d001123a65147c2300294ebc6cca220,Adam Berg,adam@xyzdigital.com,2026-06-21T10:43:40-07:00,2026-06-21,10,0,Sunday,[AI] Use Lead.updateOne instead of lead.save in set-lead-locations script,1,3,4,1,0,1
74e58be66f01b6cb8c3bec46cd4cedfdc73a49a7,Adam Berg,adam@xyzdigital.com,2026-06-21T11:06:02-07:00,2026-06-21,11,0,Sunday,Start to MKS in fanrank with monic template,559,0,559,1,0,0
ed1d6a5d738f30199408b792a62965f44beedfbe,Adam Berg,adam@xyzdigital.com,2026-06-21T11:09:26-07:00,2026-06-21,11,0,Sunday,"[AI] Update Compose with Me page primary color, poster image, and event details",14,14,28,1,0,1
8e185ad9228b156de20b2a1dc3606aded2318f49,Adam Berg,adam@xyzdigital.com,2026-06-21T11:10:00-07:00,2026-06-21,11,0,Sunday,[AI] Update poster image URL for Compose with Me event,1,1,2,1,0,1
71091b7d43d2a9a32948843365b377c4b2648759,Adam Berg,adam@xyzdigital.com,2026-06-21T11:57:01-07:00,2026-06-21,11,0,Sunday,Fix discount code causing invalid total error,11,5,16,2,0,0
435e78a13caad7243c5b8a76635ec2632c68e606,Adam Berg,adam@xyzdigital.com,2026-06-21T18:45:05-07:00,2026-06-21,18,0,Sunday,"Fuck you claude, you shouldn't have missed this",1,1,2,1,0,0
678d9b50b16d3bdbb345509117d2f4b5a4e0fc87,Adam Berg,adam@xyzdigital.com,2026-06-22T07:24:41-07:00,2026-06-22,7,1,Monday,[AI] Format ObjectId and Date as constructors in MongoDB export fixer,128,0,128,1,0,1
b80e9c8cf006b936cab3b065b8084bea1fe78c9c,Adam Berg,adam@xyzdigital.com,2026-06-22T07:34:00-07:00,2026-06-22,7,1,Monday,[AI] Add SmartLink mongoose model,260,0,260,1,0,1
026aaef72479337ebfeafbef0864147d02a0b463,Adam Berg,adam@xyzdigital.com,2026-06-22T07:36:39-07:00,2026-06-22,7,1,Monday,[AI] Add migrate-smart-links script to sync product names from SmartLink titles,117,0,117,1,0,1
b51befbf3f00229d35e4fd04c28eb03f7aeddfa4,Adam Berg,adam@xyzdigital.com,2026-06-22T07:40:54-07:00,2026-06-22,7,1,Monday,[AI] Skip product name update when name already set,1,1,2,1,0,1
7d64bb35bc4f1e2d2c6f169fb65c5d64a0be2a26,Adam Berg,adam@xyzdigital.com,2026-06-22T08:02:18-07:00,2026-06-22,8,1,Monday,[AI] Create products for SmartLinks missing product reference during migration,107,9,116,2,0,1
d916c633139fadc770e27bd5481f4b3b62033701,Adam Berg,adam@xyzdigital.com,2026-06-22T08:19:03-07:00,2026-06-22,8,1,Monday,Add artist to file script,122,0,122,1,0,0
60fafeeea566dd799fe743a767cd6a06a04c5648,Adam Berg,adam@xyzdigital.com,2026-06-22T08:26:59-07:00,2026-06-22,8,1,Monday,Add track model,187,2,189,4,0,0
8e46720476c12a2e86dfe0f49af77f1ac31cd4c7,Adam Berg,adam@xyzdigital.com,2026-06-22T08:30:53-07:00,2026-06-22,8,1,Monday,[AI] Set file url in add-artist-to-files migration script,19,4,23,1,0,1
6f95ec833a17cee808f3fd3ea20235fccb03c968,Adam Berg,adam@xyzdigital.com,2026-06-22T08:31:15-07:00,2026-06-22,8,1,Monday,[AI] Only set file url when missing in migration script,13,11,24,1,0,1
c36732dd76c8d1ee53a3dbd868b9482fa37eceb4,Adam Berg,adam@xyzdigital.com,2026-06-22T08:34:03-07:00,2026-06-22,8,1,Monday,"[AI] Add file stats tiles, search, and pagination to Files page",142,5,147,1,0,1
31fb38c971cb7ca2fdc86a1a974b3a075aef4637,Adam Berg,adam@xyzdigital.com,2026-06-22T08:35:12-07:00,2026-06-22,8,1,Monday,[AI] Default Files page size to 10,1,1,2,1,0,1
328d41e470863d5ac41818471791ecf16936941f,Adam Berg,adam@xyzdigital.com,2026-06-22T08:49:44-07:00,2026-06-22,8,1,Monday,[AI] Migrate SmartLink cover and audio files to Product media,125,33,158,1,0,1
56088998fcbbb765fb71ad511f7e16c1760f4276,Adam Berg,adam@xyzdigital.com,2026-06-22T09:06:43-07:00,2026-06-22,9,1,Monday,[AI] Add gating config for track products,388,1,389,8,0,1
1d75afce7ad9bdee916c8cc55338e119501589fd,Adam Berg,adam@xyzdigital.com,2026-06-22T09:10:48-07:00,2026-06-22,9,1,Monday,[AI] Unify product flow into single Handlebars HTML page,308,245,553,3,0,1
68ee07e8d333a031c7917443cdc7f9f39c28ec1b,Adam Berg,adam@xyzdigital.com,2026-06-22T09:11:03-07:00,2026-06-22,9,1,Monday,Format track landing page html,159,158,317,1,0,0
fc0cb916b469fbcfd7f2ed3f82b9d3039a499bc6,Adam Berg,adam@xyzdigital.com,2026-06-22T09:17:25-07:00,2026-06-22,9,1,Monday,[AI] Rename product flow template and add cover play/pause button,225,198,423,3,0,1
4f39c178f12bd8792bba911c16bae799751c3435,Adam Berg,adam@xyzdigital.com,2026-06-22T09:25:31-07:00,2026-06-22,9,1,Monday,[AI] Add platform links to track products with icon picker and storefront display.,315,4,319,13,0,1
bdb5784b09d79aac8ae3d0a00e2016d1fbced4b5,Adam Berg,adam@xyzdigital.com,2026-06-22T09:31:07-07:00,2026-06-22,9,1,Monday,[AI] Add product slug routing with dynamic track page rendering,174,0,174,9,0,1
d9ee13f1577e27139b76911ef7b707029bdb85b6,Adam Berg,adam@xyzdigital.com,2026-06-22T09:34:39-07:00,2026-06-22,9,1,Monday,[AI] Make album art clickable and fix link colors on track page,10,7,17,1,0,1
f27bc1298ea3e130ccd8d7b07afa02771d0cab13,Adam Berg,adam@xyzdigital.com,2026-06-22T09:35:34-07:00,2026-06-22,9,1,Monday,[AI] Constrain link buttons to 300px with centered labels,5,4,9,1,0,1
d5e6d8e6e82e83ccef07a02d6ca7898d30332ae8,Adam Berg,adam@xyzdigital.com,2026-06-22T09:44:03-07:00,2026-06-22,9,1,Monday,[AI] Map platform icons to default link field values in track tab,134,4,138,1,0,1
2edefad5427275bf822c1dbd70839c106aecea94,Adam Berg,adam@xyzdigital.com,2026-06-22T09:44:39-07:00,2026-06-22,9,1,Monday,[AI] Change default link CTA text from Listen now to Listen,21,21,42,1,0,1
5cdd4865ba7ca5e036c7b5d52ebb661d3ff43a99,Adam Berg,adam@xyzdigital.com,2026-06-22T09:45:20-07:00,2026-06-22,9,1,Monday,[AI] Add option to remove link icon in track tab,17,0,17,1,0,1
221ad9f6f102141ed3d43f252cbb2ffd09c83a13,Adam Berg,adam@xyzdigital.com,2026-06-22T09:46:17-07:00,2026-06-22,9,1,Monday,[AI] Render track links without icons as text-only buttons,60,21,81,5,0,1
a5c999659c95385b85711fec8eda1a7304d27bb9,Adam Berg,adam@xyzdigital.com,2026-06-22T09:51:39-07:00,2026-06-22,9,1,Monday,[AI] Migrate SmartLink platforms to Product links with icons,138,4,142,1,0,1
2ddc764d4014dcc39908b3520336a01311b4e98e,Adam Berg,adam@xyzdigital.com,2026-06-22T09:52:57-07:00,2026-06-22,9,1,Monday,[AI] Copy SmartLink slug to Product during smart-link migration,29,7,36,1,0,1
e567a83833f8e0643b769b589a095292949c525a,Adam Berg,adam@xyzdigital.com,2026-06-22T10:07:12-07:00,2026-06-22,10,1,Monday,Track migration fixes,30,15,45,5,0,0
6af250afaa3bf433373791662939696754fe13a2,Adam Berg,adam@xyzdigital.com,2026-06-22T10:13:00-07:00,2026-06-22,10,1,Monday,[AI] Add track buy digital button with checkout flow,216,0,216,10,0,1
c5b0d35120ea9c362a65218cd8627707913d3c68,Adam Berg,adam@xyzdigital.com,2026-06-22T10:14:36-07:00,2026-06-22,10,1,Monday,[AI] Add copy and open actions for track page URL in edit tab,78,6,84,1,0,1
d16f414fd05a55aa9a7fd26f07af70baf86bd2bb,Adam Berg,adam@xyzdigital.com,2026-06-22T10:15:11-07:00,2026-06-22,10,1,Monday,[AI] Move track URL actions inline with slug input,18,17,35,1,0,1
863705de432124045f56c17e7b41c07e307a7322,Adam Berg,adam@xyzdigital.com,2026-06-22T10:22:38-07:00,2026-06-22,10,1,Monday,[AI] Fix buy digital not appearing on track flow pages,98,1,99,4,0,1
12807316c10da8a3494e9fa1bb3567429434c8cb,Adam Berg,adam@xyzdigital.com,2026-06-22T10:23:14-07:00,2026-06-22,10,1,Monday,[AI] Move buy digital button above streaming links on track page,6,6,12,1,0,1
c12badbd556f3b97b9c20cbe60b162e37221761e,Adam Berg,adam@xyzdigital.com,2026-06-22T10:35:53-07:00,2026-06-22,10,1,Monday,[AI] Add track purchase flow with lead session and download button,175,25,200,7,0,1
e94b34fe60e19ecaa275f40860a3fe11c5beff7e,Adam Berg,adam@xyzdigital.com,2026-06-22T10:41:59-07:00,2026-06-22,10,1,Monday,[AI] Set digital delivery and buyDigital when migrating SmartLinks,63,3,66,1,0,1
46581978607121744c3733258b3490232294a78d,Adam Berg,adam@xyzdigital.com,2026-06-22T10:45:05-07:00,2026-06-22,10,1,Monday,[AI] Force track downloads instead of inline audio playback,62,2,64,6,0,1
b1feaa8657c55b494dc8184635ed5439855eedd6,Adam Berg,adam@xyzdigital.com,2026-06-22T10:46:00-07:00,2026-06-22,10,1,Monday,[AI] Fix download script syntax error from HTML-escaped JSON,0,26,26,5,0,1
e3025341ffdd5fdad34ca366ff76ebc0294ece59,Adam Berg,adam@xyzdigital.com,2026-06-22T10:48:36-07:00,2026-06-22,10,1,Monday,[AI] Fetch audio as blob for cross-origin downloads,17,7,24,1,0,1
ad87ea9422a34a37e9653627c19c6b7c5cc7051f,Adam Berg,adam@xyzdigital.com,2026-06-22T12:26:52-07:00,2026-06-22,12,1,Monday,Update pixel id to michaels,2,2,4,1,0,0
1ab5944019e6dba727170b55496cac36aee14811,Adam Berg,adam@xyzdigital.com,2026-06-22T12:33:23-07:00,2026-06-22,12,1,Monday,[AI] Add Meta Pixel ViewContent track on RSVP click,4,0,4,1,0,1
0609447c3748d30a8aef3a5080ba4e49a13c5eb4,Adam Berg,adam@xyzdigital.com,2026-06-22T12:36:44-07:00,2026-06-22,12,1,Monday,[AI] Redirect Compose with Me ticket form to LLSC checkout,7,14,21,1,0,1
e8cb797d5cde4cf7ac227be328597b25090d6865,Adam Berg,adam@xyzdigital.com,2026-06-22T12:38:15-07:00,2026-06-22,12,1,Monday,[AI] Make Get Tickets button text white,2,2,4,1,0,1
7c459724909142850fe03354004c69e652b94d9c,Adam Berg,adam@xyzdigital.com,2026-06-22T12:38:44-07:00,2026-06-22,12,1,Monday,[AI] Make form input labels white,1,1,2,1,0,1
1ed9faf88885a9f76b7166c24bd6fdc65de2bbad,Adam Berg,adam@xyzdigital.com,2026-06-22T13:12:24-07:00,2026-06-22,13,1,Monday,[AI] Add SmartLinkEvent model,93,0,93,1,0,1
6a114c398fd4f660d7ac1626c36aaa2f0c4f29e6,Adam Berg,adam@xyzdigital.com,2026-06-22T13:17:43-07:00,2026-06-22,13,1,Monday,[AI] Use product slug for track flow page route and always wire CreateLead on lead form,6,13,19,1,0,1
b2ffa0387cbdf45f30fbdf6a0f5ce6a176f02ff5,Adam Berg,adam@xyzdigital.com,2026-06-22T13:18:36-07:00,2026-06-22,13,1,Monday,[AI] Restore conditional CreateLead formOnSubmit when gating is enabled,5,3,8,1,0,1
695e14f7660375073a91adf24143f409883aee04,Adam Berg,adam@xyzdigital.com,2026-06-22T13:19:37-07:00,2026-06-22,13,1,Monday,[AI] Remove slug-path product page rendering on custom domains,1,25,26,1,0,1
806951bd8a6649d911e9d76d860ef4f011583abe,Adam Berg,adam@xyzdigital.com,2026-06-22T13:32:52-07:00,2026-06-22,13,1,Monday,[AI] Update gating headline to unlock song copy,2,12,14,2,0,1
a57bb6bc57948e977e904a4b8b6884d12a26ef49,Adam Berg,adam@xyzdigital.com,2026-06-22T13:34:56-07:00,2026-06-22,13,1,Monday,[AI] Use artist baseUrl for track page legal links,14,2,16,5,0,1
c53ff76341331c8c13d3053854c4262229e677d3,Adam Berg,adam@xyzdigital.com,2026-06-22T13:46:08-07:00,2026-06-22,13,1,Monday,[AI] Skip invalid user ObjectIds in add-artist-to-files script,7,7,14,1,0,1
7f8ec80806003ece5350c4cf6e1b675a04185c79,Adam Berg,adam@xyzdigital.com,2026-06-22T13:50:40-07:00,2026-06-22,13,1,Monday,[AI] Allow track product flow generation without audio file,2,9,11,1,0,1
d33a61c281b8034ad6ae5aac49a958ccd7a8dadc,Adam Berg,adam@xyzdigital.com,2026-06-22T14:26:46-07:00,2026-06-22,14,1,Monday,[AI] Update MONIC San Diego page with poster and event details,615,0,615,1,0,1
5b905af2d49df72e9ece4337e088edf09efe604e,Adam Berg,adam@xyzdigital.com,2026-06-22T14:30:35-07:00,2026-06-22,14,1,Monday,[AI] Add San Diego stop to MONIC tour page,667,0,667,1,0,1
ca661176c2d78fe46e1a1fed08f989cf5d62802f,Adam Berg,adam@xyzdigital.com,2026-06-22T14:31:15-07:00,2026-06-22,14,1,Monday,[AI] Use form for San Diego RSVP on tour page,3,1,4,1,0,1
f3a8999fd0692d863f3042a4e987772a945c3a7a,Adam Berg,adam@xyzdigital.com,2026-06-22T14:31:27-07:00,2026-06-22,14,1,Monday,Update monic tour page,1,1,2,1,0,0
464dbdc58f634f08cfe081cd8959d3eb0db3bebd,Adam Berg,adam@xyzdigital.com,2026-06-22T15:42:24-07:00,2026-06-22,15,1,Monday,[AI] Add summary tiles to email campaign report,52,1,53,1,0,1
21c11d9fbdcf58c66e959866e9347a6c9ab6c38e,Adam Berg,adam@xyzdigital.com,2026-06-22T15:44:43-07:00,2026-06-22,15,1,Monday,[AI] Show open rate percentage next to opens in campaign report,9,3,12,1,0,1
76d68290a1b205cd627ec2f4b342c7555dcfc0c6,Adam Berg,adam@xyzdigital.com,2026-06-22T15:45:51-07:00,2026-06-22,15,1,Monday,[AI] Move CTOR into clicks tile and remove separate card,7,8,15,1,0,1
fbd814392883797426980e43f8754c59b9e497e4,Adam Berg,adam@xyzdigital.com,2026-06-23T13:45:08-07:00,2026-06-23,13,2,Tuesday,[AI] Update existing flow page on regenerate instead of deleting it,119,69,188,3,0,1
642544cc9da8653bfa87d946b915a043fcf22b32,Adam Berg,adam@xyzdigital.com,2026-06-23T13:48:59-07:00,2026-06-23,13,2,Tuesday,[AI] Hide gating prompt after contact info is submitted,4,2,6,1,0,1
11c44e6336f87fc6be649852a9e6d63ca3ef3072,Adam Berg,adam@xyzdigital.com,2026-06-23T13:51:50-07:00,2026-06-23,13,2,Tuesday,[AI] Fix script syntax error from Handlebars HTML escaping,5,3,8,2,0,1
6ff5e84fe44446b94d373a3766e64e7d139924c5,Adam Berg,adam@xyzdigital.com,2026-06-23T13:53:11-07:00,2026-06-23,13,2,Tuesday,Remove dynamic release page rendering,0,31,31,1,0,0
43d84ab56f953c21f9522b160bbd9dbdfadde4b3,Adam Berg,adam@xyzdigital.com,2026-06-23T14:15:53-07:00,2026-06-23,14,2,Tuesday,Add brunson,90,0,90,1,0,0
56f909030b3b872500a8b867bf2fc9d00129fb42,Adam Berg,adam@xyzdigital.com,2026-06-23T15:26:23-07:00,2026-06-23,15,2,Tuesday,[AI] Add SongStats ISRC link fetching for track products,260,2,262,11,0,1
9a7a58dc4019bdb8a69440e104f38a408a42c07f,Adam Berg,adam@xyzdigital.com,2026-06-23T15:30:39-07:00,2026-06-23,15,2,Tuesday,[AI] Rename refresh button label to Refresh from ISRC,2,2,4,1,0,1
aa41f01efbfe05a627ac6ef5e7c59e591a8b182c,Adam Berg,adam@xyzdigital.com,2026-06-24T07:04:22-07:00,2026-06-24,7,3,Wednesday,[AI] Add CSV phone list upload to SMS campaign compose,302,17,319,4,0,1
2d1ecaa997848ad0b1a990959504d1601657ef25,Adam Berg,adam@xyzdigital.com,2026-06-24T07:08:12-07:00,2026-06-24,7,3,Wednesday,[AI] Add phone number exists filter to Contacts search,47,34,81,3,0,1
a2ea3652ac96eddf48e3830a409f1d619f0f3152,Adam Berg,adam@xyzdigital.com,2026-06-24T07:29:26-07:00,2026-06-24,7,3,Wednesday,[AI] Allow paymentMethodConfigurationId on POST /api/checkout,19,0,19,1,0,1
bd83af512268dcd76141216034012e5867c1cac9,Adam Berg,adam@xyzdigital.com,2026-06-24T08:00:05-07:00,2026-06-24,8,3,Wednesday,[AI] Add Meta integration to settings with Facebook OAuth connect,177,0,177,4,0,1
54a579e119abcddc203413c94da818f7b5a0fd81,Adam Berg,adam@xyzdigital.com,2026-06-24T08:08:39-07:00,2026-06-24,8,3,Wednesday,[AI] Add ads_management to Facebook OAuth scopes,1,1,2,1,0,1
571608bea36ef8514ca17fbfff224477f39b47b7,Adam Berg,adam@xyzdigital.com,2026-06-24T08:55:48-07:00,2026-06-24,8,3,Wednesday,[AI] Add type prop to SettingsMeta for facebook/instagram accounts,80,137,217,4,0,1
b00153ca056b4062e4ddbe58eedc68ef8f43fbc1,Adam Berg,adam@xyzdigital.com,2026-06-24T09:03:52-07:00,2026-06-24,9,3,Wednesday,[AI] Add Meta account list tiles and account detail route,165,11,176,6,0,1
50b4ccc22f0fcf3f60b4140ebcff7006dc0294f3,Adam Berg,adam@xyzdigital.com,2026-06-24T09:13:22-07:00,2026-06-24,9,3,Wednesday,[AI] Fetch /me/businesses instead of /me/accounts in getMetaAccount,5,5,10,1,0,1
99e95123ee41064b05fb124515f8f77cb73c7e52,Adam Berg,adam@xyzdigital.com,2026-06-24T09:14:34-07:00,2026-06-24,9,3,Wednesday,[AI] Rename Meta settings routes from accounts to businesses,34,34,68,6,0,1
95a12806eb8095c530d487bbfab23f778af60729,Adam Berg,adam@xyzdigital.com,2026-06-24T09:16:11-07:00,2026-06-24,9,3,Wednesday,[AI] Rename SettingsMetaAccountRoute to SettingsMetaBusinessRoute,3,3,6,2,0,1
fc9a30c569d8dd0a4f3a92485ad72c95394e5f2b,Adam Berg,adam@xyzdigital.com,2026-06-24T09:17:13-07:00,2026-06-24,9,3,Wednesday,[AI] Add Meta business ad accounts settings route,156,3,159,5,0,1
27f858893a0784296470daebd499b5a6d6ed8584,Adam Berg,adam@xyzdigital.com,2026-06-24T09:19:27-07:00,2026-06-24,9,3,Wednesday,[AI] Add Meta ad account audiences settings routes,303,4,307,7,0,1
5f36545e4de605a499ebfbe3a54a95cce292e4dd,Adam Berg,adam@xyzdigital.com,2026-06-24T09:22:51-07:00,2026-06-24,9,3,Wednesday,[AI] Center and pad Meta settings pages,46,18,64,6,0,1
e66c04e5f6eeb69a4213c4756ea3111b26f4cf11,Adam Berg,adam@xyzdigital.com,2026-06-24T09:24:11-07:00,2026-06-24,9,3,Wednesday,[AI] Add Copy ID action to Meta audience rows,41,2,43,1,0,1
22a19e9d44bf779a0fc25b670ff922135d8cdb7e,Adam Berg,adam@xyzdigital.com,2026-06-24T09:32:20-07:00,2026-06-24,9,3,Wednesday,[AI] Add Meta Add to Audience automation step,420,5,425,10,0,1
e9c9186f20793f00a3b4cf61dab92b269a224edf,Adam,adam@xyzdigital.com,2026-06-24T09:39:32-07:00,2026-06-24,9,3,Wednesday,Merge pull request #7 from xyz-digital/meta-ads,0,0,0,0,1,0
6c787292b85883b13260f8e6c28ed9ea0fdcbe47,Adam Berg,adam@xyzdigital.com,2026-06-24T09:52:48-07:00,2026-06-24,9,3,Wednesday,[AI] Add UTM analytics to page analytics tab,166,1,167,2,0,1
5470027090ca9719919fff83b940dbdd447eb41f,Adam Berg,adam@xyzdigital.com,2026-06-24T12:42:57-07:00,2026-06-24,12,3,Wednesday,[AI] Add create custom audience for Meta ad accounts,225,56,281,3,0,1
b36e3bd4bb69cb3bedbc10eddbbe79bec614d4c4,Adam Berg,adam@xyzdigital.com,2026-06-24T12:43:26-07:00,2026-06-24,12,3,Wednesday,[AI] Change create audience button text to Create,1,1,2,1,0,1
535ec76d16313a384c343967bf4921a88d37c31d,Adam Berg,adam@xyzdigital.com,2026-06-24T13:26:07-07:00,2026-06-24,13,3,Wednesday,[AI] Phone-only signup with Instagram onboarding flow,100,76,176,7,0,1
8a528b6869e3766f2deb1637b5e4e5ae00b55ff7,Adam Berg,adam@xyzdigital.com,2026-06-24T13:28:09-07:00,2026-06-24,13,3,Wednesday,[AI] Show browser back button only when history exists,33,17,50,5,0,1
9f00d8a4a885e0d7c7e486a2406d23d04ce854f8,Adam Berg,adam@xyzdigital.com,2026-06-24T13:31:10-07:00,2026-06-24,13,3,Wednesday,[AI] Rename FanRank to Engram in onboarding Instagram copy,1,1,2,1,0,1
631079b95c8e3e5b96553ff55be49ba4509147f4,Adam Berg,adam@xyzdigital.com,2026-06-24T13:32:45-07:00,2026-06-24,13,3,Wednesday,[AI] Add Engram brand header to signup and onboarding pages,4,2,6,2,0,1
4730a4cd3a094f607ba04becefc2678bf1d46bb2,Adam Berg,adam@xyzdigital.com,2026-06-24T14:15:14-07:00,2026-06-24,14,3,Wednesday,[AI] Redirect Instagram onboarding to engaged fans page,30,7,37,3,0,1
39f44c0a553755679e45d0e2065a86a79139aea9,Adam Berg,adam@xyzdigital.com,2026-06-24T14:21:52-07:00,2026-06-24,14,3,Wednesday,[AI] Add Find Engaged Fans sync from Instagram comments,645,3,648,7,0,1
06f0bdd3708c45d90790bd7761afb8f9822a1e14,Adam Berg,adam@xyzdigital.com,2026-06-24T14:24:59-07:00,2026-06-24,14,3,Wednesday,[AI] Move Instagram fans page outside app shell,44,37,81,2,0,1
8fec3133473cc28cd0f904d1991a84f09af7b1f7,Adam Berg,adam@xyzdigital.com,2026-06-24T14:32:32-07:00,2026-06-24,14,3,Wednesday,[AI] Emit per-post progress when scanning Instagram comments,20,10,30,1,0,1
2b4f94c850f288f61dd1fc00f40bb24acb89d010,Adam Berg,adam@xyzdigital.com,2026-06-24T15:03:37-07:00,2026-06-24,15,3,Wednesday,[AI] Add engaged fans list view with search and table,220,1,221,5,0,1
b28d3a6cebec080eda5bdf10e46e93f5deb2e121,Adam Berg,adam@xyzdigital.com,2026-06-24T15:04:18-07:00,2026-06-24,15,3,Wednesday,[AI] Remove back navigation from engaged fans list,2,12,14,1,0,1
9518a3dd698fab3411860920033f06de26c48e4d,Adam,adam@xyzdigital.com,2026-06-24T15:10:08-07:00,2026-06-24,15,3,Wednesday,Merge pull request #8 from xyz-digital/instagram-comment-scan-signup,0,0,0,0,1,0
383ef78e1b9da2bc3f80d408ec8238ea01b7af22,Adam Berg,adam@xyzdigital.com,2026-06-25T08:16:38-07:00,2026-06-25,8,4,Thursday,[AI] Add Instagram sync worker with BullMQ and Redis pub/sub,494,150,644,15,0,1
b834061fd8897a3b85be34353794b6ccc0cf52ee,Adam Berg,adam@xyzdigital.com,2026-06-25T08:16:42-07:00,2026-06-25,8,4,Thursday,[AI] Fix InstagramFansRoute progress state nullability,4,1,5,1,0,1
a1b2b1f5bdc584c7f5f8a12dbcd44772c70378eb,Adam Berg,adam@xyzdigital.com,2026-06-25T08:19:24-07:00,2026-06-25,8,4,Thursday,[AI] Redirect onboarding when Instagram already connected,25,1,26,1,0,1
58f2ee80bb688e6d0b4cb186666bea13db1c8130,Adam Berg,adam@xyzdigital.com,2026-06-25T08:48:17-07:00,2026-06-25,8,4,Thursday,Attempt to fix automatic commits,552,25,577,3,0,0
ad1db8ad9bf9819359c14fd062d326c5636749dd,Adam Berg,adam@xyzdigital.com,2026-06-25T08:49:09-07:00,2026-06-25,8,4,Thursday,[AI] Fix isAllTime expression parse error,1,1,2,1,0,1
5b157b7bcc408574c9700a66cc0076f673417c5d,Adam Berg,adam@xyzdigital.com,2026-06-25T08:50:55-07:00,2026-06-25,8,4,Thursday,[AI] Hide Export CSV button on small screens,1,1,2,1,0,1
5637b501810cfcd64073de596b80540154bd8278,Adam Berg,adam@xyzdigital.com,2026-06-25T08:52:36-07:00,2026-06-25,8,4,Thursday,[AI] Add New/Active contact filter to Instagram fans list,83,27,110,2,0,1
fe14b8d829cea619cf6ec56ffcbd47b1b08715f0,Adam Berg,adam@xyzdigital.com,2026-06-25T08:52:55-07:00,2026-06-25,8,4,Thursday,[AI] Default Instagram fans list to 1M date range,2,2,4,2,0,1
c5561536d83582fae53c3bd812bbcce5fc361d69,Adam Berg,adam@xyzdigital.com,2026-06-25T08:54:11-07:00,2026-06-25,8,4,Thursday,[AI] Add Inactive Contacts tile to Instagram fans list,62,11,73,2,0,1
976dfaa33790ec3b16a3c340bc4c567ab3851598,Adam Berg,adam@xyzdigital.com,2026-06-25T08:56:27-07:00,2026-06-25,8,4,Thursday,[AI] Add Last Active and Joined At to Instagram fans CSV export,16,1,17,1,0,1
5646536d98d384d126a31790d81ebc0af910dab6,Adam Berg,adam@xyzdigital.com,2026-06-25T09:01:24-07:00,2026-06-25,9,4,Thursday,[AI] Add Instagram FBID and scoped user ID columns to fans CSV export,284,43,327,5,0,1
0416e01336b40fa22ec80be6dc017f850d3e98ff,Adam Berg,adam@xyzdigital.com,2026-06-25T09:04:30-07:00,2026-06-25,9,4,Thursday,[AI] Use MetaAccount fbPageId in fans CSV export instead of API lookups,10,152,162,3,0,1
7460582e2e4c2b3eaf407aac4e86ba6c671075b6,Adam Berg,adam@xyzdigital.com,2026-06-25T09:11:33-07:00,2026-06-25,9,4,Thursday,[AI] Add help modal to Instagram fans list with strategy call CTA,82,1,83,1,0,1
e20ee63a31a8dacb37ba0f9f48f137e4f438c194,Adam Berg,adam@xyzdigital.com,2026-06-25T09:12:43-07:00,2026-06-25,9,4,Thursday,[AI] Center strategy call CTA and remove Got it button,1,4,5,1,0,1
e68e074826d15b3cd4b5e6a3825f813e0e89f0c1,Adam Berg,adam@xyzdigital.com,2026-06-25T09:16:17-07:00,2026-06-25,9,4,Thursday,[AI] Simplify help modal copy to three short sentences,3,12,15,1,0,1
77a862c687f6ef13d8b3b7e10cfb11cb2e0cdd6e,Adam Berg,adam@xyzdigital.com,2026-06-25T09:18:22-07:00,2026-06-25,9,4,Thursday,[AI] Hide Book a Free Strategy Call button in help modal,4,5,9,1,0,1
e86b111e516a53a3451591944d3c74f3b7d8dec4,Adam Berg,adam@xyzdigital.com,2026-06-25T09:27:13-07:00,2026-06-25,9,4,Thursday,[AI] Onboarding requests fewer IG scopes; store granted scopes,22,2,24,4,0,1
1b1a5111f81b83bed83bbb8a538dfc6b24bcd4ee,Adam Berg,adam@xyzdigital.com,2026-06-25T09:31:10-07:00,2026-06-25,9,4,Thursday,[AI] Add Contact Us link to Instagram fans help modal,9,0,9,1,0,1
1085dc962e3f48dbc61be071d2cefb55bf1edffc,Adam Berg,adam@xyzdigital.com,2026-06-25T09:34:01-07:00,2026-06-25,9,4,Thursday,[AI] Add Engram branding to fans help dialog,1,0,1,1,0,1
9815245467282b0b0be121db66518777cff946a5,Adam Berg,adam@xyzdigital.com,2026-06-25T09:34:18-07:00,2026-06-25,9,4,Thursday,[AI] Move Engram branding to fans help dialog footer,3,1,4,1,0,1
72f9fd5a75fadd7ca73497e82fb90b307b03759a,Adam Berg,adam@xyzdigital.com,2026-06-25T09:34:39-07:00,2026-06-25,9,4,Thursday,[AI] Move Contact Us below Engram branding in footer,4,4,8,1,0,1
0f521ad6097fa4cbbbfe99b0dcc624719c28846e,Adam Berg,adam@xyzdigital.com,2026-06-25T09:35:43-07:00,2026-06-25,9,4,Thursday,[AI] Keep help dialog footer centered and ordered on small screens,1,1,2,1,0,1
6719dffede4307b2bdef0e0cfea2345f9eb80b52,Adam Berg,adam@xyzdigital.com,2026-06-25T09:36:04-07:00,2026-06-25,9,4,Thursday,[AI] Make help dialog footer text black,2,2,4,1,0,1
198b3269089539e35c5962d5ac846f9a15ea245e,Adam Berg,adam@xyzdigital.com,2026-06-25T09:36:17-07:00,2026-06-25,9,4,Thursday,[AI] Make whole help dialog text black,1,1,2,1,0,1
1b1a24d188170f9964456cfd86a995c56b6b41bb,Adam Berg,adam@xyzdigital.com,2026-06-25T09:40:42-07:00,2026-06-25,9,4,Thursday,Update text in help dialog,3,3,6,1,0,0
9df549215d8a213247b4a525f1a214c6bd837d3b,Adam Berg,adam@xyzdigital.com,2026-06-25T09:42:44-07:00,2026-06-25,9,4,Thursday,Re-arrange routes so all unauthenticated routes are together,3,4,7,1,0,0
c928a99db44967d64429064e9cfc27d866da4d42,Adam Berg,adam@xyzdigital.com,2026-06-25T09:45:06-07:00,2026-06-25,9,4,Thursday,[AI] Redirect to /login when no active session,28,1,29,1,0,1
d15984522ef5442d69fed08def2009caadc00343,Adam Berg,adam@xyzdigital.com,2026-06-25T09:56:54-07:00,2026-06-25,9,4,Thursday,[AI] Add Subscription model and route guard for main app routes,102,0,102,4,0,1
ec7a59f174ad39502341a436b447471fa5233467,Adam Berg,adam@xyzdigital.com,2026-06-25T10:02:46-07:00,2026-06-25,10,4,Thursday,[AI] Redirect Instagram fan routes when no MetaAccount exists,31,0,31,1,0,1
fa48b8dc3068d74d3898574d55ea87fbe745f6db,Adam Berg,adam@xyzdigital.com,2026-06-25T10:06:19-07:00,2026-06-25,10,4,Thursday,[AI] Move Engram branding to small page footer on onboarding,7,5,12,1,0,1
f83b9d7b93d3740a2e1291bcd724d9d47b754319,Adam Berg,adam@xyzdigital.com,2026-06-25T10:07:00-07:00,2026-06-25,10,4,Thursday,[AI] Add Contact Us footer link on onboarding page,11,1,12,1,0,1
c178b1ebf06b13657fd5f37a275ec4cc61344625,Adam Berg,adam@xyzdigital.com,2026-06-25T10:09:48-07:00,2026-06-25,10,4,Thursday,[AI] Shorten Instagram onboarding copy to three sentences,5,8,13,1,0,1
da45c2d7125849aece479e46f7f2025129763f4c,Adam Berg,adam@xyzdigital.com,2026-06-25T10:10:32-07:00,2026-06-25,10,4,Thursday,[AI] Update Instagram onboarding step copy,2,2,4,1,0,1
0868f04def227372620b021f7a7d6953f494a337,Adam Berg,adam@xyzdigital.com,2026-06-25T10:12:37-07:00,2026-06-25,10,4,Thursday,[AI] Add Instagram connect step to onboarding copy,5,4,9,1,0,1
d6e1d111ce09cb31410133603fd59645ea281cf3,Adam Berg,adam@xyzdigital.com,2026-06-25T10:16:12-07:00,2026-06-25,10,4,Thursday,[AI] Match Engram footer styling on Instagram fans route,14,2,16,1,0,1
aa50076f8c2b85a8ee91e62f82c81a28279cbeaf,Adam Berg,adam@xyzdigital.com,2026-06-25T10:17:42-07:00,2026-06-25,10,4,Thursday,[AI] Simplify Instagram fans card headline and count display,3,7,10,1,0,1
902ec7aeb95730b55a6ea4f47607400601c5d1ec,Adam Berg,adam@xyzdigital.com,2026-06-25T10:19:39-07:00,2026-06-25,10,4,Thursday,[AI] Show sync status inline below fan count instead of toast,22,9,31,1,0,1
ea924c9c2a0b9f32948a3ac627748e341f85771c,Adam Berg,adam@xyzdigital.com,2026-06-25T10:21:21-07:00,2026-06-25,10,4,Thursday,[AI] Include post count in sync completion status message,1,1,2,1,0,1
5744cb63fc3f853b0b7515b36b95e7bac017347e,Adam Berg,adam@xyzdigital.com,2026-06-25T12:00:13-07:00,2026-06-25,12,4,Thursday,[AI] Update login page with sign up link and footer,69,51,120,1,0,1
6cec8db71af796b43802b9cf756480cfb987b1d4,Adam Berg,adam@xyzdigital.com,2026-06-25T12:01:45-07:00,2026-06-25,12,4,Thursday,[AI] Add footer and login link to signup page,58,40,98,1,0,1
962ffadac246d6efa90bf5d98faaa2f61a5ec30c,Adam Berg,adam@xyzdigital.com,2026-06-25T12:25:13-07:00,2026-06-25,12,4,Thursday,[AI] Capture Instagram username from signup ig query param,45,3,48,3,0,1
611e074abcedb993dd4dd7bc4ef1552900fa2905,Adam Berg,adam@xyzdigital.com,2026-06-25T12:27:05-07:00,2026-06-25,12,4,Thursday,[AI] Allow authenticated sessions without an artist during onboarding,9,3,12,2,0,1
eb31d29bbfed4f32afec347cf41d200254d300be,Adam Berg,adam@xyzdigital.com,2026-06-25T15:10:32-07:00,2026-06-25,15,4,Thursday,Add kennedy static pages to artists,25222,0,25222,37,0,0
4af4f08e2fdb29048c08d0f3ce39620c53ba6d38,Adam Berg,adam@xyzdigital.com,2026-06-25T15:11:15-07:00,2026-06-25,15,4,Thursday,Add jayo pages to artists,751,0,751,4,0,0
1b12ea9210e52f81968d5bd94590076202374fec,Adam Berg,adam@xyzdigital.com,2026-06-25T15:13:41-07:00,2026-06-25,15,4,Thursday,[AI] Add request a city feature to jayo tour page,408,0,408,1,0,1
174ed22946839efedc3913f356cc5c47b75cf53f,Adam Berg,adam@xyzdigital.com,2026-06-25T15:20:11-07:00,2026-06-25,15,4,Thursday,[AI] Add SMS campaign report CSV export after send completes,230,5,235,4,0,1
73e6b37211b779d58c0ea2c49c01966891a1375a,Adam Berg,adam@xyzdigital.com,2026-06-25T18:08:13-07:00,2026-06-25,18,4,Thursday,[AI] Add Kaizen Instagram OAuth flow for onboarding,78,12,90,6,0,1
a2c2bc940af272a6f045b294f49c2b6bbc2e8877,Adam Berg,adam@xyzdigital.com,2026-06-25T18:13:33-07:00,2026-06-25,18,4,Thursday,[AI] Store metaApp on MetaAccount for Kaizen OAuth,8,0,8,2,0,1
a10c7c2275a8c690ab952484742b08481ede2909,Adam Berg,adam@xyzdigital.com,2026-06-25T19:08:55-07:00,2026-06-25,19,4,Thursday,Add engram home page,447,0,447,1,0,0
c0c5be24ebef29adef64d332818d5714096df34c,Adam Berg,adam@xyzdigital.com,2026-06-25T19:10:02-07:00,2026-06-25,19,4,Thursday,[AI] Update Engram page branding and add Contact Us link,25,3,28,1,0,1
e382f4292a7aa29e2d25315fd91e7be561823b0d,Adam Berg,adam@xyzdigital.com,2026-06-25T19:10:59-07:00,2026-06-25,19,4,Thursday,[AI] Fix CTA button text color and link to signup,11,5,16,1,0,1
1b02c5cd235c5203952367d36c4a78649c963638,Adam Berg,adam@xyzdigital.com,2026-06-25T19:12:38-07:00,2026-06-25,19,4,Thursday,[AI] Fix Instagram Messages icon on Engram page,21,1,22,1,0,1
251de808086d46dddbd9f161d4081894be5a69e6,Adam Berg,adam@xyzdigital.com,2026-06-25T19:16:18-07:00,2026-06-25,19,4,Thursday,[AI] Add highlighted Fan Ranking feature to engram landing page,318,1,319,1,0,1
17938de085f4df160aa3e0d49d44091c14dd7cb4,Adam Berg,adam@xyzdigital.com,2026-06-25T19:17:59-07:00,2026-06-25,19,4,Thursday,"[AI] Remove emdashes and ""like"" from Fan Ranking feature copy",4,4,8,1,0,1
1560e35cafd9a5e988796b95b48ee79ac48834aa,Adam Berg,adam@xyzdigital.com,2026-06-26T07:43:31-07:00,2026-06-26,7,5,Friday,[AI] Fix Meta value-based custom audience add step,44,5,49,3,0,1
2918854bfcdd0c92b88b97f0161769f522484c66,Adam Berg,adam@xyzdigital.com,2026-06-26T08:37:46-07:00,2026-06-26,8,5,Friday,[AI] Add Not Sure intro call tile to Instagram onboarding,41,21,62,1,0,1
79f0ae8eae652c1fc3ec8cc47f02618341d731f6,Adam Berg,adam@xyzdigital.com,2026-06-26T08:38:07-07:00,2026-06-26,8,5,Friday,[AI] Use Google Calendar link for intro call booking,1,1,2,1,0,1
f9ce24284f726af16efa2bea881c735dafa96195,Adam Berg,adam@xyzdigital.com,2026-06-26T08:39:44-07:00,2026-06-26,8,5,Friday,[AI] Add Adam photo to Not Sure onboarding tile,7,5,12,1,0,1
03996102eaed8dacd925158b18ef0838d6a10b32,Adam Berg,adam@xyzdigital.com,2026-06-26T08:40:48-07:00,2026-06-26,8,5,Friday,[AI] Add vertical padding to onboarding footer,1,1,2,1,0,1
9bb3fab4022a1ac4f2245eea28b7dd4c8e66fa5e,Adam Berg,adam@xyzdigital.com,2026-06-26T08:43:30-07:00,2026-06-26,8,5,Friday,Update onboarding IG text,1,4,5,1,0,0
35a339e108cebc99acbb6e51ee692d8dd6b39b46,Adam Berg,adam@xyzdigital.com,2026-06-26T09:31:20-07:00,2026-06-26,9,5,Friday,[AI] Add standalone Top Active Fans export HTML at 1200x630,234,0,234,1,0,1
28ab469b8c0c1d84d5b6bf9dfc83ba4cbaafeb47,Adam Berg,adam@xyzdigital.com,2026-06-26T09:35:10-07:00,2026-06-26,9,5,Friday,[AI] Balance top and bottom padding on Top Active Fans export,1,4,5,1,0,1
6789657b25243b35ff5fea8c300581d2e0331696,Adam Berg,adam@xyzdigital.com,2026-06-26T10:53:23-07:00,2026-06-26,10,5,Friday,Small changes,29,18,47,1,0,0
e50cd7175849e7a92361d08ac30491e1b6999717,Adam Berg,adam@xyzdigital.com,2026-06-26T10:55:03-07:00,2026-06-26,10,5,Friday,[AI] Add Features heading and reorder feature tiles on Engram page,25,16,41,1,0,1
60f4df51a149e2265d4bc30225524b52ca545f14,Adam Berg,adam@xyzdigital.com,2026-06-26T10:57:15-07:00,2026-06-26,10,5,Friday,[AI] Embed Instagram post below Sign Up on Engram page,9,0,9,1,0,1
6efc0e01ab3235498ffcddf40a1f6d98c0936de7,Adam Berg,adam@xyzdigital.com,2026-06-26T10:58:24-07:00,2026-06-26,10,5,Friday,[AI] Add sticky bottom bar with Sign Up CTA on Engram page,33,0,33,1,0,1
643c8dbe5942f0aa82f259355abdfd0e6c128f85,Adam Berg,adam@xyzdigital.com,2026-06-26T10:59:06-07:00,2026-06-26,10,5,Friday,[AI] Remove hero Sign Up button and rename sticky bar CTA,1,2,3,1,0,1
5fe7e6510cd81e9449c0f21d2ed90124534ce445,Adam Berg,adam@xyzdigital.com,2026-06-26T11:02:20-07:00,2026-06-26,11,5,Friday,[AI] Remove Early Access tag and tighten header spacing,2,15,17,1,0,1
e3575a06d5133c7cb9725b74e50e6ddfaf8783f5,Adam Berg,adam@xyzdigital.com,2026-06-26T11:03:49-07:00,2026-06-26,11,5,Friday,[AI] Center sticky bar CTA with (for free) subtext,17,11,28,1,0,1
5d8badae761c1cb617c279b47b260cc6c4c51abd,Adam Berg,adam@xyzdigital.com,2026-06-26T11:15:42-07:00,2026-06-26,11,5,Friday,[AI] Inline (for free) text and tighten sticky bar padding,3,8,11,1,0,1
d5885bd2ff4b7a2b10fa842cf810fa966c226d59,Adam Berg,adam@xyzdigital.com,2026-06-26T11:18:00-07:00,2026-06-26,11,5,Friday,[AI] Add sticky bar menu and max-width container,97,6,103,1,0,1
3330b105f24fde7d8528a64ce79bfb99b56553b5,Adam Berg,adam@xyzdigital.com,2026-06-26T11:18:43-07:00,2026-06-26,11,5,Friday,[AI] Vertically center sticky bar menu ellipsis,6,1,7,1,0,1
d721604daa457014467545ade47b617a3a29e3e8,Adam Berg,adam@xyzdigital.com,2026-06-26T11:19:55-07:00,2026-06-26,11,5,Friday,[AI] Use Lucide ellipsis icon in sticky bar menu,7,4,11,1,0,1
551108012a7222a2e1de70d877e0047e02ba643c,Adam Berg,adam@xyzdigital.com,2026-06-26T11:22:30-07:00,2026-06-26,11,5,Friday,[AI] Add Meta Pixel to Engram landing page,17,0,17,1,0,1
4af3040686a52399b6fc5c28c3dabde33e767b4f,Adam Berg,adam@xyzdigital.com,2026-06-26T11:23:13-07:00,2026-06-26,11,5,Friday,[AI] Track ViewContent on Get Started click,4,0,4,1,0,1
24883e4d0ac6e6ee8d27e2419ec665a8dae840ba,Adam Berg,adam@xyzdigital.com,2026-06-26T12:44:18-07:00,2026-06-26,12,5,Friday,[AI] Highlight existing tour city when requested in modal,71,0,71,1,0,1
559ac89b08bd563a14c44561d077c6332a81cbb8,Adam Berg,adam@xyzdigital.com,2026-06-26T19:10:36-07:00,2026-06-26,19,5,Friday,[AI] Remove scores and Live ranking from top-active-fans visual,1,20,21,1,0,1
fa944d6373f50c0249b66537d5a2f283a76aeb94,Adam Berg,adam@xyzdigital.com,2026-06-26T19:11:11-07:00,2026-06-26,19,5,Friday,[AI] Change Curious label to Follower in top-active-fans,1,1,2,1,0,1
2ed5cacf590fae52cbf7643a72711c44cf6d8349,Adam Berg,adam@xyzdigital.com,2026-06-26T19:15:48-07:00,2026-06-26,19,5,Friday,"[AI] Update top-active-fans tiers, colors, and stats",41,11,52,1,0,1
27f144b1daa992411739679843c28347401b9fc3,Adam Berg,adam@xyzdigital.com,2026-06-26T19:19:03-07:00,2026-06-26,19,5,Friday,[AI] Adjust fan tier stats visibility and values,4,4,8,1,0,1
5a2cafbc6e3b247cf16575ad7e68586ef2293c6a,Adam Berg,adam@xyzdigital.com,2026-06-26T19:19:38-07:00,2026-06-26,19,5,Friday,[AI] Resize top-active-fans to 1080x1080 and remove title,9,22,31,1,0,1
f0adb81dd4fa9b2b889b9cf824001d9d675bc7e2,Adam Berg,adam@xyzdigital.com,2026-06-26T19:20:54-07:00,2026-06-26,19,5,Friday,[AI] Remove journey bars and scale fan rows for 1080x1080,14,72,86,1,0,1
4eb4b6663f7ec780581f4ff4841c6978769a19e7,Adam Berg,adam@xyzdigital.com,2026-06-26T19:21:18-07:00,2026-06-26,19,5,Friday,[AI] Add amount spent back to superfan row,1,1,2,1,0,1
1782f1f928c6ec5ead74d28ce9e78c7dcac56973,Adam Berg,adam@xyzdigital.com,2026-06-26T19:21:37-07:00,2026-06-26,19,5,Friday,[AI] Update superfan amount spent to $380,1,1,2,1,0,1
517bf8dc71ad541d197271f35e573c2610f0b199,Adam Berg,adam@xyzdigital.com,2026-06-29T12:38:08-07:00,2026-06-29,12,1,Monday,Add home page for veryluvsick from kaizen html,86,0,86,1,0,0
7d80818c0b10e55b512c5c3a86416dfb56ffeb7c,Adam Berg,adam@xyzdigital.com,2026-06-29T12:39:20-07:00,2026-06-29,12,1,Monday,[AI] Simplify veryluvsick artist page to self-contained HTML,318,86,404,1,0,1
dba6cd3b3c1fc40b9e90b7d481591496924c4fe6,Adam Berg,adam@xyzdigital.com,2026-06-30T07:53:15-07:00,2026-06-30,7,2,Tuesday,Fix form in veryluvsick,7,16,23,1,0,0
3d27a6d2cf801de86159e6e81f89bcdc179b0736,Adam Berg,adam@xyzdigital.com,2026-06-30T07:53:24-07:00,2026-06-30,7,2,Tuesday,Add mrtzpoet landing page,86,0,86,1,0,0
45ac4a57fba336adb4df243debbf8f1f0b7b9486,Adam Berg,adam@xyzdigital.com,2026-06-30T07:56:33-07:00,2026-06-30,7,2,Tuesday,[AI] Simplify MRTZ Poet artist page HTML,304,86,390,1,0,1
4d51e5293c29e3e3016b75292aa8a6abfe0531b0,Adam Berg,adam@xyzdigital.com,2026-06-30T08:41:50-07:00,2026-06-30,8,2,Tuesday,[AI] Use profile image as full-page background on MRTZ Poet link page,18,12,30,1,0,1
a4ad385deb5471cb628f332a081ca194508d7893,Adam Berg,adam@xyzdigital.com,2026-06-30T08:42:18-07:00,2026-06-30,8,2,Tuesday,[AI] Auto-open stay up to date dialog on MRTZ Poet page load,14,5,19,1,0,1
ac0b30717f830d394fc2896a8631e5b2e13d66a9,Adam Berg,adam@xyzdigital.com,2026-06-30T08:43:31-07:00,2026-06-30,8,2,Tuesday,[AI] Update MRTZ Poet image with blurred background and circular avatar,21,4,25,1,0,1
c664b3af797f7eb70134521d53469a261f9b676a,Adam Berg,adam@xyzdigital.com,2026-06-30T08:43:54-07:00,2026-06-30,8,2,Tuesday,[AI] Remove powered by footer from MRTZ Poet page,0,25,25,1,0,1
8c6c4235383d5f4f6d189875651d915b6a4a6e46,Adam Berg,adam@xyzdigital.com,2026-06-30T09:03:09-07:00,2026-06-30,9,2,Tuesday,Updates to mrtzpoet link in bio,14,0,14,1,0,0
48b427fe655dc927dd090aa4ce22405c108d0318,Adam Berg,adam@xyzdigital.com,2026-06-30T09:27:47-07:00,2026-06-30,9,2,Tuesday,update mrtzpoet link in bio,8,8,16,1,0,0
7ebf352c2578e6ad673b557935bc3c609c26a604,Adam Berg,adam@xyzdigital.com,2026-06-30T09:35:06-07:00,2026-06-30,9,2,Tuesday,[AI] Add script to sync lead engagement stats from IG comments/messages,210,0,210,1,0,1
ef513fa7f63aa0a48b00ef56bb7e7e4c054d478e,Adam Berg,adam@xyzdigital.com,2026-07-01T06:23:38-07:00,2026-07-01,6,3,Wednesday,[AI] Split jayo tour page into vote page and ticket dates page,814,712,1526,2,0,1
fe802bf4583a6784e3f08080fe09b1e99e6f3979,Adam Berg,adam@xyzdigital.com,2026-07-01T06:24:18-07:00,2026-07-01,6,3,Wednesday,[AI] Add request a city to jayo tour ticket page,408,0,408,1,0,1
209597d1e9d74207a1aa3a552634c469b6235beb,Adam Berg,adam@xyzdigital.com,2026-07-01T06:25:48-07:00,2026-07-01,6,3,Wednesday,[AI] Center-align GET TICKETS button text on tour page,3,3,6,1,0,1
85c38cf7d2feb1880645bc870185d5a999a9c6d6,Adam Berg,adam@xyzdigital.com,2026-07-01T06:26:26-07:00,2026-07-01,6,3,Wednesday,[AI] Simplify ticket button label and split venue onto own line,9,6,15,1,0,1
970c53d8271821cd1407691a6365a474de3f858d,Adam Berg,adam@xyzdigital.com,2026-07-01T06:26:38-07:00,2026-07-01,6,3,Wednesday,[AI] Remove EARLY label from Mercury Lounge venue,1,1,2,1,0,1
1c6882c4994a647e95653eea5053acd76d165475,Adam Berg,adam@xyzdigital.com,2026-07-01T06:27:02-07:00,2026-07-01,6,3,Wednesday,[AI] Uppercase ticket button label to TICKETS,3,3,6,1,0,1
1142a9faadd61256c0c67ea85045c0851b5af59e,Adam Berg,adam@xyzdigital.com,2026-07-01T06:30:40-07:00,2026-07-01,6,3,Wednesday,[AI] Add ticket lead capture modal before external ticket links,133,21,154,1,0,1
3bedd3577fd8f3bfffc278a6a073d4414c92e3b6,Adam Berg,adam@xyzdigital.com,2026-07-01T06:31:31-07:00,2026-07-01,6,3,Wednesday,[AI] Replace first/last name fields with single Name field,8,18,26,1,0,1
8b6656bbadef925c46c70cba2226bf6aceaed0bf,Adam Berg,adam@xyzdigital.com,2026-07-01T06:31:55-07:00,2026-07-01,6,3,Wednesday,[AI] Style Request a City as primary button with solid background,4,6,10,1,0,1
dcf0bb58598ca93b5521bc1c88e977fd32711ea3,Adam Berg,adam@xyzdigital.com,2026-07-01T06:33:30-07:00,2026-07-01,6,3,Wednesday,[AI] Remove tickets- prefix from tickets modal form and inputs,11,11,22,1,0,1
ca2a5833339cda3cca2044af695e2240d1b98bab,Adam Berg,adam@xyzdigital.com,2026-07-01T06:39:00-07:00,2026-07-01,6,3,Wednesday,[AI] Open ticket URL immediately on form submit,10,28,38,1,0,1
302bd14f0bd55b2536f22717ed7b6bfb66440107,Adam Berg,adam@xyzdigital.com,2026-07-01T06:42:21-07:00,2026-07-01,6,3,Wednesday,Don't close ticket form,0,1,1,1,0,0
757fdc8ace2fcceb73724f10594f8185383a1cb4,Adam Berg,adam@xyzdigital.com,2026-07-08T07:13:41-07:00,2026-07-08,7,3,Wednesday,[AI] Add response actions menu with re-run and delete options,624,14,638,6,0,1
8939ebcb7af340f30efc4dbfbb3921b9d0fc878e,Adam Berg,adam@xyzdigital.com,2026-07-08T07:29:16-07:00,2026-07-08,7,3,Wednesday,[AI] Add setupNewHostname.sh for nginx and certbot hostname setup,38,0,38,1,0,1
2dd97dc73de4830254c829e941a6aac8d4cf2ccd,Adam Berg,adam@xyzdigital.com,2026-07-08T07:34:40-07:00,2026-07-08,7,3,Wednesday,[AI] Add admin subscription tab for artist editing,469,6,475,7,0,1
583f252bebeef850b9089ca4c58eaea2204ed6cf,Adam Berg,adam@xyzdigital.com,2026-07-08T09:35:41-07:00,2026-07-08,9,3,Wednesday,[AI] Add phone number login with OTP verification and rate limiting,530,67,597,9,0,1
516b7498484ef2892953a1b09af23c5b332ee077,Adam Berg,adam@xyzdigital.com,2026-07-08T09:38:15-07:00,2026-07-08,9,3,Wednesday,[AI] Support TWILIO_PHONE_NUMBER env for login OTP SMS,4,3,7,2,0,1
deb9466beb8f2c439dd9d0423e8084fc2794176e,Adam Berg,adam@xyzdigital.com,2026-07-08T16:21:45-07:00,2026-07-08,16,3,Wednesday,[AI] Count unique SMS campaign clicks in report summary,1,1,2,1,0,1
3c091fec6abc25018dbc79ef1639c1431a03ad22,Adam Berg,adam@xyzdigital.com,2026-07-09T07:54:13-07:00,2026-07-09,7,4,Thursday,[AI] Allow upgrade page without existing checkout,232,44,276,1,0,1
26f4e06a6a99ee0b2dff14a872d25e7a3957c9a8,Adam Berg,adam@xyzdigital.com,2026-07-09T07:56:52-07:00,2026-07-09,7,4,Thursday,[AI] POST upgrade-only checkout; show page without city,25,101,126,1,0,1
3751c773ea73665387317ab1e3c369c2ac95e845,Adam Berg,adam@xyzdigital.com,2026-07-09T08:00:22-07:00,2026-07-09,8,4,Thursday,[AI] Hide GA ticket from upgrade features when no checkout,8,1,9,1,0,1
f217c20b7b2ccfb5fedfb139e281bad29f185a90,Adam Berg,adam@xyzdigital.com,2026-07-09T08:16:14-07:00,2026-07-09,8,4,Thursday,Add monic home page,510,0,510,1,0,0
17eea4d67452ae1da130de5c75397313ee74475b,Adam Berg,adam@xyzdigital.com,2026-07-09T16:31:59-07:00,2026-07-09,16,4,Thursday,[AI] Cap meet & greet qty at 2 without GA ticket,5,5,10,1,0,1
652e499de314ff508270d047808169363ed0a288,Adam Berg,adam@xyzdigital.com,2026-07-14T08:30:57-07:00,2026-07-14,8,2,Tuesday,[AI] Allow tip-only checkout when products exist in livestream shop,16,9,25,1,0,1
ae86f6d5818e3fd0b8e6a08c8356ec290b0c3e80,Adam Berg,adam@xyzdigital.com,2026-07-14T08:35:04-07:00,2026-07-14,8,2,Tuesday,"[AI] Hide audio options ""..."" menu on livestream viewer view",8,1,9,3,0,1
a34780e67dd813d196945112acc92591ff6082b9,Adam Berg,adam@xyzdigital.com,2026-07-14T08:35:40-07:00,2026-07-14,8,2,Tuesday,"[AI] Remove livestream participant audio ""..."" menu entirely",2,61,63,3,0,1
a4093256edfc348b48cc28298b301be4a354e423,Adam Berg,adam@xyzdigital.com,2026-07-14T08:42:17-07:00,2026-07-14,8,2,Tuesday,[AI] Allow scrolling back through livestream chat history,175,15,190,2,0,1
6a1cb60cb00282c0c97ba629b10525343e1543f1,Adam Berg,adam@xyzdigital.com,2026-07-14T08:42:23-07:00,2026-07-14,8,2,Tuesday,[AI] Raise livestream chat overlay history cap to 5000,1,1,2,1,0,1
27d4143652da5a2084566411704c3c558684a572,Adam Berg,adam@xyzdigital.com,2026-07-14T08:47:26-07:00,2026-07-14,8,2,Tuesday,[AI] Reveal livestream chat history on press with idle fade,60,87,147,1,0,1
2024fa796659c41a16dc27f464441e4aa4de4fec,Adam Berg,adam@xyzdigital.com,2026-07-14T08:49:41-07:00,2026-07-14,8,2,Tuesday,[AI] Fade out livestream chat history instead of hard-hiding,98,40,138,1,0,1
6b142985c35dfe1838aaf641a4e58d0b0571156d,Adam Berg,adam@xyzdigital.com,2026-07-17T08:13:09-07:00,2026-07-17,8,5,Friday,[AI] Update Kennedy Ryon 2026 tour dates and venues,168,158,326,2,0,1
2b519b4497d817559c11d7e432642c8183473243,Adam Berg,adam@xyzdigital.com,2026-07-17T08:18:20-07:00,2026-07-17,8,5,Friday,[AI] Set Pittsburgh tour ticket variant ID,1,1,2,1,0,1
7ee49d6439beb53ee2099d79236508fbe8b8cd39,Adam Berg,adam@xyzdigital.com,2026-07-17T08:28:21-07:00,2026-07-17,8,5,Friday,[AI] Hide date asterisk on non-presale city capture pages,4,0,4,1,0,1
c5938819c07c902da5c005b216c117f4923fa366,Adam Berg,adam@xyzdigital.com,2026-07-20T15:35:01-07:00,2026-07-20,15,1,Monday,[AI] Allow tip-only livestream checkout for variant products,23,11,34,1,0,1
fe3c4a19569cbd1f65713bd87b5702b33c3fc764,Adam Berg,adam@xyzdigital.com,2026-07-20T15:50:44-07:00,2026-07-20,15,1,Monday,[AI] Use tip-only title when no merch selected in livestream shop,5,2,7,1,0,1
88f199e6cb23c190dde61d81765b0952d316b256,Adam Berg,adam@xyzdigital.com,2026-07-20T15:52:26-07:00,2026-07-20,15,1,Monday,[AI] Include selected tip in livestream shop cart total,17,11,28,1,0,1
07f4e6e8629cc25b1d5020376f476ee3e6b8eb2a,Adam Berg,adam@xyzdigital.com,2026-07-21T09:25:07-07:00,2026-07-21,9,2,Tuesday,Update text,1,1,2,1,0,0
337ff480927e9e0bac8e5b1f710f1c5eb00835c8,Adam Berg,adam@xyzdigital.com,2026-07-22T12:58:17-07:00,2026-07-22,12,3,Wednesday,Add Ryan whyman rsvp,695,0,695,1,0,0
0ac648c31af7f401a08b2682831e6190fb706d05,Adam Berg,adam@xyzdigital.com,2026-07-22T12:59:25-07:00,2026-07-22,12,3,Wednesday,[AI] Add Meta Pixel Lead tracking to Ryan Whyman RSVP page,27,0,27,1,0,1
e11e8334176fdbeda6b8b31504b3664fdba2ed9f,Adam Berg,adam@xyzdigital.com,2026-07-23T07:51:40-07:00,2026-07-23,7,4,Thursday,[AI] Add gated CMS page access with OTP and access requests,2007,9,2016,26,0,1
65d452fb16286203ffeb0e2dd85ad4ec821ebc8a,Adam Berg,adam@xyzdigital.com,2026-07-23T07:56:19-07:00,2026-07-23,7,4,Thursday,[AI] Show clear no-access message on page login gate,2,3,5,2,0,1
4e1672e7106d2da9a5439da0139b6e6dd02ff4f7,Adam Berg,adam@xyzdigital.com,2026-07-27T15:29:57-07:00,2026-07-27,15,1,Monday,Update with latest,16,16,32,1,0,0
882ac146ba17b8877e697260737472722253d728,Adam Berg,adam@xyzdigital.com,2026-07-27T15:36:18-07:00,2026-07-27,15,1,Monday,latest updates,50,23,73,1,0,0
05f55801e28a42c6c375204b94447510c7ee7ac9,Adam Berg,adam@xyzdigital.com,2026-07-27T15:43:57-07:00,2026-07-27,15,1,Monday,[AI] Simplify city capture checkout to single $39 GA ticket,9,117,126,1,0,1
e4e0c10df393a503d522c72b9baff97f7472cf59,Adam Berg,adam@xyzdigital.com,2026-07-27T15:48:55-07:00,2026-07-27,15,1,Monday,"[AI] Change upgrade headline preposition from ""for"" to ""in""",1,1,2,1,0,1
cb5d0cfc3089ddee584130056e62330b3d1fe1d4,Adam Berg,adam@xyzdigital.com,2026-07-27T15:49:28-07:00,2026-07-27,15,1,Monday,[AI] Remove Afterpay checkout note from upgrade tiers,0,12,12,1,0,1
f73836e1349698375b105c4970ab9d5678a043b2,Adam Berg,adam@xyzdigital.com,2026-07-27T15:50:18-07:00,2026-07-27,15,1,Monday,[AI] Simplify upgrade tier copy and price display,3,11,14,1,0,1
ac973dae6a97647138dfac5dbb9a1170e570cc5a,Adam Berg,adam@xyzdigital.com,2026-07-27T15:53:59-07:00,2026-07-27,15,1,Monday,[AI] Add per-city GA URLs and open on Keep GA continue,31,20,51,1,0,1
f60df7c2263019940c7e0b634debe2f873516a6c,Adam Berg,adam@xyzdigital.com,2026-07-27T15:57:28-07:00,2026-07-27,15,1,Monday,[AI] Keep GA only opens external URL only,2,52,54,1,0,1
b43bacb20c22f04386614a335370412becc866b0,Adam Berg,adam@xyzdigital.com,2026-07-27T16:00:03-07:00,2026-07-27,16,1,Monday,[AI] Resolve upgrade page city from query param like city-capture,27,2,29,1,0,1
5b916a6257802a63a92ffe5830b60f3ac8343f77,Adam Berg,adam@xyzdigital.com,2026-07-27T16:03:52-07:00,2026-07-27,16,1,Monday,[AI] Update tour t-shirt image URL on upgrade page,2,2,4,1,0,1
af3909234f1bc5518e6cfe877e6c963352a3d6af,Adam Berg,adam@xyzdigital.com,2026-07-27T16:07:08-07:00,2026-07-27,16,1,Monday,[AI] Defer checkout creation until upgrade page submit.,72,285,357,2,0,1
494489365eff07966e3a6014b09736ae69dca675,Adam Berg,adam@xyzdigital.com,2026-07-27T16:08:57-07:00,2026-07-27,16,1,Monday,"[AI] Checkout upgrade line items only, drop ticket variant storage.",7,27,34,2,0,1
2aa8bf8b4bd1fa09fb0518591500b39078b10ce3,Adam Berg,adam@xyzdigital.com,2026-07-27T16:12:25-07:00,2026-07-27,16,1,Monday,[AI] Always cap standalone tier ticket qty at NO_GA_TICKET_MAX_QTY,1,3,4,1,0,1
b52288e9fdbb3bccc63272e1626ed1fbbc0fcacf,Adam Berg,adam@xyzdigital.com,2026-07-27T16:17:00-07:00,2026-07-27,16,1,Monday,[AI] Persist city query param and acoustic standalone checkout,152,32,184,2,0,1
f9b93ebd0fe39e5742865359d2a375d21f2e49df,Adam Berg,adam@xyzdigital.com,2026-07-27T16:18:40-07:00,2026-07-27,16,1,Monday,[AI] Fix acoustic CTA visibility when checkout is missing,20,8,28,1,0,1
dfde5ec18bfd25d05e0733d64cb4cfc519e7a2b7,Adam Berg,adam@xyzdigital.com,2026-07-27T16:19:12-07:00,2026-07-27,16,1,Monday,[AI] Block acoustic page when city has no variant,56,7,63,1,0,1
109f0dbb3496fbaa816e505975e61b26f73dfff7,Adam Berg,adam@xyzdigital.com,2026-07-27T16:23:02-07:00,2026-07-27,16,1,Monday,[AI] Sync acoustic inventory from product API,91,30,121,1,0,1
c02f690b054d1752ec29e542bc8c149aa0e31d74,Adam Berg,adam@xyzdigital.com,2026-07-27T16:23:53-07:00,2026-07-27,16,1,Monday,[AI] Remove ticket-quantity cap on acoustic max qty,5,53,58,1,0,1
14e78ed6024f1c3137d586aa4d03597663b9641a,Adam Berg,adam@xyzdigital.com,2026-07-28T09:13:17-07:00,2026-07-28,9,2,Tuesday,[AI] Add venue ticket warning and order items on tour success page,189,1,190,1,0,1
e284bd192d79fc92a0f2be4dc149ad00ba00dd5f,Adam Berg,adam@xyzdigital.com,2026-07-28T09:14:03-07:00,2026-07-28,9,2,Tuesday,[AI] Remove confirmation email line from tour success page,0,12,12,1,0,1
ddfddf3dfef702a5094e3b2caf54fb114c5d6188,Adam Berg,adam@xyzdigital.com,2026-07-28T09:15:25-07:00,2026-07-28,9,2,Tuesday,[AI] Remove hero copy from tour success page,0,35,35,1,0,1
66de48b5630afb82076c8071c7837fa6d8665a21,Adam Berg,adam@xyzdigital.com,2026-07-28T09:16:32-07:00,2026-07-28,9,2,Tuesday,[AI] Update tour success venue entry message,1,1,2,1,0,1
f58e270c4f63a55ba46ebad7db6f5563e2ea16d9,Adam Berg,adam@xyzdigital.com,2026-07-28T09:17:46-07:00,2026-07-28,9,2,Tuesday,[AI] Change success page warning label copy,1,1,2,1,0,1
35d1052f0fd6e5da09c82ef811dc9f0ff3d5f920,Adam Berg,adam@xyzdigital.com,2026-07-28T09:19:43-07:00,2026-07-28,9,2,Tuesday,[AI] Prominent bold styling for success warning headline,12,7,19,1,0,1
c5cba7b3de4eb534b759ec9ca8dbfc16cb0f2c92,Adam Berg,adam@xyzdigital.com,2026-07-28T09:21:13-07:00,2026-07-28,9,2,Tuesday,[AI] Intensify success warning box and CTA colors,17,6,23,1,0,1
818fca6d421656ab8ae1002716b1c06b0f19b5c8,Adam Berg,adam@xyzdigital.com,2026-07-28T09:30:24-07:00,2026-07-28,9,2,Tuesday,[AI] Wire success page GA button to per-city ticket URLs.,30,2,32,1,0,1
2689303fe2fd4525e92faa82e56193cebef2f197,Adam Berg,adam@xyzdigital.com,2026-07-28T09:44:39-07:00,2026-07-28,9,2,Tuesday,Add nashville,1,1,2,1,0,0
92b1628098ec653239ecbd110b7ca4b10c388e61,Adam Berg,adam@xyzdigital.com,2026-07-28T09:53:38-07:00,2026-07-28,9,2,Tuesday,[AI] Wire upgrade page to per-city meet-and-greet product IDs,23,26,49,1,0,1
be445d33b6a7788d74f7459f402094582ac6e657,Adam Berg,adam@xyzdigital.com,2026-07-29T07:50:30-07:00,2026-07-29,7,3,Wednesday,[AI] Add deliveryType digital to meet-and-greet products,1042,0,1042,1,0,1
6a9703b53438af87eafea358633af738187c5c05,Adam Berg,adam@xyzdigital.com,2026-07-29T08:16:22-07:00,2026-07-29,8,3,Wednesday,[AI] Add Pittsburgh meet-and-greet product data,178,420,598,1,0,1
1903b7170fa859132be1da53300a00305b406019,Adam Berg,adam@xyzdigital.com,2026-07-29T08:18:23-07:00,2026-07-29,8,3,Wednesday,[AI] Wire Pittsburgh meet-and-greet on upgrade page,1,0,1,1,0,1
c1f074313216d5d904a117f8e57daba99b27f28b,Adam Berg,adam@xyzdigital.com,2026-07-29T08:19:16-07:00,2026-07-29,8,3,Wednesday,Add pittsburgh to success,1,0,1,1,0,0
b6dbff10f00b4ed2392ed977f7aad5bfefa0b2e6,Adam Berg,adam@xyzdigital.com,2026-07-29T08:26:25-07:00,2026-07-29,8,3,Wednesday,[AI] Set tour general admission URLs on upgrade and success pages,38,38,76,2,0,1
dcd8ceaed4d177a146a55e6865a253d2f9292d45,Adam Berg,adam@xyzdigital.com,2026-07-29T08:31:50-07:00,2026-07-29,8,3,Wednesday,[AI] Restore presale checkout POST and upgrade PATCH flow,346,29,375,3,0,1
6beeb8891d2a0939ddae8db453071fe1c77a27df,Adam Berg,adam@xyzdigital.com,2026-07-29T08:39:41-07:00,2026-07-29,8,3,Wednesday,[AI] Hide price on city-capture for non-presale cities,5,2,7,1,0,1
ff60d36978d8dab39f04eb59ecb3d55c7f0d6ca7,Adam Berg,adam@xyzdigital.com,2026-07-29T08:41:43-07:00,2026-07-29,8,3,Wednesday,[AI] Fix hidden price row overridden by flex display,4,0,4,1,0,1
a1055ca55166f56c8516aff7411bae0e3cf9f3d1,Adam Berg,adam@xyzdigital.com,2026-07-29T10:53:15-07:00,2026-07-29,10,3,Wednesday,[AI] Update GA-only tier copy on upgrade page,2,2,4,1,0,1
b021e66a4f41ef5b8f8bdf966ee991a0c9f39769,Adam Berg,adam@xyzdigital.com,2026-07-29T15:13:36-07:00,2026-07-29,15,3,Wednesday,[AI] Forward Instagram webhooks to kaizen when IGAccount matches,10,0,10,1,0,1
4a67ab6b2cd3eb80183c8b003c31844e5f5a2053,Adam Berg,adam@xyzdigital.com,2026-07-29T15:13:43-07:00,2026-07-29,15,3,Wednesday,Add IGAccount model,63,0,63,1,0,0
4bf96380827154ebc87d5761c10fdc0eb88f72ce,Adam Berg,adam@xyzdigital.com,2026-07-29T15:21:13-07:00,2026-07-29,15,3,Wednesday,Add log,2,0,2,1,0,0
ef42295c48eabe419d32b9f75ceb36bc64338127,Adam Berg,adam@xyzdigital.com,2026-07-29T15:58:14-07:00,2026-07-29,15,3,Wednesday,Allow IG Account for engram flows,24,10,34,3,0,0
8e03a53d71ccdba24d3329b2b7eeb3f7ff0a169c,Adam Berg,adam@xyzdigital.com,2026-07-29T16:09:06-07:00,2026-07-29,16,3,Wednesday,[AI] Skip kaizen webhook forward when fanrank handles entry,85,42,127,5,0,1
0d55d31d873887b7b576f849c88bc46f707e7e7c,Adam Berg,adam@xyzdigital.com,2026-07-29T16:15:36-07:00,2026-07-29,16,3,Wednesday,"Revert ""[AI] Skip kaizen webhook forward when fanrank handles entry""",42,85,127,5,0,0
a37e8c68cf7a0ecda7a1b6398f22dc25544d520f,Adam Berg,adam@xyzdigital.com,2026-07-30T08:40:40-07:00,2026-07-30,8,4,Thursday,[AI] Skip kaizen forwarding for locally handled entries,30,27,57,3,0,1
bec5085deb9ee4050bd9c2cba71b2bcf4c5e30c1,Adam Berg,adam@xyzdigital.com,2026-07-30T08:41:33-07:00,2026-07-30,8,4,Thursday,Remove log,0,2,2,1,0,0
ee1c20ed9d30e32bb79090626a97b6d86665f1c1,Adam Berg,adam@xyzdigital.com,2026-07-30T08:44:16-07:00,2026-07-30,8,4,Thursday,[AI] Persist incoming Instagram comments,33,16,49,3,0,1
f90b1362ebd494fcbbbd79da86fc636a04550f46,Adam Berg,adam@xyzdigital.com,2026-07-30T08:58:32-07:00,2026-07-30,8,4,Thursday,[AI] Add artist field to AutomationRun,7,0,7,2,0,1
ff3a653b32db8e9f94993857ff9190477fe7d5b5,Adam Berg,adam@xyzdigital.com,2026-07-30T08:59:57-07:00,2026-07-30,8,4,Thursday,[AI] Add logging to Instagram webhook comment handling,132,8,140,2,0,1
7fb98cffb4a3dfccfaa46e160fc33b63726e38ee,Adam Berg,adam@xyzdigital.com,2026-07-30T09:27:09-07:00,2026-07-30,9,4,Thursday,[AI] Run skip checks before saving Instagram comments,13,13,26,1,0,1
69a940384a22afcd691605a1e180f5072ee60c3a,Adam Berg,adam@xyzdigital.com,2026-07-30T09:28:53-07:00,2026-07-30,9,4,Thursday,[AI] Use atomic upsert for IGComment deduplication in webhook handler.,24,18,42,1,0,1
9edb9e989f350a69dc34058b70262da5835a4165,Adam Berg,adam@xyzdigital.com,2026-07-30T09:41:10-07:00,2026-07-30,9,4,Thursday,[AI] Add Redis lock for Instagram comment webhook deduplication,25,0,25,2,0,1
304fe2cefc6d489a96ee030ca97e8f66242e4a82,Adam Berg,adam@xyzdigital.com,2026-07-30T09:44:28-07:00,2026-07-30,9,4,Thursday,[AI] Prefer IGAccount over MetaAccount for Instagram send message step,11,4,15,2,0,1
47250af927bbec6a040656e6c970148a0c73f1ef,Adam Berg,adam@xyzdigital.com,2026-07-30T12:05:07-07:00,2026-07-30,12,4,Thursday,[AI] Add hidden city input to city-capture checkout form,2,0,2,1,0,1
ce0efa39b53cc4d57cd3d3d3ecd005ce55bbff51,Adam Berg,adam@xyzdigital.com,2026-08-03T19:38:51-07:00,2026-08-03,19,1,Monday,[AI] Replace tour poster image with placeholder and remove Seattle date,11,15,26,1,0,1
489ba948edfee83479e6c2e7a9d034a56d921168,Adam Berg,adam@xyzdigital.com,2026-08-03T19:39:33-07:00,2026-08-03,19,1,Monday,Update with most recent,10,23,33,1,0,0
803d9f8b0037388937b29d3ce95f166e5777d6be,Adam Berg,adam@xyzdigital.com,2026-08-03T19:40:04-07:00,2026-08-03,19,1,Monday,"[AI] Remove tour poster and Seattle, show empty state",21,20,41,1,0,1
9eca2b4fa30f94d333f6780fdb35041383ac160b,Adam Berg,adam@xyzdigital.com,2026-08-03T19:40:41-07:00,2026-08-03,19,1,Monday,Update title,1,1,2,1,0,0
69097ee16b350c0fdc01089ad414265b23214082,Adam Berg,adam@xyzdigital.com,2026-08-04T10:08:09-07:00,2026-08-04,10,2,Tuesday,"if no matching automation, return handled false",1,1,2,1,0,0
9117bc428c7e73a361c52b44804ca465241f708e,Adam Berg,adam@xyzdigital.com,2026-08-04T15:06:39-07:00,2026-08-04,15,2,Tuesday,Addm monic shop,590,0,590,1,0,0
16002d20e4a7afee74d8359eb559bcd480881e1a,Adam Berg,adam@xyzdigital.com,2026-08-04T15:07:18-07:00,2026-08-04,15,2,Tuesday,[AI] Update MONIC shop t-shirt and hoodie prices,4,4,8,1,0,1
9ff0e5ace2faa84352d2eafc7ff9627fef99caba,Adam Berg,adam@xyzdigital.com,2026-08-04T15:17:24-07:00,2026-08-04,15,2,Tuesday,[AI] Add Instagram Username as product gating form field,31,1,32,5,0,1
fb945c947d3c767bf4e65aad26983e93efd8219a,Adam Berg,adam@xyzdigital.com,2026-08-05T10:15:18-07:00,2026-08-05,10,3,Wednesday,[AI] Prevent locked track audio playback,12,1,13,1,0,1
92abb82167cb9d4917fef8d943ca524ba55da97b,Adam Berg,adam@xyzdigital.com,2026-08-05T10:24:15-07:00,2026-08-05,10,3,Wednesday,[AI] Require email and password login,29,471,500,8,0,1
aed66c9711d5a4e9222854deddf7593c8914d85f,Adam Berg,adam@xyzdigital.com,2026-08-05T11:09:58-07:00,2026-08-05,11,3,Wednesday,[AI] Restrict signup to US and Canada phone numbers,13,3,16,1,0,1
a71fd5cd90ee4f75603e4a27885a14341d5c374e,Adam Berg,adam@xyzdigital.com,2026-08-05T11:48:34-07:00,2026-08-05,11,3,Wednesday,[AI] Add onboarding chat flow after signup,239,2,241,7,0,1
5a056faae897a5d02047c7ac281647e34ff94cf1,Adam Berg,adam@xyzdigital.com,2026-08-05T11:53:25-07:00,2026-08-05,11,3,Wednesday,[AI] Simplify onboarding chat layout,44,53,97,1,0,1
4a6cb68bdf23ff0206bce9f7e08c0eaa2d9b573a,Adam Berg,adam@xyzdigital.com,2026-08-05T11:54:24-07:00,2026-08-05,11,3,Wednesday,[AI] Vertically center Contact Us in bottom page area,10,11,21,1,0,1
dd1ad964baaa82892e9e33b8697e7ee9d15313d1,Adam Berg,adam@xyzdigital.com,2026-08-05T11:55:22-07:00,2026-08-05,11,3,Wednesday,[AI] Restore full-height chat with padded footer,3,4,7,1,0,1
1a38c58a9800816b4f6057ab11ad35351faf4f2b,Adam Berg,adam@xyzdigital.com,2026-08-05T11:56:21-07:00,2026-08-05,11,3,Wednesday,[AI] Tighten onboarding page padding,3,3,6,1,0,1
0ca617d7e2f5bb159aa98ad0ff19d39679d5823a,Adam Berg,adam@xyzdigital.com,2026-08-05T11:57:30-07:00,2026-08-05,11,3,Wednesday,[AI] Load saved onboarding answers on page visit,92,3,95,3,0,1
4927c96c38aa82816738ad8e3bc926c2a082a788,Adam Berg,adam@xyzdigital.com,2026-08-05T14:24:21-07:00,2026-08-05,14,3,Wednesday,[AI] Add signup phone/IP enrichment and SendGrid notification,3676,0,3676,7,0,1
10dd945538542e46b641fbdd1d57b9444497900a,Adam Berg,adam@xyzdigital.com,2026-08-05T14:31:45-07:00,2026-08-05,14,3,Wednesday,[AI] Save each onboarding response immediately,68,31,99,2,0,1
3f24be7a40564cbffb3daf30cac1d72b252f69a3,Adam Berg,adam@xyzdigital.com,2026-08-05T14:35:58-07:00,2026-08-05,14,3,Wednesday,[AI] Replace help@kaizen.place with hello@engram.sh,8,8,16,8,0,1
4477117de90a09bb435478d511287f096f7756b0,Adam Berg,adam@xyzdigital.com,2026-08-05T15:07:53-07:00,2026-08-05,15,3,Wednesday,[AI] Add admin Users list and detail pages,384,0,384,6,0,1
2522719d27b24a9b566c77e3d4f9e97957e8421b,Adam Berg,adam@xyzdigital.com,2026-08-05T15:09:31-07:00,2026-08-05,15,3,Wednesday,[AI] Add ID column to admin users table,3,1,4,1,0,1
3bf123150414230633972c53e84c5b0774ebfc9c,Adam Berg,adam@xyzdigital.com,2026-08-05T15:10:05-07:00,2026-08-05,15,3,Wednesday,[AI] Redirect disconnected/unsubscribed users to /onboarding,2,2,4,1,0,1
ad66c334ad17c85549df3a7dd49eccb578698588,Adam Berg,adam@xyzdigital.com,2026-08-05T15:16:55-07:00,2026-08-05,15,3,Wednesday,[AI] Add Lexical Editor tab for email campaign compose,483,5,488,6,0,1
bacfa43f469c00b47cc8b7affc5090fea223a7aa,Adam Berg,adam@xyzdigital.com,2026-08-05T15:24:34-07:00,2026-08-05,15,3,Wednesday,[AI] Simplify default email HTML to plain max-width container,8,18,26,2,0,1
5ebd47660b95c01f07654e107a98c5faf3be6b0e,Adam Berg,adam@xyzdigital.com,2026-08-05T15:26:47-07:00,2026-08-05,15,3,Wednesday,[AI] Use simplified max-width wrapper as email HTML template,3,3,6,1,0,1
3d610622ee221a2dfb610c79d5ee4206c015a141,Adam Berg,adam@xyzdigital.com,2026-08-05T15:39:32-07:00,2026-08-05,15,3,Wednesday,[AI] Use system sans-serif font stack in email campaign template,3,2,5,1,0,1
309df580f3f24c4175f990757b8309bb7e9a1e96,Adam Berg,adam@xyzdigital.com,2026-08-05T15:43:19-07:00,2026-08-05,15,3,Wednesday,[AI] Add text alignment and block style dropdown to email editor,113,1,114,1,0,1
356179adb9c83357a112be60ba5569636dd3e535,Adam Berg,adam@xyzdigital.com,2026-08-05T15:47:35-07:00,2026-08-05,15,3,Wednesday,[AI] Pretty-print email HTML when opening Code tab,26,1,27,1,0,1
80975393596f8b59762c89362110bfb0298d40f4,Adam Berg,adam@xyzdigital.com,2026-08-05T15:55:39-07:00,2026-08-05,15,3,Wednesday,[AI] Fix slow Code tab typing in email compose,154,43,197,3,0,1
65b4872188ce85e1ade1215c3b3b2f6441f35bd4,Adam Berg,adam@xyzdigital.com,2026-08-06T09:49:47-07:00,2026-08-06,9,4,Thursday,[AI] Sort pages table by most recent first,1,0,1,1,0,1
1f36cf345391557d3cf6c8ca767119fb1cb9efe5,Adam Berg,adam@xyzdigital.com,2026-08-06T09:55:56-07:00,2026-08-06,9,4,Thursday,Update monic homepage,1,1,2,1,0,0
4b075da75f99a436ae225ee087935e4583f398fd,Adam Berg,adam@xyzdigital.com,2026-08-06T09:57:55-07:00,2026-08-06,9,4,Thursday,[AI] Add contact section to Monic homepage,19,0,19,1,0,1
1934f87a20c5286bbe7e8715f6d9c1459be1f64d,Adam Berg,adam@xyzdigital.com,2026-08-06T09:59:15-07:00,2026-08-06,9,4,Thursday,[AI] Show phone on TEXT ME; remove mail icon,1,15,16,1,0,1
5a441474ce9465273982c1035f1b011dcb3c9d73,Adam Berg,adam@xyzdigital.com,2026-08-06T10:00:28-07:00,2026-08-06,10,4,Thursday,Update KR home page,1,1,2,1,0,0
17ccf86bdf528b780a70a42e6608d5209d82f17c,Adam Berg,adam@xyzdigital.com,2026-08-06T10:06:25-07:00,2026-08-06,10,4,Thursday,Update KR upgrade page,26,24,50,1,0,0
11d1ec7179463a33c9aaedc3af608e5e77e95bdc,Adam Berg,adam@xyzdigital.com,2026-08-06T10:07:58-07:00,2026-08-06,10,4,Thursday,[AI] Add powered by Engram badges to Kennedy Ryon 2026 tour pages,141,0,141,5,0,1
e98c62cd4520e5dc8394a090781bebdf3f6cd1e7,Adam Berg,adam@xyzdigital.com,2026-08-06T10:10:35-07:00,2026-08-06,10,4,Thursday,[AI] Restyle Engram badge to white bg with indigo brand text,15,15,30,5,0,1
a285208eab9b6311ed0710e2cc2f0f57c9b72a33,Adam Berg,adam@xyzdigital.com,2026-08-06T10:12:54-07:00,2026-08-06,10,4,Thursday,[AI] Fix Engram badge word spacing with inline text,5,25,30,5,0,1
2d5e48a53e146831d65e534806318b328c37c579,Adam Berg,adam@xyzdigital.com,2026-08-06T12:59:18-07:00,2026-08-06,12,4,Thursday,[AI] Make Monic link thumbnails square instead of rounded,3,3,6,1,0,1
fca37496556f6e52c25df54615462cd126f86f00,Adam Berg,adam@xyzdigital.com,2026-08-06T13:00:24-07:00,2026-08-06,13,4,Thursday,[AI] Make Monic link tile backgrounds square,7,7,14,1,0,1
283649ab85f7158db836302e3a06045c32a25294,Adam Berg,adam@xyzdigital.com,2026-08-06T13:03:38-07:00,2026-08-06,13,4,Thursday,[AI] Move notify CTA to Contact with updated copy,4,9,13,1,0,1
82ff90141689bfd73b5d7f99a7e4e932b80c96d2,Adam Berg,adam@xyzdigital.com,2026-08-06T13:05:22-07:00,2026-08-06,13,4,Thursday,[AI] Move stay-up-to-date CTA above Contact with sparkle,6,4,10,1,0,1
01d1f05ca72f53097d8d30a08f8de035a57a89d7,Adam Berg,adam@xyzdigital.com,2026-08-06T13:06:06-07:00,2026-08-06,13,4,Thursday,[AI] Remove Bring MONIC to your city tag from notify modal,0,1,1,1,0,1
8025d3bea3decdd8060c4a95cc9f12b07f0be25b,Adam Berg,adam@xyzdigital.com,2026-08-06T13:06:52-07:00,2026-08-06,13,4,Thursday,[AI] Update notify success copy to We'll keep you in the loop,1,1,2,1,0,1
14bfcf657b4cc52b91184dd06e57a7647bb2bae3,Adam Berg,adam@xyzdigital.com,2026-08-06T13:07:43-07:00,2026-08-06,13,4,Thursday,[AI] Update Monic page background photo,1,1,2,1,0,1
31dbd453346f1afb546879d668b1144584e5b19e,Adam Berg,adam@xyzdigital.com,2026-08-06T15:58:02-07:00,2026-08-06,15,4,Thursday,[AI] Set SendGrid reply_to when artist has replyToEmail,6,0,6,1,0,1
b6dc1cc1a3d28152de90046b044d1a9bc8815612,Adam Berg,adam@xyzdigital.com,2026-08-06T15:58:27-07:00,2026-08-06,15,4,Thursday,[AI] Include artist.name on SendGrid reply_to,12,2,14,1,0,1
5737c3ed7fabdf62b95dd2df1c64826352f53bc9,Adam Berg,adam@xyzdigital.com,2026-08-06T16:02:46-07:00,2026-08-06,16,4,Thursday,[AI] Limit Monic shop cart to max 5 items,15,0,15,1,0,1
99b0951026b698aa4e4857b646ca8dd6cd504c14,Adam Berg,adam@xyzdigital.com,2026-08-07T09:21:27-07:00,2026-08-07,9,5,Friday,[AI] Add engra script to merge MailerLite emails with Kaizen users,129,0,129,1,0,1
aefaa238fadef122becb48b02035e23e90483ed7,Adam Berg,adam@xyzdigital.com,2026-08-07T09:35:42-07:00,2026-08-07,9,5,Friday,[AI] Add engra script to dedupe contacts CSV by email,74,0,74,1,0,1
aeb9d5d30fd88e1f4b8937ca573c650b98aa8026,Adam Berg,adam@xyzdigital.com,2026-08-12T08:58:01-07:00,2026-08-12,8,3,Wednesday,update monic shop image,1,1,2,1,0,0
bfaa74358f60b347384dbacd5bbca96b4f585910,Adam Berg,adam@xyzdigital.com,2026-08-12T09:11:19-07:00,2026-08-12,9,3,Wednesday,[AI] Always use Sonnet for page HTML chat; remove model select,3,43,46,1,0,1
4c28ee7572b41a699e06cacb141cb8ae61b64b71,Adam Berg,adam@xyzdigital.com,2026-08-12T09:12:14-07:00,2026-08-12,9,3,Wednesday,[AI] Hardcode Sonnet for generatePageHtml; ignore client model,3,20,23,1,0,1
83f5dcaa613d88ba02ba5c361c6ddfaabf3deae2,Adam Berg,adam@xyzdigital.com,2026-08-12T09:12:47-07:00,2026-08-12,9,3,Wednesday,[AI] Switch page HTML generation to claude-sonnet-5,3,3,6,3,0,1
6115c98341306f1d4a17255df874ef8627415bbe,Adam Berg,adam@xyzdigital.com,2026-08-12T09:16:18-07:00,2026-08-12,9,3,Wednesday,[AI] Use write_file/replace_string tools instead of full/diff mode,218,127,345,3,0,1
501f524687b06f82e5ebcb3e8f45b9e531439cfa,Adam Berg,adam@xyzdigital.com,2026-08-12T09:47:33-07:00,2026-08-12,9,3,Wednesday,[AI] Replace onboarding success question with email and referral code,129,29,158,4,0,1
23b549fef13c5520383c1efa7947561b667adf58,Adam Berg,adam@xyzdigital.com,2026-08-12T09:50:47-07:00,2026-08-12,9,3,Wednesday,[AI] Validate onboarding referral codes against Stripe promotion codes,99,7,106,2,0,1
46482dde7163a98af809ee09b50ce13f3f80c5c0,Adam Berg,adam@xyzdigital.com,2026-08-12T09:53:40-07:00,2026-08-12,9,3,Wednesday,[AI] Use Stripe test payment link outside production,3,1,4,1,0,1
d5f62b178320d8d7a1b9ce9a4108610b75b2aa6f,Adam Berg,adam@xyzdigital.com,2026-08-12T09:55:52-07:00,2026-08-12,9,3,Wednesday,[AI] Reject invalid referral codes and allow retry in onboarding,36,13,49,2,0,1
7221021e58cdc6b502daf92b832ef4331b6b547e,Adam Berg,adam@xyzdigital.com,2026-08-12T10:03:06-07:00,2026-08-12,10,3,Wednesday,[AI] Show Start Trial button instead of checkout URL in onboarding,24,5,29,1,0,1
22980a519667d72d162509dd5c1c95f687ed7c04,Adam Berg,adam@xyzdigital.com,2026-08-12T10:14:58-07:00,2026-08-12,10,3,Wednesday,[AI] Add /api/stripe/webhook for customer.subscription.created,152,0,152,3,0,1
b442e9c65fc9f0e5a09619e9d7606fd5f3296958,Adam Berg,adam@xyzdigital.com,2026-08-12T10:17:54-07:00,2026-08-12,10,3,Wednesday,[AI] Prefill Stripe checkout email from user.email,18,1,19,1,0,1
7a3e8b02b04153af09895ad2854c8f6202eebe76,Adam Berg,adam@xyzdigital.com,2026-08-12T10:31:03-07:00,2026-08-12,10,3,Wednesday,[AI] Create Artist and UserArtistRole on subscription created,27,0,27,1,0,1
5d26bbe153f9ae0aec93a93b51b3b8e01bb466ab,Adam Berg,adam@xyzdigital.com,2026-08-12T10:35:34-07:00,2026-08-12,10,3,Wednesday,[AI] Create Artist on onboarding Instagram username save,29,27,56,2,0,1
7f2a83a5cb57d67a6a2754e72f6f7420de183efd,Adam Berg,adam@xyzdigital.com,2026-08-12T10:37:23-07:00,2026-08-12,10,3,Wednesday,[AI] Handle customer.subscription.deleted webhook,24,0,24,2,0,1
d7e69b351d2254c4cfea507e017a4cf387afb7cb,Adam Berg,adam@xyzdigital.com,2026-08-12T12:48:24-07:00,2026-08-12,12,3,Wednesday,[AI] Rename Products menu to Sales and add Checkouts list,326,18,344,12,0,1
db5fbf4cefb37525d961184ab4f83515484fc7b4,Adam Berg,adam@xyzdigital.com,2026-08-12T12:53:09-07:00,2026-08-12,12,3,Wednesday,[AI] Restore checkout order bump upsells on upgrade PATCH,50,3,53,1,0,1
b2a39c94280b88c16506653dee8d541d1348549c,Adam Berg,adam@xyzdigital.com,2026-08-12T12:54:45-07:00,2026-08-12,12,3,Wednesday,Add nashville,1,1,2,1,0,0
6b55251b657c5328c71280c49e8b3831231867f7,Adam Berg,adam@xyzdigital.com,2026-08-12T13:09:42-07:00,2026-08-12,13,3,Wednesday,[AI] Use CA_STRIPE_SECRET_KEY for onboarding checkout and subscription webhooks,12,6,18,5,0,1
186570bba332663340b524c62560773d1026d3e9,Adam Berg,adam@xyzdigital.com,2026-08-12T13:27:15-07:00,2026-08-12,13,3,Wednesday,[AI] Add forgot password flow with reset email and new password page,473,3,476,10,0,1
580013fef6204c5f016325b3c34f9abbe53a1e92,Adam Berg,adam@xyzdigital.com,2026-08-12T13:30:25-07:00,2026-08-12,13,3,Wednesday,[AI] Remove duplicate reset URL from password reset email,0,1,1,1,0,1
dfab3460537779275bc0ad74b934c08ba01223e5,Adam Berg,adam@xyzdigital.com,2026-08-12T13:31:13-07:00,2026-08-12,13,3,Wednesday,"[AI] Skip git status, diff, and log before auto-commits",4,4,8,2,0,1
4f46f3464fa0bfbd652ef0ba210d2e34fcb033f3,Adam Berg,adam@xyzdigital.com,2026-08-12T13:38:06-07:00,2026-08-12,13,3,Wednesday,[AI] Add Settings Billing tab with Stripe recharge,518,98,616,14,0,1
5591ddf5758a893481fb6121858b452536a5f765,Adam Berg,adam@xyzdigital.com,2026-08-12T13:56:42-07:00,2026-08-12,13,3,Wednesday,[AI] Update lead lastActive when an SMS tracking link is clicked,17,2,19,1,0,1
a4134ab740bec2ab4d1a92cabd33caf3255c2a87,Adam Berg,adam@xyzdigital.com,2026-08-12T15:12:12-07:00,2026-08-12,15,3,Wednesday,[AI] Add SendGrid event webhook with signature verification,126,0,126,3,0,1
14dadd5f87ff40bdce844588ec55539978154bc4,Adam Berg,adam@xyzdigital.com,2026-08-12T15:18:13-07:00,2026-08-12,15,3,Wednesday,[AI] Only update lastActive on SendGrid click events,1,1,2,1,0,1
28a3f92eef12a05f77f6c471ef5baeede6adfc1e,Adam Berg,adam@xyzdigital.com,2026-08-12T15:25:05-07:00,2026-08-12,15,3,Wednesday,[AI] Add lastActive filter to contacts search and campaign recipients.,182,4,186,3,0,1
d0bf55a4ca0267399213a14fc77c3e433d62d4b8,Adam Berg,adam@xyzdigital.com,2026-08-12T15:30:00-07:00,2026-08-12,15,3,Wednesday,[AI] Add Last Active column to Contacts Search table,19,1,20,2,0,1
1a14ec755108c02472c3bb0e673ae84f7686cc0c,Adam Berg,adam@xyzdigital.com,2026-08-12T15:44:46-07:00,2026-08-12,15,3,Wednesday,[AI] Add SMS inbox infinite scroll with last-message date and preview.,257,62,319,2,0,1
f741cf63881585ba8ad539ee576a271f49bc575e,Adam Berg,adam@xyzdigital.com,2026-08-12T15:51:49-07:00,2026-08-12,15,3,Wednesday,[AI] Add SMS inbox bulk mark as read and unread.,425,40,465,4,0,1
5b1196eff72ce1e40b1400495e95b4374664c701,Adam Berg,adam@xyzdigital.com,2026-08-12T15:55:29-07:00,2026-08-12,15,3,Wednesday,[AI] Remove thread-view bulk read checkboxes.,5,102,107,1,0,1
65504a68e80d7002d6b298b16c90282add563510,Adam Berg,adam@xyzdigital.com,2026-08-12T15:58:21-07:00,2026-08-12,15,3,Wednesday,[AI] Add select-all for every inbox conversation.,94,15,109,2,0,1
b8ea811dbc449429cd3cd54ce1b275e336f9662b,Adam Berg,adam@xyzdigital.com,2026-08-12T16:05:10-07:00,2026-08-12,16,3,Wednesday,[AI] Fix SMS inbox infinite scroll repeating the same page.,14,11,25,2,0,1
dc20fab4ee2c0763378f566dc9acdda2ab36edda,Adam Berg,adam@xyzdigital.com,2026-08-12T16:11:45-07:00,2026-08-12,16,3,Wednesday,[AI] Search SMS inbox conversations on submit across all records,181,88,269,2,0,1
8f846a7d9f4228e807d964181f2d0e609716058a,Adam Berg,adam@xyzdigital.com,2026-08-13T09:25:03-07:00,2026-08-13,9,4,Thursday,[AI] Split Instagram settings page and use kaizenInstagram credentials only.,148,68,216,7,0,1
fc4e8c321d730a704b1d0156b1bdfee291b35a09,Adam Berg,adam@xyzdigital.com,2026-08-13T09:31:35-07:00,2026-08-13,9,4,Thursday,"[AI] Use IGAccount for Instagram settings, callback, and disconnect.",109,71,180,13,0,1
46ec673fcfa915b184db60089d8a39054acefacf,Adam Berg,adam@xyzdigital.com,2026-08-13T09:35:41-07:00,2026-08-13,9,4,Thursday,[AI] Redirect to Instagram settings after a successful Instagram connection.,1,2,3,2,0,1
5e640eae91c7a748ede465c533ec0847941e13c1,Adam Berg,adam@xyzdigital.com,2026-08-13T09:56:09-07:00,2026-08-13,9,4,Thursday,[AI] Add Puppeteer e2e script to screenshot air.engram.sh,76,0,76,3,0,1
14596cb8cf886669849f5ed7ef9c28805def1649,Adam Berg,adam@xyzdigital.com,2026-08-13T09:57:24-07:00,2026-08-13,9,4,Thursday,[AI] Set e2e browser viewport to 1920x1080,4,1,5,1,0,1
611bda40b0954da355c15d878cb28b37da11c95a,Adam Berg,adam@xyzdigital.com,2026-08-13T10:03:12-07:00,2026-08-13,10,4,Thursday,[AI] Log in with e2e env credentials and screenshot dashboard,18,1,19,1,0,1
a32e217c8001f775cd445ae27bb90f8022792929,Adam Berg,adam@xyzdigital.com,2026-08-13T10:21:36-07:00,2026-08-13,10,4,Thursday,[AI] Extend Instagram connect e2e through settings to Connect,29,0,29,1,0,1
ffeed6003c2e7bf05e54f2fd1e3032c4c2746609,Adam Berg,adam@xyzdigital.com,2026-08-13T10:21:59-07:00,2026-08-13,10,4,Thursday,[AI] Add progress logs to Instagram connect e2e flow,14,0,14,1,0,1
e051bf6c652c5088fa56f23892f1afc65eefa660,Adam Berg,adam@xyzdigital.com,2026-08-13T10:23:04-07:00,2026-08-13,10,4,Thursday,[AI] Sleep 1s after opening integrations in e2e,1,1,2,1,0,1
12a7f95e529a0212af7a560ad1904fda27a721b9,Adam Berg,adam@xyzdigital.com,2026-08-13T10:27:05-07:00,2026-08-13,10,4,Thursday,[AI] Click Integrations tab by radix id in e2e,2,2,4,1,0,1
6f6e77e2325b7cad6609608c60e409311eb6f100,Adam Berg,adam@xyzdigital.com,2026-08-13T10:27:37-07:00,2026-08-13,10,4,Thursday,[AI] Launch Instagram connect e2e in a headed browser,1,0,1,1,0,1
711379526b596e29b5501128e7e2bb704c76abb5,Adam Berg,adam@xyzdigital.com,2026-08-13T10:30:19-07:00,2026-08-13,10,4,Thursday,[AI] Navigate to integrations settings instead of clicking the tab,3,2,5,1,0,1
c8d8a8989afe10c726b242d2f6aba318fefe90c9,Adam Berg,adam@xyzdigital.com,2026-08-13T10:33:25-07:00,2026-08-13,10,4,Thursday,[AI] Comment out screenshots in Instagram connect e2e,21,20,41,1,0,1
e69aeaa2ee4ce1218e77f98cac0adf037a1bc6af,Adam Berg,adam@xyzdigital.com,2026-08-13T10:36:40-07:00,2026-08-13,10,4,Thursday,[AI] Restore e2e screenshots and pierce shadow DOM for p-text,22,22,44,1,0,1
44ac7e5c449972ec85bf47964d3c6af7ba84f15f,Adam Berg,adam@xyzdigital.com,2026-08-13T10:39:21-07:00,2026-08-13,10,4,Thursday,[AI] Revert Instagram e2e p-text locators to compound syntax,2,2,4,1,0,1
9fbdd47c506813c83a1fafab62adafe25879d902,Adam Berg,adam@xyzdigital.com,2026-08-13T10:40:52-07:00,2026-08-13,10,4,Thursday,[AI] Click Integrations button instead of navigating in e2e,3,4,7,1,0,1
d08c5742a4767dbbba5e3c27ea90d39023cff6ea,Adam Berg,adam@xyzdigital.com,2026-08-13T10:45:56-07:00,2026-08-13,10,4,Thursday,[AI] Wait for Integrations button before clicking in e2e,1,0,1,1,0,1
b5f3900d614861d36c3b8f0d422b4f7c98cb80f8,Adam Berg,adam@xyzdigital.com,2026-08-13T10:46:51-07:00,2026-08-13,10,4,Thursday,[AI] Log button elements before Integrations click in e2e,9,1,10,1,0,1
4d7fff54a4eda159c28f31b4a9760f220c0ca9af,Adam Berg,adam@xyzdigital.com,2026-08-13T10:48:08-07:00,2026-08-13,10,4,Thursday,[AI] Click Integrations tab via page eval instead of locator,7,10,17,1,0,1
7111c902842b524b65a26d1d7d4c944b74b1f5ae,Adam Berg,adam@xyzdigital.com,2026-08-13T10:52:10-07:00,2026-08-13,10,4,Thursday,[AI] Filter Integrations button with locator innerText,4,7,11,1,0,1
12ab95b3c26ecf5584f4e11660aea16d0d94e17b,Adam Berg,adam@xyzdigital.com,2026-08-13T10:53:04-07:00,2026-08-13,10,4,Thursday,[AI] Log locator filter candidates for Integrations button,5,1,6,1,0,1
58bba0da54504b1691a561a17bd7052c31ee3ecd,Adam Berg,adam@xyzdigital.com,2026-08-13T10:56:10-07:00,2026-08-13,10,4,Thursday,[AI] Click Integrations tab by radix id and log the element,14,8,22,1,0,1
fe5f374fcd079f0b5554dbc43bd2d7be7ba57c17,Adam Berg,adam@xyzdigital.com,2026-08-13T11:32:45-07:00,2026-08-13,11,4,Thursday,[AI] Add data-testid to settings page tab buttons,1,1,2,1,0,1
462350ad4af2893a5a660e175222455809fe3146,Adam Berg,adam@xyzdigital.com,2026-08-13T11:33:11-07:00,2026-08-13,11,4,Thursday,[AI] Use settings-tab-integrations testid in Instagram e2e,11,21,32,1,0,1
bcad7b81daf0ce286b611bd276f087402ed8a0c5,Adam Berg,adam@xyzdigital.com,2026-08-13T11:34:05-07:00,2026-08-13,11,4,Thursday,[AI] Add instagram-connect testid and use it in e2e,13,9,22,2,0,1
5944ebebaba80e67a91175e69d0968d771fde5f7,Adam Berg,adam@xyzdigital.com,2026-08-13T12:26:43-07:00,2026-08-13,12,4,Thursday,[AI] Point Instagram e2e at air.engram.sh,1,1,2,1,0,1
dd970b25490f78e891af8724387f2c44b9de8d43,Adam Berg,adam@xyzdigital.com,2026-08-13T12:29:08-07:00,2026-08-13,12,4,Thursday,[AI] Fill Instagram login in connect e2e,24,4,28,1,0,1
477cd456aaad18073ad820e794a148d642f7ab99,Adam Berg,adam@xyzdigital.com,2026-08-13T12:29:55-07:00,2026-08-13,12,4,Thursday,[AI] Wait 5 seconds after Instagram login click,1,1,2,1,0,1
06b823ea1577a9106750ebcea0e7964ebf11cc0e,Adam Berg,adam@xyzdigital.com,2026-08-13T12:35:55-07:00,2026-08-13,12,4,Thursday,[AI] Click Instagram OAuth buttons then wait for redirect,25,2,27,1,0,1
dd5a607f8a509b645d40e3f42f44eefe3e646a09,Adam Berg,adam@xyzdigital.com,2026-08-13T12:37:00-07:00,2026-08-13,12,4,Thursday,[AI] Wait for Instagram onetap URL after login,3,1,4,1,0,1
6844fdbd0e71f8fc27d5eccdba4ec87304644236,Adam Berg,adam@xyzdigital.com,2026-08-13T12:38:51-07:00,2026-08-13,12,4,Thursday,[AI] Replace Instagram URL waits with 7 second sleeps,2,8,10,1,0,1
e11c2b6690b31adf03962f6023b0b3054d703aad,Adam Berg,adam@xyzdigital.com,2026-08-13T12:39:36-07:00,2026-08-13,12,4,Thursday,Update timeout to 7 seconds,1,1,2,1,0,0
a0b63ea6d47686ee8789376dc2000148fa213883,Adam Berg,adam@xyzdigital.com,2026-08-13T12:57:19-07:00,2026-08-13,12,4,Thursday,[AI] Add Instagram comment flow e2e,295,4,299,6,0,1
87ef4b70589c063c4f1924ae9da534dee053e697,Adam Berg,adam@xyzdigital.com,2026-08-13T12:58:08-07:00,2026-08-13,12,4,Thursday,[AI] Drop Instagram login and comment from comment-flow e2e,0,96,96,1,0,1
6df70b6f13bdbb828a73ba18ab6f2b07b205ecaf,Adam Berg,adam@xyzdigital.com,2026-08-13T13:00:27-07:00,2026-08-13,13,4,Thursday,[AI] Use data-testids instead of p-text in comment-flow e2e,38,11,49,5,0,1
3136a123726f802590904bca0c7284a36e7675e1,Adam Berg,adam@xyzdigital.com,2026-08-13T13:01:40-07:00,2026-08-13,13,4,Thursday,[AI] Number connect-instagram e2e screenshots 01- through 08-,8,8,16,1,0,1
e80fe0e9e127be29d07468afba6f2c22c7694520,Adam Berg,adam@xyzdigital.com,2026-08-13T13:02:20-07:00,2026-08-13,13,4,Thursday,[AI] Number comment-flow e2e screenshots 01- through 09-,9,9,18,1,0,1
f969f88bebe0f1b25c135b56f0b76784e290ddbf,Adam Berg,adam@xyzdigital.com,2026-08-13T13:03:13-07:00,2026-08-13,13,4,Thursday,[AI] Rename comment-flow e2e flow to IG guide Keyword,1,1,2,1,0,1
6306a6d1edec1993ff296052bf6a4142efc975f6,Adam Berg,adam@xyzdigital.com,2026-08-13T13:03:31-07:00,2026-08-13,13,4,Thursday,[AI] Set comment-flow e2e keyword to guide,1,1,2,1,0,1
d89136f545e4390da5bda022c81a3ffd8f756ada,Adam Berg,adam@xyzdigital.com,2026-08-13T13:04:59-07:00,2026-08-13,13,4,Thursday,[AI] Screenshot create-flow dialog before submit in comment-flow e2e,9,7,16,1,0,1
ea238bfa3138d16a8207fa826a2ab36254ee7c68,Adam Berg,adam@xyzdigital.com,2026-08-13T13:12:23-07:00,2026-08-13,13,4,Thursday,[AI] Remove dashboard screenshot and renumber e2e flow captures.,13,12,25,1,0,1
e208f6925f772fbe1ca29ff67f71cbcb8fc237f9,Adam Berg,adam@xyzdigital.com,2026-08-13T13:13:05-07:00,2026-08-13,13,4,Thursday,[AI] Give add-step menu screenshot a unique name and number.,5,5,10,1,0,1
3096231284b817aa06537113603ceaddc5a385e2,Adam Berg,adam@xyzdigital.com,2026-08-14T10:00:40-07:00,2026-08-14,10,5,Friday,[AI] Add Redis rate limits for SongStats API lookups.,76,1,77,3,0,1
39251ac2c6fcf9c9e649b36044a00d3210031172,Adam Berg,adam@xyzdigital.com,2026-08-15T15:26:14-07:00,2026-08-15,15,6,Saturday,[AI] Add seconds as a Delay step unit in Flows,5,3,8,4,0,1
5b25c1f7e131f4fe989169143077a734d14648e4,Adam Berg,adam@xyzdigital.com,2026-08-15T15:39:33-07:00,2026-08-15,15,6,Saturday,Add here from the beginnign,485,0,485,1,0,0
0046e2098ee3057c8dd7d8537e7bf928e98883bc,Adam Berg,adam@xyzdigital.com,2026-08-15T15:40:26-07:00,2026-08-15,15,6,Saturday,[AI] Add album tracklist and play-all after unlock.,113,12,125,1,0,1
a8b1dc0ed774c16f92410c9dd52b2b91a34cdc12,Adam Berg,adam@xyzdigital.com,2026-08-15T15:41:14-07:00,2026-08-15,15,6,Saturday,[AI] Rename gated page title to Here from the Beginning EP.,2,2,4,1,0,1
9b04fdb9047ec932a9f3ddc731ec4f1930ebf700,Adam Berg,adam@xyzdigital.com,2026-08-15T15:42:11-07:00,2026-08-15,15,6,Saturday,[AI] Move Pre-Save above the album tracklist.,7,7,14,1,0,1
3b1b1222e0de3541709bb6e399449e2b029008a8,Adam Berg,adam@xyzdigital.com,2026-08-15T15:44:07-07:00,2026-08-15,15,6,Saturday,[AI] Hide cover play button after first playback.,2,0,2,1,0,1
54b90cb702c69a9d8971427c6e181b1037cac990,Adam Berg,adam@xyzdigital.com,2026-08-15T15:46:08-07:00,2026-08-15,15,6,Saturday,[AI] Use album art for Open Graph and Twitter images.,2,2,4,1,0,1
88b1f93c65c23c62c274db260271c566dfb8c337,Adam Berg,adam@xyzdigital.com,2026-08-15T15:47:17-07:00,2026-08-15,15,6,Saturday,[AI] Set og:description to an empty string.,1,1,2,1,0,1
e84a0b0ceedaec5008367b0467480028d4116757,Adam Berg,adam@xyzdigital.com,2026-08-17T10:54:48-07:00,2026-08-17,10,1,Monday,Custom page updates,1174,1,1175,2,0,0
38f2060aca5ddf9dfe033cdcc9603212c93af4a5,Adam Berg,adam@xyzdigital.com,2026-08-17T11:05:46-07:00,2026-08-17,11,1,Monday,[AI] Add live Ryan Whyman album campaign progress API,71,1,72,4,0,1
2fee993e875e181da736779b28123d55871962eb,Adam Berg,adam@xyzdigital.com,2026-08-17T11:12:02-07:00,2026-08-17,11,1,Monday,[AI] Add exists and does not exist operators to first name and last name contact filters.,11,20,31,3,0,1
2bce741d42af293fc0d13cabfa29582b23a8c68d,Adam Berg,adam@xyzdigital.com,2026-08-17T16:21:19-07:00,2026-08-17,16,1,Monday,[AI] Add starts-with vs includes keyword matching for Instagram comment triggers.,26,2,28,3,0,1
53e0f224d3f567d199ca90aec7441e1e6deb0e3e,Adam Berg,adam@xyzdigital.com,2026-08-19T08:45:31-07:00,2026-08-19,8,3,Wednesday,[AI] Add admin user edit page with related document summary and delete-all,487,6,493,8,0,1
d30a810e0ac4c64b845cdfcd3ceff5e822d37ba4,Adam Berg,adam@xyzdigital.com,2026-08-19T08:54:37-07:00,2026-08-19,8,3,Wednesday,[AI] Delete user-related documents one by one with before/after logs,30,22,52,1,0,1
6a6ffd20a152615f10b3bd46e3c055c8441f6e3b,Adam Berg,adam@xyzdigital.com,2026-08-19T08:56:59-07:00,2026-08-19,8,3,Wednesday,[AI] Use deleteMany per collection and log deleted counts,8,13,21,1,0,1
28dc7482c9570f7671e283c69a6babbf9aa505a6,Adam Berg,adam@xyzdigital.com,2026-08-19T09:00:15-07:00,2026-08-19,9,3,Wednesday,[AI] Deauthorize Instagram access token before deleting IGAccount.,23,0,23,1,0,1
d91e32c6221746d1186cde4c2f2256043cd0f352,Adam Berg,adam@xyzdigital.com,2026-08-19T09:10:56-07:00,2026-08-19,9,3,Wednesday,[AI] Add artist overview with linked users on admin edit,148,4,152,5,0,1
5b39bcce52f4d157ded9dc47a3b0ddda77ca0b05,Adam Berg,adam@xyzdigital.com,2026-08-19T09:36:33-07:00,2026-08-19,9,3,Wednesday,[AI] Fetch Instagram GraphQL profile data with Puppeteer.,159,0,159,1,0,1
d4fcd39435b7a5fd98273c90d2f8d2fd45ff366e,Adam Berg,adam@xyzdigital.com,2026-08-19T09:39:17-07:00,2026-08-19,9,3,Wednesday,Add output.json for test data,136,0,136,1,0,0
9343a3de7e8e90ed75f7e9ffbeae8a0d4954467e,Adam Berg,adam@xyzdigital.com,2026-08-19T09:42:52-07:00,2026-08-19,9,3,Wednesday,[AI] Allow Puppeteer to launch Chrome without sandbox on Linux.,5,1,6,1,0,1
4050c12ff8609287b06d24393e24ee5c06dfff2a,Adam Berg,adam@xyzdigital.com,2026-08-19T09:56:40-07:00,2026-08-19,9,3,Wednesday,[AI] Fetch Instagram profile during onboarding and seed artist page,636,161,797,11,0,1
daaf74e4d2bb2c2ca79f2202f20dd59272263516,Adam Berg,adam@xyzdigital.com,2026-08-19T10:14:29-07:00,2026-08-19,10,3,Wednesday,[AI] Add lead capture dialog to onboarding artist page without bio.,289,13,302,3,0,1
340799f47471bd478c57702fcd15603662d117b0,Adam Berg,adam@xyzdigital.com,2026-08-19T10:19:48-07:00,2026-08-19,10,3,Wednesday,[AI] Show thank you on lead form submit then autoclose modal.,63,1,64,1,0,1
255829d89ced181594f3fb43fd19914d1dc40a99,Adam Berg,adam@xyzdigital.com,2026-08-19T10:25:11-07:00,2026-08-19,10,3,Wednesday,[AI] Format phone with AsYouType and show thank you on button click.,10,25,35,1,0,1
db8cc65cd75f8f726760e05dad6d54fee873d40d,Adam Berg,adam@xyzdigital.com,2026-08-19T10:32:23-07:00,2026-08-19,10,3,Wednesday,[AI] Add Templates tab with Link in Bio page recreation.,417,32,449,12,0,1
0f23d6c497a35d1c0bdd701923af8bd75842cd7c,Adam Berg,adam@xyzdigital.com,2026-08-19T10:34:40-07:00,2026-08-19,10,3,Wednesday,[AI] Hide notify form after submit so only the thank you message remains,49,45,94,1,0,1
8e112080131f77387052e9722e426304b1f9ebd2,Adam Berg,adam@xyzdigital.com,2026-08-19T14:10:12-07:00,2026-08-19,14,3,Wednesday,[AI] Add Contacts CSV import with column mapping,874,0,874,8,0,1
274b53b35b372e2650c62e977578136c6c00f9c9,Adam Berg,adam@xyzdigital.com,2026-08-19T14:11:03-07:00,2026-08-19,14,3,Wednesday,[AI] Fix mixed ?? and || in importLeads phone parse,2,1,3,1,0,1
e25e184d05fba3811410e322fa1ef44397edb769,Adam Berg,adam@xyzdigital.com,2026-08-19T14:24:33-07:00,2026-08-19,14,3,Wednesday,[AI] Add e2e-sales-page for creating a Standard CD product.,126,1,127,3,0,1
368a948edf60da7be444cb08f0cfc6ae1a4bebba,Adam Berg,adam@xyzdigital.com,2026-08-19T14:26:37-07:00,2026-08-19,14,3,Wednesday,[AI] Select price input value before typing so 0.00 is replaced.,4,1,5,1,0,1
fae9effa9ef1c00af2e2eeede1a978dd21eb301d,Adam Berg,adam@xyzdigital.com,2026-08-20T08:30:26-07:00,2026-08-20,8,4,Thursday,[AI] Reject signup from outside the US and Canada after creating the user,21,0,21,2,0,1
d2726833905f84fabb66d9bb840913c227f359f3,Adam Berg,adam@xyzdigital.com,2026-08-20T08:31:07-07:00,2026-08-20,8,4,Thursday,Start to sales page prompt,45,0,45,1,0,0
11de25c225cf8597a4c7e4653a47c53a43f9d7ed,Adam Berg,adam@xyzdigital.com,2026-08-20T09:07:35-07:00,2026-08-20,9,4,Thursday,[AI] Move page access settings from Settings tab to Access tab,223,193,416,4,0,1
ebafb57812858ce787576aa67c6853713e6b49cb,Adam Berg,adam@xyzdigital.com,2026-08-20T09:11:10-07:00,2026-08-20,9,4,Thursday,[AI] Split Access tab into Settings and Requests nested tabs,237,180,417,1,0,1
6a89267ddf9c2bb792d310bd22ced8ca66a58e29,Adam Berg,adam@xyzdigital.com,2026-08-20T09:12:29-07:00,2026-08-20,9,4,Thursday,[AI] Match Access nested tabs to SMS Campaigns Inbox/Campaigns style,20,33,53,1,0,1
75c00a746fe33d76d0c9ae2ff33bc4dc0ca9295a,Adam Berg,adam@xyzdigital.com,2026-08-20T09:26:22-07:00,2026-08-20,9,4,Thursday,[AI] Add read-only SMS Settings tab and remove Twilio edit API.,93,392,485,9,0,1
157f42dd723a5abb9e3a8e3cf4de9da0ee03a058,Adam Berg,adam@xyzdigital.com,2026-08-20T09:52:37-07:00,2026-08-20,9,4,Thursday,[AI] Add logging to SMS receive webhook including artist id,47,3,50,1,0,1
51ddaef8b1bb5afc98cc45b963ad466f4376379f,Adam Berg,adam@xyzdigital.com,2026-08-20T10:07:15-07:00,2026-08-20,10,4,Thursday,[AI] Add script to backfill SMS block list from STOP replies.,54,0,54,1,0,1
6b8dc64a3f863bc9a55b9f7b288603dcb2657a80,Adam Berg,adam@xyzdigital.com,2026-08-20T10:09:36-07:00,2026-08-20,10,4,Thursday,Remove old sms unsub script,0,53,53,1,0,0
6dfe98c2a2806a1bbce40fe660b99d4bdc6a575b,Adam Berg,adam@xyzdigital.com,2026-08-20T10:14:43-07:00,2026-08-20,10,4,Thursday,[AI] Log SMS block list backfill progress as x out of y.,13,8,21,1,0,1
1ffb28b03a86f89b20a5e0fc3f48aee7211aea1b,Adam Berg,adam@xyzdigital.com,2026-08-20T10:22:10-07:00,2026-08-20,10,4,Thursday,[AI] Filter SMS inbox by block list and add Opt-outs tab,50,11,61,2,0,1
843173d100f5099469f110ea92b458d816b01d76,Adam Berg,adam@xyzdigital.com,2026-08-20T15:44:11-07:00,2026-08-20,15,4,Thursday,[AI] Add optional triggers and page steps to automation editor,349,45,394,11,0,1
dacc9a2c031fb72ebccf27d6ded5211780c92255,Adam Berg,adam@xyzdigital.com,2026-08-20T15:46:45-07:00,2026-08-20,15,4,Thursday,[AI] Move automation step types off the mongoose model,82,72,154,19,0,1
d651075185c0a82c9998494be9643ac87c153167,Adam Berg,adam@xyzdigital.com,2026-08-20T15:54:24-07:00,2026-08-20,15,4,Thursday,[AI] Add Create Contact automation step under Engram,14,3,17,5,0,1
ea7fdf211d35a8e47c85395272279bdeab3024fe,Adam Berg,adam@xyzdigital.com,2026-08-20T15:56:37-07:00,2026-08-20,15,4,Thursday,[AI] Add open-page icon next to Page node select.,58,22,80,1,0,1
96ce1b4e7b66b648eb45e54ead97311ad0cd30c5,Adam Berg,adam@xyzdigital.com,2026-08-20T15:57:59-07:00,2026-08-20,15,4,Thursday,[AI] Replace Page node link with View/Edit dropdown.,59,31,90,1,0,1
3ec1eb55f74c3810075c0e9b6fd0c5db6275becf,Adam Berg,adam@xyzdigital.com,2026-08-20T16:01:41-07:00,2026-08-20,16,4,Thursday,[AI] Fix Page node ... menu not opening on click.,19,18,37,1,0,1
76e73e963d622ac29c8822b946d9b4ec7ee59eac,Adam Berg,adam@xyzdigital.com,2026-08-20T16:19:25-07:00,2026-08-20,16,4,Thursday,[AI] Start AutomationRun from matched page form submits.,185,24,209,6,0,1
ca6b46b3ce4dec7e2d45d209401a35665671f4c8,Adam Berg,adam@xyzdigital.com,2026-08-20T16:24:57-07:00,2026-08-20,16,4,Thursday,[AI] Persist mapsTo on PageResponse response fields.,5,0,5,1,0,1
b13718f1d9d1ddbc1d902decc85ca4f9455ccac7,Adam Berg,adam@xyzdigital.com,2026-08-21T07:31:50-07:00,2026-08-21,7,5,Friday,Update upgrade,3,0,3,1,0,0
19e642835e71fc35d2848b75c2b21fa470606c12,Adam Berg,adam@xyzdigital.com,2026-08-21T07:53:35-07:00,2026-08-21,7,5,Friday,Update atuomation id when just meet and greet,1,1,2,1,0,0
193753709e063b86ccab0d7a833a5c0789f1e5f8,Adam Berg,adam@xyzdigital.com,2026-08-21T08:17:01-07:00,2026-08-21,8,5,Friday,[AI] Add Templates picker when creating automations,857,99,956,9,0,1
61190276ca9ae0da48aa71816ebe0b64020cf00d,Adam Berg,adam@xyzdigital.com,2026-08-21T08:41:29-07:00,2026-08-21,8,5,Friday,[AI] Add sell-a-product automation template with product page,1113,30,1143,12,0,1
d707ad05668f7af79bf85ae72a21eee7f9541a6b,Adam Berg,adam@xyzdigital.com,2026-08-21T09:02:07-07:00,2026-08-21,9,5,Friday,[AI] Add checkout automation step and form-submit redirect,880,653,1533,20,0,1
2387a116f411bb55fb354be99ff3b0b2373e6593,Adam Berg,adam@xyzdigital.com,2026-08-21T09:19:26-07:00,2026-08-21,9,5,Friday,[AI] Hide save-card on Checkout node and collapse non-product fields,155,114,269,2,0,1
d24f83fb65e6219ad3138a64bac63104e47ac481,Adam Berg,adam@xyzdigital.com,2026-08-21T09:19:34-07:00,2026-08-21,9,5,Friday,[AI] Skip on-checkout-success in sell-a-product template,0,1,1,1,0,1
58104aa90c23e4932e29545c1d9a3fe6b91db2fd,Adam Berg,adam@xyzdigital.com,2026-08-21T09:22:57-07:00,2026-08-21,9,5,Friday,[AI] Skip video media for checkout line item thumbnails,21,6,27,5,0,1
53dacbe9af16f3928abb1c39742514ca47294e77,Adam Berg,adam@xyzdigital.com,2026-08-21T09:26:03-07:00,2026-08-21,9,5,Friday,[AI] Allow multiple images/videos in sell a product flow,335,106,441,5,0,1
cb52c1dbe12db1b922343324eaf58ed0dbd00950,Adam Berg,adam@xyzdigital.com,2026-08-21T09:42:42-07:00,2026-08-21,9,5,Friday,[AI] Add Flow and Template tabs to the automation editor,1635,1027,2662,10,0,1
0bc256380f7618e57813ac84292dd615c2f95979,Adam Berg,adam@xyzdigital.com,2026-08-21T09:47:27-07:00,2026-08-21,9,5,Friday,[AI] Show Template tab before Flow when a template exists,6,6,12,1,0,1
fec3ab67f49a866546bf8d86bc1f45ffaa005fc6,Adam Berg,adam@xyzdigital.com,2026-08-21T09:48:23-07:00,2026-08-21,9,5,Friday,[AI] Make template Refresh Flow button full width,3,2,5,1,0,1
a9c98a4a8ebecdea2ed308e7325feff379597da8,Adam Berg,adam@xyzdigital.com,2026-08-21T09:49:25-07:00,2026-08-21,9,5,Friday,[AI] Disable Refresh Flow until template context changes,134,5,139,3,0,1
95f06dc7cc3185515a6ecb225967984ca4b94294,Adam Berg,adam@xyzdigital.com,2026-08-21T09:49:37-07:00,2026-08-21,9,5,Friday,[AI] Add refresh icon to Refresh Flow button,5,2,7,1,0,1
fe92ff7f9f1c0050a4595d1261c1b45e0addb095,Adam Berg,adam@xyzdigital.com,2026-08-21T10:00:39-07:00,2026-08-21,10,5,Friday,[AI] Rename Sell a Product to Sell Merch,79,24,103,3,0,1
e3b3dc82ae9d823ec5c82a3be4effe2df3eadc37,Adam,adam@xyzdigital.com,2026-08-21T10:23:05-07:00,2026-08-21,10,5,Friday,Merge pull request #9 from xyz-digital/flow-templates,0,0,0,0,1,0
12c6cc7b3e1c1355b634e4ce95847c210844bb13,Adam Berg,adam@xyzdigital.com,2026-08-21T12:00:37-07:00,2026-08-21,12,5,Friday,[AI] Nest Sell Merch under Flow Templates in changelog #3,247,0,247,3,0,1
814047da9e1a5f39479691e40ae409a17ac6e919,Adam Berg,adam@xyzdigital.com,2026-08-21T12:03:57-07:00,2026-08-21,12,5,Friday,[AI] Add heading ids to changelog #3 for direct links,15,15,30,1,0,1
9c01b5fbd561804a13a963d8d6cebd123551bd5c,Adam Berg,adam@xyzdigital.com,2026-08-21T12:37:09-07:00,2026-08-21,12,5,Friday,[AI] Add heading ids to changelog #1 and #2 for direct links,25,25,50,2,0,1
357ae97ecceba2db56855d990f4fd466c6ac2558,Adam Berg,adam@xyzdigital.com,2026-08-25T08:52:18-07:00,2026-08-25,8,2,Tuesday,[AI] Add Instagram username contact filter,117,2,119,3,0,1
b8213e1c671c16c8892a3912b67426c506f82f08,Adam Berg,adam@xyzdigital.com,2026-08-26T13:28:25-07:00,2026-08-26,13,3,Wednesday,[AI] Add reply-to address input to Email settings,76,18,94,3,0,1
bd294ca173dcd3780f12bd4ec3a91c4fe2ecc21e,Adam Berg,adam@xyzdigital.com,2026-08-26T13:45:07-07:00,2026-08-26,13,3,Wednesday,[AI] Allow specifying which link-in-bio form fields to request,111,6,117,5,0,1
c80fd746151dade3f130d32f1bffe638f8838338,Adam Berg,adam@xyzdigital.com,2026-08-26T13:48:10-07:00,2026-08-26,13,3,Wednesday,[AI] Add requested-field controls to the link-in-bio template dialog,187,81,268,4,0,1
f10ad8a3e1ee7c1ecce616809f9d6ae786bff230,Adam Berg,adam@xyzdigital.com,2026-08-26T13:49:51-07:00,2026-08-26,13,3,Wednesday,[AI] Group link-in-bio field settings under a Fan Capture toggle,105,66,171,5,0,1
4f5e4b3c3ea514891f259624919800bccac5ba42,Adam Berg,adam@xyzdigital.com,2026-08-26T13:53:20-07:00,2026-08-26,13,3,Wednesday,[AI] Move link-in-bio fan capture settings to the automation template tab,229,144,373,6,0,1
7719331e721b6c08c54bb0d65ba39d959a951605,Adam Berg,adam@xyzdigital.com,2026-08-26T13:55:28-07:00,2026-08-26,13,3,Wednesday,[AI] Make SMS consent optional when phone is optional and mark required fields with asterisks,6,6,12,1,0,1
09f96429018c9d5d52394620c35d5bb243837bf6,Adam Berg,adam@xyzdigital.com,2026-08-27T10:56:14-07:00,2026-08-27,10,4,Thursday,[AI] Prevent creating custom domains with duplicate hostnames,40,3,43,3,0,1
0e5e49266b9e2d538d389bb1bae87f6e5a090c0e,Adam Berg,adam@xyzdigital.com,2026-08-27T11:02:52-07:00,2026-08-27,11,4,Thursday,[AI] Drop unique index on custom domain hostname,0,13,13,2,0,1
ac36a16aab542e51246c1feaeb8fd5c8546b4f9b,Adam Berg,adam@xyzdigital.com,2026-08-27T11:05:05-07:00,2026-08-27,11,4,Thursday,[AI] Add Apple Music to link in bio template socials,6,1,7,3,0,1
5e3c04db342445a415e55565701a20b252fb3e48,Adam Berg,adam@xyzdigital.com,2026-08-27T11:10:23-07:00,2026-08-27,11,4,Thursday,[AI] Use asset icons for link in bio socials,37,2,39,4,0,1
36b7b4088d148034ca6af5b7dc58fb7679b64f28,Adam Berg,adam@xyzdigital.com,2026-08-27T11:11:43-07:00,2026-08-27,11,4,Thursday,[AI] Remove Apple Music SVG fallback from link in bio,0,4,4,1,0,1
0c549f46481bfe600de3570c9a7954a9b80a319f,Adam Berg,adam@xyzdigital.com,2026-08-27T11:14:34-07:00,2026-08-27,11,4,Thursday,[AI] Replace link in bio social SVGs with asset icons,21,99,120,4,0,1
a8d0eabd89e5c48ee09bceb2dd3c30938585dd10,Adam Berg,adam@xyzdigital.com,2026-08-27T11:16:35-07:00,2026-08-27,11,4,Thursday,[AI] Render link in bio social icons as white,2,2,4,1,0,1
01044c367bdab7efe25944591327d75317fc40fd,Adam Berg,adam@xyzdigital.com,2026-08-27T11:21:09-07:00,2026-08-27,11,4,Thursday,[AI] Update Apple Music icon and skip invert filter,10,3,13,2,0,1
445e2aec86acb6e2492b3efad76afece7757b468,Adam Berg,adam@xyzdigital.com,2026-08-28T09:19:54-07:00,2026-08-28,9,5,Friday,Small updates,6,6,12,1,0,0
896dade76a8872a5a1c021fa4a1fa3b7dd02b8bb,Adam Berg,adam@xyzdigital.com,2026-08-28T09:35:29-07:00,2026-08-28,9,5,Friday,[AI] Unlock songs for tracked SMS leads,35,2,37,3,0,1
35d40e332f9e8989abd1bc9a28df947053d03e62,Adam Berg,adam@xyzdigital.com,2026-08-28T09:39:23-07:00,2026-08-28,9,5,Friday,[AI] Allow lead sessions without verification data,13,12,25,4,0,1
e109ddb9ba0399a25a65ab50b337969000d7aac3,Adam Berg,adam@xyzdigital.com,2026-08-28T09:44:32-07:00,2026-08-28,9,5,Friday,[AI] Track link clicks in automation SMS steps,58,3,61,4,0,1
92dfbf4e411bb4086b17d7d68fe1167d54f94e7b,Adam Berg,adam@xyzdigital.com,2026-08-28T09:54:03-07:00,2026-08-28,9,5,Friday,[AI] Move SMS tracking code to AutomationRun,24,12,36,6,0,1
86bb549c71a7772ffdd35534e64f07b53b1674bd,Adam Berg,adam@xyzdigital.com,2026-08-28T10:29:50-07:00,2026-08-28,10,5,Friday,Small changes,20,5,25,1,0,0
8d1da8c042d3af7e81491bf7c22bf0787fbd879e,Adam Berg,adam@xyzdigital.com,2026-08-28T10:36:11-07:00,2026-08-28,10,5,Friday,[AI] Add Columbus Oct 8/9 city-capture configs with optional external redirect,19,1,20,1,0,1
3b973002ad6997da53979548e41edbfe71547ce9,Adam Berg,adam@xyzdigital.com,2026-08-28T10:43:28-07:00,2026-08-28,10,5,Friday,small updates,2,6,8,1,0,0
0ddcc231f2da946cde2c6186b359be6971ebe1d6,Adam Berg,adam@xyzdigital.com,2026-09-03T09:50:08-07:00,2026-09-03,9,4,Thursday,[AI] Add ability to email QR code of orders matching product filters,692,44,736,13,0,1
7815e5dadd56837b3540a9cb33d9ce01076ba11d,Adam Berg,adam@xyzdigital.com,2026-09-03T09:57:04-07:00,2026-09-03,9,4,Thursday,[AI] Add HTML email template showing orders with details and QR codes,91,0,91,2,0,1
72c44369fa9b5f2b0a1ebcdaba8aa47df3bb88da,Adam Berg,adam@xyzdigital.com,2026-09-03T10:11:27-07:00,2026-09-03,10,4,Thursday,[AI] Move order total to line items table summary row,15,9,24,2,0,1
c4306e073a99fdb34b5f9588c586c0a137899cdb,Adam Berg,adam@xyzdigital.com,2026-09-03T10:22:31-07:00,2026-09-03,10,4,Thursday,[AI] Add personalized recipient preview with Handlebars in email campaign compose review step,385,18,403,4,0,1
23b7e66cf369a0557536e10d14921c342f1dae5b,Adam Berg,adam@xyzdigital.com,2026-09-03T10:38:13-07:00,2026-09-03,10,4,Thursday,[AI] Add /api/orders/:id/qr route and use it for rendering order QR code images,189,65,254,11,0,1
19bf5d8141769cd2d6cc4a64c3e73366ccdeb65f,Adam Berg,adam@xyzdigital.com,2026-09-03T10:48:26-07:00,2026-09-03,10,4,Thursday,[AI] Add POST /api/orders/scan route,73,0,73,3,0,1
c8fb190ee2c956b789f41eb3746e3e684144803b,Adam Berg,adam@xyzdigital.com,2026-09-03T10:52:47-07:00,2026-09-03,10,4,Thursday,[AI] Add order fulfillment and check-in routes,333,0,333,4,0,1
c328570e93bd21021f4f029e950094dbc7e03b5d,Adam Berg,adam@xyzdigital.com,2026-09-03T14:19:59-07:00,2026-09-03,14,4,Thursday,[AI] Include payment key in scanOrder response,1,1,2,1,0,1
d01ae5b95003ad3f8dec17c782eb863490f25dce,Adam Berg,adam@xyzdigital.com,2026-09-03T14:27:26-07:00,2026-09-03,14,4,Thursday,[AI] Filter and populate attendanceStatuses for ticket products in getPayment,18,2,20,3,0,1
c9747d9ed398e7060a9d58bd95d5923a7b5e66a3,Adam Berg,adam@xyzdigital.com,2026-09-03T21:03:05-07:00,2026-09-03,21,4,Thursday,Add meant to be,485,0,485,1,0,0
adb6e7f909d8f7ff484dd2bdde88f8ce73542e4d,Adam Berg,adam@xyzdigital.com,2026-09-03T21:09:28-07:00,2026-09-03,21,4,Thursday,[AI] Replace Meant To Be pre-save with streaming links,103,7,110,1,0,1
13f98fb159e4f970261eb7276042fd831625e595,Adam Berg,adam@xyzdigital.com,2026-09-03T21:10:01-07:00,2026-09-03,21,4,Thursday,[AI] Remove in-page audio player from Meant To Be,0,172,172,1,0,1
ebdafb7afcccc42adb18280fb4aa12aed105109a,Adam Berg,adam@xyzdigital.com,2026-09-03T21:13:18-07:00,2026-09-03,21,4,Thursday,[AI] Use color Apple Music icon on Meant To Be,44,1,45,2,0,1
a93a2a81a8373a3bcace5d2b164d385d82cd1f32,Adam Berg,adam@xyzdigital.com,2026-09-04T10:39:48-07:00,2026-09-04,10,5,Friday,[AI] Add confirmation dialog specifying recipient count before sending email campaign,53,1,54,1,0,1
d526e54b05c6992eb43bd67c3da58a7cc65dd487,Adam Berg,adam@xyzdigital.com,2026-09-04T10:42:40-07:00,2026-09-04,10,5,Friday,[AI] Hide recipients table by default and allow toggling open in campaign editors,58,33,91,1,0,1
8e68952c36d467db3062e9e6a0fa95bb2a0d6f54,Adam Berg,adam@xyzdigital.com,2026-09-14T14:38:47-07:00,2026-09-14,14,1,Monday,[AI] Allow scheduling email campaigns with a sendAt date,316,104,420,14,0,1
e4fdf048e619c5bbe93066f909adceb4a955e755,Adam Berg,adam@xyzdigital.com,2026-09-14T15:27:26-07:00,2026-09-14,15,1,Monday,[AI] Move email campaign send-at picker to the Review step,32,20,52,1,0,1
12002da2947f2ca424c0e8ab2e3c221681d2b425,Adam Berg,adam@xyzdigital.com,2026-09-14T15:38:52-07:00,2026-09-14,15,1,Monday,[AI] Show scheduled email campaign send time in the list,4,2,6,1,0,1
667322547b81f9268bbc5a73a5b400ce1a624ac1,Adam Berg,adam@xyzdigital.com,2026-09-16T13:26:07-07:00,2026-09-16,13,3,Wednesday,[AI] Add artist data zip export script,495,0,495,1,0,1
043e3754f973908026e07b0bbd36101125dc523d,Adam Berg,adam@xyzdigital.com,2026-09-16T13:30:05-07:00,2026-09-16,13,3,Wednesday,[AI] Exclude password from user export,7,1,8,1,0,1
741ad031d1c2d97e06347196dfce69b1fd72b971,Adam Berg,adam@xyzdigital.com,2026-09-18T09:06:14-07:00,2026-09-18,9,5,Friday,[AI] Allow deleting scheduled email campaigns,66,4,70,3,0,1
a11f6a658f753c3113d97338ddb91d6d7319fdd9,Adam Berg,adam@xyzdigital.com,2026-09-30T08:59:16-07:00,2026-09-30,8,3,Wednesday,[AI] Add git activity CSV collector and local dashboard,1076,0,1076,5,0,1
62fa3a22c69732c020b358859205b6007577cc2c,Adam Berg,adam@xyzdigital.com,2026-09-30T09:03:56-07:00,2026-09-30,9,3,Wednesday,"[AI] Add src line, character, and token count script",50,1,51,2,0,1
e761bf358eed0f437cdc4794447d3e5e2f94a856,Adam Berg,adam@xyzdigital.com,2026-09-30T09:06:31-07:00,2026-09-30,9,3,Wednesday,[AI] Add variance to git activity output,54,0,54,2,0,1
00e5dab7ea0e3ad934cb7e4122c644fa28232d50,Adam Berg,adam@xyzdigital.com,2026-09-30T09:08:12-07:00,2026-09-30,9,3,Wednesday,[AI] Keep only commits-per-day standard deviation,2,43,45,2,0,1
e7d589b1157be386ff642fa60d554eb3dbd007a0,Adam Berg,adam@xyzdigital.com,2026-09-30T09:12:34-07:00,2026-09-30,9,3,Wednesday,[AI] Compute commits-per-day stddev on working days,3,3,6,2,0,1
